index,hash,key,description,english value,translated value
1,f4d28104445143ea1360d59654bf098c,"['accountSettingsWindow', 'accountNameRules']",,Account names cannot contain emoji or other special characters,Käyttäjänimet eivät voi sisältää emojeita tai muita erikoisia merkkejä
2,fbee23479b21321a9a6f5b831b77443d,"['accountSettingsWindow', 'accountsText']",Label for a list of multiple account names,Accounts,Tilit
3,deca084efae7e2fb4bdfc3a778d5728c,"['accountSettingsWindow', 'achievementProgressText']",text in the 'account' window showing how many achievements you have,Achievements: ${COUNT} out of ${TOTAL},Tavoitteet: ${COUNT} määrästä ${TOTAL}
4,ccb10d222f6459ebca9cd744de1bfb3c,"['accountSettingsWindow', 'campaignProgressText']",text in the 'account' window showing how far you've progressed in the co-op campaign (on hard mode),Campaign Progress [Hard]: ${PROGRESS},Kampanjaeteneminen [vaikea]: ${PROGRESS}
5,b63380a17508c0bf765f3b0868bc7c3b,"['accountSettingsWindow', 'changeOncePerSeason']",warning shown for values (such as account name) that can only be changed once per season,You can only change this once per season.,Tätä voi muuttaa vain kerran kaudessa.
6,18f09ec3bb1469427da88baa3224ea01,"['accountSettingsWindow', 'changeOncePerSeasonError']",error shown in a user attempts to change something such as an account name that can only be changed once per season,You must wait until next season to change this again (${NUM} days),Sinun täytyy odottaa seuraavaa kautta vaihtaaksesi tämän uudestaan (${NUM} päivää)
7,d41d8cd98f00b204e9800998ecf8427e,"['accountSettingsWindow', 'createAnAccountText']",,Create an Account,Luo tili
8,b6fb8c15af1b4d4f8ddc2eb43ad9bf70,"['accountSettingsWindow', 'customName']",title of an option allowing a user to pick their own name for their account,Custom Name,Mukautettu nimi
9,d41d8cd98f00b204e9800998ecf8427e,"['accountSettingsWindow', 'deleteAccountText']",,Delete Account,Poista tili
10,d41d8cd98f00b204e9800998ecf8427e,"['accountSettingsWindow', 'googlePlayGamesAccountSwitchText']",,"If you want to use a different Google account,
use the Google Play Games app to switch.","Jos haluat käyttää toista Google-tiliä,
käytä Google Play Pelit -sovellusta vaihtaaksesi."
11,420e6f4b7d8606d7d3a7b9aa9417b907,"['accountSettingsWindow', 'linkAccountsEnterCodeText']",Label for a button used to enter an account-linking code (which will link the account to the one that generated the code),Enter Code,Kirjoita koodi
12,b63380a17508c0bf765f3b0868bc7c3b,"['accountSettingsWindow', 'linkAccountsGenerateCodeText']",Label for a button used to generate an account-linking code (which can be entered on another account to link the two together),Generate Code,Luo koodi
13,e971479c23e31a481643438170e93f14,"['accountSettingsWindow', 'linkAccountsInfoText']","Description for account-linking, which lets you share progress and inventory between multiple accounts (on different platforms, etc.)",(share progress across different platforms),(Pidä menestyksesi toisillakin laitteilla)
14,f9ad3486e52ab51983a53bf2210ce062,"['accountSettingsWindow', 'linkAccountsInstructionsNewText']",,"To link two accounts, generate a code on the first
and enter that code on the second.  Data from the
second account will then be shared between both.
(Data from the first account will be lost)

You can link up to ${COUNT} accounts.

IMPORTANT: only link accounts that you own;
If you link with friends’ accounts you will not
be able to play online at the same time.","Yhdistääksesi kaksi käyttäjää, luo koodi ensimmäisellä käyttäjällä ja kirjoita tuo koodi toisella käyttäjällä. Data toiselta käyttäjältä jaetaan molempien välillä. (Data ensimmäiseltä käyttäjältä katoaa)

Pystyt yhdistämään ${COUNT} käyttäjää.

TÄRKEÄÄ: yhdistä vain käyttäjiä jotka omistat; Jos yhdistät käyttäjäsi kaverisi käyttäjän kanssa, et pysty pelaamaan netissä samaan aikaan."
15,5ab37586276a6d4a476d2cfa6124e57f,"['accountSettingsWindow', 'linkAccountsText']","Name for an option to link two accounts together, sharing progress and inventory between them.",Link Accounts,Yhdistä käyttäjät
16,b44f7344ce0db7a20bcbad2da8a4c38f,"['accountSettingsWindow', 'linkedAccountsText']","Title for a list of accounts a player has linked together (account linking allows, for example, connecting a Google Play account to a GameCenter one to share progress)",Linked Accounts:,Yhdistetyt käyttäjät:
17,d41d8cd98f00b204e9800998ecf8427e,"['accountSettingsWindow', 'manageAccountText']",,Manage Account,Hallinnoi tiliä
18,6e352f381ea752d47a962de1a59b146b,"['accountSettingsWindow', 'nameChangeConfirm']",a confirmation that is shown when the user is about to change their account name,Change your account name to ${NAME}?,Vaihda käyttäjäsi nimeksi ${NAME}?
19,78171d535a4ada50792341ac04ff6d13,"['accountSettingsWindow', 'resetProgressConfirmNoAchievementsText']",warning shown when resetting progress on systems that cannot reset achievements (only campaign progress and scores),"This will reset your co-op progress and
local high-scores (but not your tickets).
This cannot be undone. Are you sure?","Tämä nollaa sinun yhteistyö etenemisesi
ja paikalliset ennätykset (muttei lippujasi).
tätä ei voi kumota. Oletko varma?"
20,b4b7c692a2687839de30ed9c18886c31,"['accountSettingsWindow', 'resetProgressConfirmText']","warning shown when resetting progress (achievements, campaign progress, and scores)","This will reset your co-op progress,
achievements, and local high-scores
(but not your tickets). This cannot
be undone. Are you sure?","Tämä nollaa sinun yhteistyö etenemisesi,
saavutuksesi, ja paikalliset ennätykset
(mutta ei lippujasi). Tätä ei voi kumota.
Oletko varma?"
21,185ecff65f3423fa1498942234161805,"['accountSettingsWindow', 'resetProgressText']",title for the button to reset game progress,Reset Progress,Nollaa eteneminen
22,c21163c724d99f5c35db1b8fc200a3b3,"['accountSettingsWindow', 'setAccountName']",label text for the button to change your account name,Set Account Name,Aseta käyttäjänimi
23,798c7e8732cf24ea55239756876e2977,"['accountSettingsWindow', 'setAccountNameDesc']",description shown in the set-account-name window explaining that the user can select one of their linked account names or else set a custom name of their own,"Select the name to display for your account.
You can use the name from one of your linked
accounts or create a unique custom name.","Valitse nimi joka näytetään käyttäjälläsi.
Pystyt käyttämään nimeä yhdeltä yhdistetyistä
käyttäjistäsi tai luo uusi käyttäjänimi."
24,fcd257bf823972127eb27592dfa82aae,"['accountSettingsWindow', 'signingInText']","shown while a sign-in is in progress (to Game-Center, Google Play, etc)",Signing in...,Kirjaudutaan sisään...
25,6c79e1d97b7b55c03bf0689e13a3ec40,"['accountSettingsWindow', 'signingOutText']","shown while a sign-out is in progress (from Game-Center, Google Play, etc)",Signing out...,Kirjaudutaan ulos...
26,d93dd42b0c0e3db9ad8479aefbe6176e,"['accountSettingsWindow', 'signInInfoText']","shown in the account window to describe why you might want to sign in (to GameCenter, Google Play, etc)
Context Image: http://files.froemling.net/translateGuideImages/signInNew.png","Sign in to collect tickets, compete online,
and share progress across devices.","Kirjaudu sisään kerätäksesi lippuja,
taistellaksesi netissä ja jakaaksesi etenemisesi eri laitteilla."
27,634983f425e586cdfe14c715fabae635,"['accountSettingsWindow', 'signInText']","shown on the button to sign in to your account (Game-Center, Google Play, etc)
Context Image: http://files.froemling.net/translateGuideImages/signIn.png",Sign In,Kirjaudu sisään
28,d41d8cd98f00b204e9800998ecf8427e,"['accountSettingsWindow', 'signInWithAnEmailAddressText']",,Sign in with an email address,Kirjaudu sisään sähköpostiosoitteella
29,a31226932bf783fd772bff5b914dfda6,"['accountSettingsWindow', 'signInWithDeviceInfoText']","Describes the device account (a hardware-specific account with a name like Android3044, Mac1433, PC5034, etc.)
Context Image: http://files.froemling.net/translateGuideImages/signInNew.png",(an automatic account only available from this device),(automaattinen käyttäjä ainoastaan käytettävissä tällä laitteella)
30,01903ec73a0bec6a46fa5041de5514be,"['accountSettingsWindow', 'signInWithDeviceText']",,Sign in with device account,Kirjaudu sisään laitteen käyttäjällä
31,d41d8cd98f00b204e9800998ecf8427e,"['accountSettingsWindow', 'signInWithText']",,Sign in with ${SERVICE},Kirjaudu sisään tilillä ${SERVICE}
32,d41d8cd98f00b204e9800998ecf8427e,"['accountSettingsWindow', 'signInWithV2InfoText']",,(an account that works on all platforms),"(tili, joka toimii kaikilla alustoilla)"
33,d41d8cd98f00b204e9800998ecf8427e,"['accountSettingsWindow', 'signInWithV2Text']",,Sign in with a ${APP_NAME} account,Kirjaudu sisään ${APP_NAME}-tilillä
34,7f85aec86e10e76eed96e34b4485e1bd,"['accountSettingsWindow', 'signOutText']","shown on the button to sign out of your account (Game-Center, Google Play, etc)
Context Image: http://files.froemling.net/translateGuideImages/signOut.png",Sign Out,Kirjaudu ulos
35,8470cb94e4fa6dece4d5d6be77eea28b,"['accountSettingsWindow', 'ticketsText']","for showing how many tickets an account has (tickets are BombSquad's in-game currency)
Context Image: http://files.froemling.net/translateGuideImages/signOut.png",Tickets: ${COUNT},Lippuja: ${COUNT}
36,884a1de4d3195f10985afac09db0aa6d,"['accountSettingsWindow', 'titleText']","title for the window that shows your GameCenter / GameCircle /etc info, game progress, etc",Account,Tili
37,d41d8cd98f00b204e9800998ecf8427e,"['accountSettingsWindow', 'unlinkAccountsInstructionsText']",,Select an account to unlink,"Valitse tili, jonka linkitys poistetaan"
38,d41d8cd98f00b204e9800998ecf8427e,"['accountSettingsWindow', 'unlinkAccountsText']",,Unlink Accounts,Poista tilien linkitys
39,d41d8cd98f00b204e9800998ecf8427e,"['accountSettingsWindow', 'unlinkLegacyV1AccountsText']",,Unlink Legacy (V1) Accounts,Poista vanhojen (V1) tilien linkitys
40,d41d8cd98f00b204e9800998ecf8427e,"['accountSettingsWindow', 'v2LinkInstructionsText']","Text above a website link which can be used to create or sign into a new style (v2) BombSqud account
Context Image: http://files.froemling.net/translateGuideImages/v2link.png",Use this link to create an account or sign in.,Käytä tätä linkkiä luodaksesi tilin tai kirjautuaksesi sisään.
41,d41d8cd98f00b204e9800998ecf8427e,"['accountSettingsWindow', 'viaAccount']","when a user is signed in with a custom account name, their custom account name is shown followed by this bit showing the actual account they signed in with.  Example:  ""You are signed in as: MyAwesomeCustomAccountName (via account MyGoogleAccount)""",(via account ${NAME}),(tilin ${NAME} kautta)
42,e5eaeda69b42ef6902d6d3e767b41c2e,"['accountSettingsWindow', 'youAreSignedInAsText']","used at the top of the account window; shows the Game-Center/Google Play/etc account you are using
Context Image: http://files.froemling.net/translateGuideImages/signOut.png",You are signed in as:,Olet kirjautunut käyttäjänä:
43,e71726699ba14ca1b1982552ca10e325,['achievementChallengesText'],title for Game-Center challenges relating to achievements,Achievement Challenges,Palkintohaasteet
44,9c2ffe4c1163bd3a2454af649604fd6e,"['achievements', 'Boom Goes the Dynamite', 'description']",shown in-game when this achievement is not yet complete; does not need to include the level name since it is shown *during* that level,Kill 3 bad guys with TNT,Tapa 3 pahaa tyyppiä TNT:llä
45,a7bddfc93bd36321002641cfce8dab14,"['achievements', 'Boom Goes the Dynamite', 'descriptionComplete']",shown in-game once this achievement has been completed; does not need to include the level name since it is shown *during* that level,Killed 3 bad guys with TNT,Tapettu 3 pahaa tyyppiä TNT:llä
46,725ceed59f917b5108d26cbfe88570a8,"['achievements', 'Boom Goes the Dynamite', 'descriptionFull']",shown in places like GameCenter or GameCircle when this achievement is not yet complete.,Kill 3 bad guys with TNT on ${LEVEL},Tapa 3 pahaa tyyppiä TNT:llä ${LEVEL}
47,9489d495709922392db2e718d830dbd1,"['achievements', 'Boom Goes the Dynamite', 'descriptionFullComplete']",shown in places like GameCenter or GameCircle when this achievement has been completed.,Killed 3 bad guys with TNT on ${LEVEL},Tapettu 3 pahaa tyyppiä TNT:llä ${LEVEL}
48,2177f487b32c38306aff86dcf6f249cf,"['achievements', 'Boom Goes the Dynamite', 'name']",Name of this achievement.,Boom Goes the Dynamite,Räjähdys alkaa dynamiitista
49,9bea4203a1b8ea395f579c5f5535ef59,"['achievements', 'Boxer', 'description']",shown in-game when this achievement is not yet complete; does not need to include the level name since it is shown *during* that level,Win without using any bombs,Voita ilman pommeja
50,0f9206cc6c26331ac5233da4ed072e06,"['achievements', 'Boxer', 'descriptionComplete']",shown in-game once this achievement has been completed; does not need to include the level name since it is shown *during* that level,Won without using any bombs,Voitettu ilman pommeja
51,fc099165872b933580234eb335d93f66,"['achievements', 'Boxer', 'descriptionFull']",shown in places like GameCenter or GameCircle when this achievement is not yet complete.,Complete ${LEVEL} without using any bombs,Suorita taso ${LEVEL} ilman pommeja
52,0148404faec4109a397ac01570a3f6b6,"['achievements', 'Boxer', 'descriptionFullComplete']",shown in places like GameCenter or GameCircle when this achievement has been completed.,Completed ${LEVEL} without using any bombs,Suoritettu taso ${LEVEL} ilman pommeja
53,32ba7e3465485370e10be35d120dfe45,"['achievements', 'Boxer', 'name']",Name of this achievement.,Boxer,Nyrkkeilijä
54,d41d8cd98f00b204e9800998ecf8427e,"['achievements', 'Dual Wielding', 'descriptionFull']",shown in places like GameCenter or GameCircle when this achievement is not yet complete.,Connect 2 controllers (hardware or app),Yhdistä 2 ohjainta (laitteisto tai sovellus)
55,d41d8cd98f00b204e9800998ecf8427e,"['achievements', 'Dual Wielding', 'descriptionFullComplete']",shown in places like GameCenter or GameCircle when this achievement has been completed.,Connected 2 controllers (hardware or app),Yhdistetty 2 ohjainta (laitteisto tai sovellus)
56,d41d8cd98f00b204e9800998ecf8427e,"['achievements', 'Dual Wielding', 'name']",Name of this achievement.,Dual Wielding,Kaksoiskäyttö
57,f354bdeabe0292086be4af667bf3d825,"['achievements', 'Flawless Victory', 'description']",shown in-game when this achievement is not yet complete; does not need to include the level name since it is shown *during* that level,Win without getting hit,Voita ilman vihollisen osumaa
58,2f5a40843824b0c34d7c470d00593a59,"['achievements', 'Flawless Victory', 'descriptionComplete']",shown in-game once this achievement has been completed; does not need to include the level name since it is shown *during* that level,Won without getting hit,Voitettu ilman vihollisen osumaa
59,2b9bf647897c6c08130d21edf43e982d,"['achievements', 'Flawless Victory', 'descriptionFull']",shown in places like GameCenter or GameCircle when this achievement is not yet complete.,Win ${LEVEL} without getting hit,Voita taso ${LEVEL} ilman vihollisen osumaa
60,d0fad7a3ec431a31bc2fab00efaeabf1,"['achievements', 'Flawless Victory', 'descriptionFullComplete']",shown in places like GameCenter or GameCircle when this achievement has been completed.,Won ${LEVEL} without getting hit,Voitettu taso ${LEVEL} ilman vihollisen osumaa
61,dc7a2de4cc32b5f204d5d65faa9a0b38,"['achievements', 'Flawless Victory', 'name']",Name of this achievement.,Flawless Victory,Vahingoton voitto
62,d41d8cd98f00b204e9800998ecf8427e,"['achievements', 'Free Loader', 'descriptionFull']",shown in places like GameCenter or GameCircle when this achievement is not yet complete.,Start a Free-For-All game with 2+ players,Aloita ilmainen kaikille -peli 2+ pelaajalla
63,d41d8cd98f00b204e9800998ecf8427e,"['achievements', 'Free Loader', 'descriptionFullComplete']",shown in places like GameCenter or GameCircle when this achievement has been completed.,Started a Free-For-All game with 2+ players,Aloitti Free-For-All-pelin 2+ pelaajalla
64,d41d8cd98f00b204e9800998ecf8427e,"['achievements', 'Free Loader', 'name']",Name of this achievement.,Free Loader,Ilmainen latauslaite
65,3e9cd9c73b093fe8de0df490a4bdb23d,"['achievements', 'Gold Miner', 'description']",shown in-game when this achievement is not yet complete; does not need to include the level name since it is shown *during* that level,Kill 6 bad guys with land-mines,Tapa 6 pahaa tyyppiä maamiinoilla
66,d2433e0200eaaae9c3e4b40e33c86ebe,"['achievements', 'Gold Miner', 'descriptionComplete']",shown in-game once this achievement has been completed; does not need to include the level name since it is shown *during* that level,Killed 6 bad guys with land-mines,Tapettu 6 pahaa tyyppiä maamiinoilla
67,bc43daa1307a9930af0e77ae429e29fe,"['achievements', 'Gold Miner', 'descriptionFull']",shown in places like GameCenter or GameCircle when this achievement is not yet complete.,Kill 6 bad guys with land-mines on ${LEVEL},Tapa 6 pahaa tyyppiä maamiinoilla tasolla ${LEVEL}
68,a2d9316c3ad260c358a81537d1467922,"['achievements', 'Gold Miner', 'descriptionFullComplete']",shown in places like GameCenter or GameCircle when this achievement has been completed.,Killed 6 bad guys with land-mines on ${LEVEL},Tapettu 6 pahaa tyyppiä maamiinoilla tasolla ${LEVEL}
69,4e3ffd55cd6887784751e4a11a8c1eef,"['achievements', 'Gold Miner', 'name']",Name of this achievement.,Gold Miner,Kullankaivaja
70,dd450e3ba3cd54294787132729215b82,"['achievements', 'Got the Moves', 'description']",shown in-game when this achievement is not yet complete; does not need to include the level name since it is shown *during* that level,Win without using punches or bombs,Voita ilman nyrkkejä tai pommeja
71,afe23ad9633dd036aa7b785ce8a5fcb4,"['achievements', 'Got the Moves', 'descriptionComplete']",shown in-game once this achievement has been completed; does not need to include the level name since it is shown *during* that level,Won without using punches or bombs,Voitettu ilman nyrkkejä tai pommeja
72,1ec10436b36e743dac9522f0df3e29aa,"['achievements', 'Got the Moves', 'descriptionFull']",shown in places like GameCenter or GameCircle when this achievement is not yet complete.,Win ${LEVEL} without any punches or bombs,Voita taso ${LEVEL} ilman nyrkkejä tai pommeja
73,ca6364f8e7d1c0fe81073ea6fb02b471,"['achievements', 'Got the Moves', 'descriptionFullComplete']",shown in places like GameCenter or GameCircle when this achievement has been completed.,Won ${LEVEL} without any punches or bombs,Voitettu taso ${LEVEL} ilman nyrkkejä tai pommeja
74,e331ce75fdc0867990fb8becd569e84a,"['achievements', 'Got the Moves', 'name']",Name of this achievement.,Got the Moves,Ymmärsin liikkeet
75,d41d8cd98f00b204e9800998ecf8427e,"['achievements', 'In Control', 'descriptionFull']",shown in places like GameCenter or GameCircle when this achievement is not yet complete.,Connect a controller (hardware or app),Yhdistä ohjain (laitteisto tai sovellus)
76,d41d8cd98f00b204e9800998ecf8427e,"['achievements', 'In Control', 'descriptionFullComplete']",shown in places like GameCenter or GameCircle when this achievement has been completed.,Connected a controller. (hardware or app),Ohjain liitetty. (laitteisto tai sovellus)
77,d41d8cd98f00b204e9800998ecf8427e,"['achievements', 'In Control', 'name']",Name of this achievement.,In Control,Ohjauksessa
78,2258d63365202511eb3429bdda06c32f,"['achievements', 'Last Stand God', 'description']",shown in-game when this achievement is not yet complete; does not need to include the level name since it is shown *during* that level,Score 1000 points,Kerää 1000 pistettä
79,6b7f6b8b0f764e34bd32278873309658,"['achievements', 'Last Stand God', 'descriptionComplete']",shown in-game once this achievement has been completed; does not need to include the level name since it is shown *during* that level,Scored 1000 points,Kerätty 1000 pistettä
80,b4306231030650c67476d2a593e776d1,"['achievements', 'Last Stand God', 'descriptionFull']",shown in places like GameCenter or GameCircle when this achievement is not yet complete.,Score 1000 points on ${LEVEL},Kerää 1000 pistettä tasolla ${LEVEL}
81,412bb5a1add089c5551792424f35818e,"['achievements', 'Last Stand God', 'descriptionFullComplete']",shown in places like GameCenter or GameCircle when this achievement has been completed.,Scored 1000 points on ${LEVEL},Kerätty 1000 pistettä tasolla ${LEVEL}
82,653113e721fb87fb8518072216edfa96,"['achievements', 'Last Stand God', 'name']",Name of this achievement.,${LEVEL} God,${LEVEL} Jumala
83,2acf736fa4798706117a83bd919c0ab8,"['achievements', 'Last Stand Master', 'description']",shown in-game when this achievement is not yet complete; does not need to include the level name since it is shown *during* that level,Score 250 points,Kerää 250 pistettä
84,01bb71dcc3f20e99c0679a3f766efca5,"['achievements', 'Last Stand Master', 'descriptionComplete']",shown in-game once this achievement has been completed; does not need to include the level name since it is shown *during* that level,Scored 250 points,Kerätty 250 pistettä
85,b6b66028651486559060cd04b873ca6b,"['achievements', 'Last Stand Master', 'descriptionFull']",shown in places like GameCenter or GameCircle when this achievement is not yet complete.,Score 250 points on ${LEVEL},Kerää 250 pistettä tasolla ${LEVEL}
86,770da3da8bc964103a88c40474082c63,"['achievements', 'Last Stand Master', 'descriptionFullComplete']",shown in places like GameCenter or GameCircle when this achievement has been completed.,Scored 250 points on ${LEVEL},Kerätty 250 pistettä tasolla ${LEVEL}
87,55aa9eb13a7f85f4cf3b765b2dab33e9,"['achievements', 'Last Stand Master', 'name']",Name of this achievement.,${LEVEL} Master,${LEVEL} Mestari
88,6ea62c48d482a9ca49490f3f466fed22,"['achievements', 'Last Stand Wizard', 'description']",shown in-game when this achievement is not yet complete; does not need to include the level name since it is shown *during* that level,Score 500 points,Kerää 500 pistettä
89,49a71769931b8bc41ef04b6c518d49e9,"['achievements', 'Last Stand Wizard', 'descriptionComplete']",shown in-game once this achievement has been completed; does not need to include the level name since it is shown *during* that level,Scored 500 points,Kerätty 500 pistettä
90,c967434fbf6781b7c0ee22191dd390c6,"['achievements', 'Last Stand Wizard', 'descriptionFull']",shown in places like GameCenter or GameCircle when this achievement is not yet complete.,Score 500 points on ${LEVEL},Kerää 500 pistettä tasolla ${LEVEL}
91,13e1edd4b5d47506e618172f78b4c6c5,"['achievements', 'Last Stand Wizard', 'descriptionFullComplete']",shown in places like GameCenter or GameCircle when this achievement has been completed.,Scored 500 points on ${LEVEL},Kerätty 500 pistettä tasolla ${LEVEL}
92,4a11a9ad19e3165181f6c268ad4118e8,"['achievements', 'Last Stand Wizard', 'name']",Name of this achievement.,${LEVEL} Wizard,${LEVEL} Velho
93,5f178bc2a2d83b8fa41e77b6e8d754b8,"['achievements', 'Mine Games', 'description']",shown in-game when this achievement is not yet complete; does not need to include the level name since it is shown *during* that level,Kill 3 bad guys with land-mines,Tapa 3 pahaa tyyppiä maamiinoilla
94,7ba134378a6e17b64e3eb3829eed92f4,"['achievements', 'Mine Games', 'descriptionComplete']",shown in-game once this achievement has been completed; does not need to include the level name since it is shown *during* that level,Killed 3 bad guys with land-mines,Tapettu 3 pahaa tyyppiä maamiinoilla
95,b6f10ee5699cf6d586f1bae83c630a37,"['achievements', 'Mine Games', 'descriptionFull']",shown in places like GameCenter or GameCircle when this achievement is not yet complete.,Kill 3 bad guys with land-mines on ${LEVEL},Tapa 3 pahaa tyyppiä maamiinoilla tasolla ${LEVEL}
96,f75f7029cc56f971713c853bd9d9929b,"['achievements', 'Mine Games', 'descriptionFullComplete']",shown in places like GameCenter or GameCircle when this achievement has been completed.,Killed 3 bad guys with land-mines on ${LEVEL},Tapettu 3 pahaa tyyppiä tasolla ${LEVEL}
97,1b1b2dc24d7ab0cee5d9db5e2aa2f615,"['achievements', 'Mine Games', 'name']",Name of this achievement.,Mine Games,Miinapelit
98,f2a29a6f6bdc10ad0b2ad1e81f244d29,"['achievements', 'Off You Go Then', 'description']",shown in-game when this achievement is not yet complete; does not need to include the level name since it is shown *during* that level,Toss 3 bad guys off the map,Nakkaa 3 pahaa tyyppiä ulos kartalta
99,a090df11876611e49bd4318fa731d7aa,"['achievements', 'Off You Go Then', 'descriptionComplete']",shown in-game once this achievement has been completed; does not need to include the level name since it is shown *during* that level,Tossed 3 bad guys off the map,Nakattu 3 pahaa tyyppiä pois kartalta
100,f232d38a3646c4eb9a009086938abb44,"['achievements', 'Off You Go Then', 'descriptionFull']",shown in places like GameCenter or GameCircle when this achievement is not yet complete.,Toss 3 bad guys off the map in ${LEVEL},Nakkaa 3 pahaa tyyppiä ulos kartalta tasolla ${LEVEL}
101,0e14e156f86e4666022569a8f8255eb9,"['achievements', 'Off You Go Then', 'descriptionFullComplete']",shown in places like GameCenter or GameCircle when this achievement has been completed.,Tossed 3 bad guys off the map in ${LEVEL},Nakattu 3 pahaa tyyppiä ulos kartalta tasolla ${LEVEL}
102,b1f657c2b766ea1aaa9aff76baada3e7,"['achievements', 'Off You Go Then', 'name']",Name of this achievement.,Off You Go Then,Hei hei
103,8dccb89854db365ad27fbd1b4850e511,"['achievements', 'Onslaught God', 'description']",shown in-game when this achievement is not yet complete; does not need to include the level name since it is shown *during* that level,Score 5000 points,Kerää 5000 pistettä
104,7ffde2924957e7259803721b9e6f57ac,"['achievements', 'Onslaught God', 'descriptionComplete']",shown in-game once this achievement has been completed; does not need to include the level name since it is shown *during* that level,Scored 5000 points,Kerätty 5000 pistettä
105,7fa2dc63d92cd92550f87e4a043923f6,"['achievements', 'Onslaught God', 'descriptionFull']",shown in places like GameCenter or GameCircle when this achievement is not yet complete.,Score 5000 points on ${LEVEL},Kerää 5000 pistettä tasolla ${LEVEL}
106,d1fdf3a788512699a394c73905a07716,"['achievements', 'Onslaught God', 'descriptionFullComplete']",shown in places like GameCenter or GameCircle when this achievement has been completed.,Scored 5000 points on ${LEVEL},Kerätty 5000 pistettä tasolla ${LEVEL}
107,653113e721fb87fb8518072216edfa96,"['achievements', 'Onslaught God', 'name']",Name of this achievement.,${LEVEL} God,${LEVEL} Jumala
108,6ea62c48d482a9ca49490f3f466fed22,"['achievements', 'Onslaught Master', 'description']",shown in-game when this achievement is not yet complete; does not need to include the level name since it is shown *during* that level,Score 500 points,Kerää 500 pistettä
109,49a71769931b8bc41ef04b6c518d49e9,"['achievements', 'Onslaught Master', 'descriptionComplete']",shown in-game once this achievement has been completed; does not need to include the level name since it is shown *during* that level,Scored 500 points,Kerätty 500 pistettä
110,c967434fbf6781b7c0ee22191dd390c6,"['achievements', 'Onslaught Master', 'descriptionFull']",shown in places like GameCenter or GameCircle when this achievement is not yet complete.,Score 500 points on ${LEVEL},Kerää 500 pistettä tasolla ${LEVEL}
111,13e1edd4b5d47506e618172f78b4c6c5,"['achievements', 'Onslaught Master', 'descriptionFullComplete']",shown in places like GameCenter or GameCircle when this achievement has been completed.,Scored 500 points on ${LEVEL},Kerätty 500 pistettä tasolla ${LEVEL}
112,55aa9eb13a7f85f4cf3b765b2dab33e9,"['achievements', 'Onslaught Master', 'name']",Name of this achievement.,${LEVEL} Master,${LEVEL} Mestari
113,d1bd9cbc0bb67aff2b9f637847522319,"['achievements', 'Onslaught Training Victory', 'description']",shown in-game when this achievement is not yet complete; does not need to include the level name since it is shown *during* that level,Defeat all waves,Voita kaikki aallot
114,d7efa934811ef806b19d0fe0e5b69deb,"['achievements', 'Onslaught Training Victory', 'descriptionComplete']",shown in-game once this achievement has been completed; does not need to include the level name since it is shown *during* that level,Defeated all waves,Voitettu kaikki aallot
115,52ec2b062d4715ab996693e002f04139,"['achievements', 'Onslaught Training Victory', 'descriptionFull']",shown in places like GameCenter or GameCircle when this achievement is not yet complete.,Defeat all waves in ${LEVEL},Voita kaikki aallot tasolla ${LEVEL}
116,d5fe88fa4f9fdae597f50f5c23c062d7,"['achievements', 'Onslaught Training Victory', 'descriptionFullComplete']",shown in places like GameCenter or GameCircle when this achievement has been completed.,Defeated all waves in ${LEVEL},Voitettu kaikki aallot tasolla ${LEVEL}
117,3219d38f9ed8b038fa096375806b66cf,"['achievements', 'Onslaught Training Victory', 'name']",Name of this achievement.,${LEVEL} Victory,${LEVEL} Voitto
118,2258d63365202511eb3429bdda06c32f,"['achievements', 'Onslaught Wizard', 'description']",shown in-game when this achievement is not yet complete; does not need to include the level name since it is shown *during* that level,Score 1000 points,Kerää 1000 pistettä
119,6b7f6b8b0f764e34bd32278873309658,"['achievements', 'Onslaught Wizard', 'descriptionComplete']",shown in-game once this achievement has been completed; does not need to include the level name since it is shown *during* that level,Scored 1000 points,Kerätty 1000 pistettä
120,b4306231030650c67476d2a593e776d1,"['achievements', 'Onslaught Wizard', 'descriptionFull']",shown in places like GameCenter or GameCircle when this achievement is not yet complete.,Score 1000 points in ${LEVEL},Kerää 1000 pistettä tasolla ${LEVEL}
121,412bb5a1add089c5551792424f35818e,"['achievements', 'Onslaught Wizard', 'descriptionFullComplete']",shown in places like GameCenter or GameCircle when this achievement has been completed.,Scored 1000 points in ${LEVEL},Kerätty 1000 pistettä tasolla ${LEVEL}
122,4a11a9ad19e3165181f6c268ad4118e8,"['achievements', 'Onslaught Wizard', 'name']",Name of this achievement.,${LEVEL} Wizard,${LEVEL} Velho
123,ae01bd6d2065e04041794058f28db2dc,"['achievements', 'Precision Bombing', 'description']",shown in-game when this achievement is not yet complete; does not need to include the level name since it is shown *during* that level,Win without any powerups,Voita ilman lisävoimia
124,6bd13b97bfb17149decf1c2e198867d3,"['achievements', 'Precision Bombing', 'descriptionComplete']",shown in-game once this achievement has been completed; does not need to include the level name since it is shown *during* that level,Won without any powerups,Voitettu ilman lisävoimia
125,7f69e5f8dab9f5a1a804f73fe7105643,"['achievements', 'Precision Bombing', 'descriptionFull']",shown in places like GameCenter or GameCircle when this achievement is not yet complete.,Win ${LEVEL} without any power-ups,Voita taso ${LEVEL} ilman lisävoimia
126,17d7cf5509a326e0bb97d1bb29f78e8c,"['achievements', 'Precision Bombing', 'descriptionFullComplete']",shown in places like GameCenter or GameCircle when this achievement has been completed.,Won ${LEVEL} without any power-ups,Voitettu taso ${LEVEL} ilman lisävoimia
127,9ebb9c75979ab1291d454a93529c6db5,"['achievements', 'Precision Bombing', 'name']",Name of this achievement.,Precision Bombing,Tarkkuuspommitusta
128,9bea4203a1b8ea395f579c5f5535ef59,"['achievements', 'Pro Boxer', 'description']",shown in-game when this achievement is not yet complete; does not need to include the level name since it is shown *during* that level,Win without using any bombs,Voita ilman pommeja
129,0f9206cc6c26331ac5233da4ed072e06,"['achievements', 'Pro Boxer', 'descriptionComplete']",shown in-game once this achievement has been completed; does not need to include the level name since it is shown *during* that level,Won without using any bombs,Voitettu ilman pommeja
130,fc099165872b933580234eb335d93f66,"['achievements', 'Pro Boxer', 'descriptionFull']",shown in places like GameCenter or GameCircle when this achievement is not yet complete.,Complete ${LEVEL} without using any bombs,Suorita taso ${LEVEL} ilman pommeja
131,0148404faec4109a397ac01570a3f6b6,"['achievements', 'Pro Boxer', 'descriptionFullComplete']",shown in places like GameCenter or GameCircle when this achievement has been completed.,Completed ${LEVEL} without using any bombs,Suoritettu taso ${LEVEL} ilman pommeja
132,dee6dfb591da1c5a95af3763f4270aa7,"['achievements', 'Pro Boxer', 'name']",Name of this achievement.,Pro Boxer,Supernyrkkeilijä
133,29e7ec4c328dadc22425003ae53879f3,"['achievements', 'Pro Football Shutout', 'description']",shown in-game when this achievement is not yet complete; does not need to include the level name since it is shown *during* that level,Win without letting the bad guys score,Voita ilman että pahat tyypit saavat pistetitä
134,66f170760752e41994e7851e2ebc3eea,"['achievements', 'Pro Football Shutout', 'descriptionComplete']",shown in-game once this achievement has been completed; does not need to include the level name since it is shown *during* that level,Won without letting the bad guys score,Voitettu ilman että pahat tyypit saavat pisteitä
135,0aee771dc9b819c813c5a050fcaac61c,"['achievements', 'Pro Football Shutout', 'descriptionFull']",shown in places like GameCenter or GameCircle when this achievement is not yet complete.,Win ${LEVEL} without letting the bad guys score,Voita taso ${LEVEL} ilman että pahat tyypit saavat pisteitä
136,10d60e2dadcba2d6c0bc730ad4f05957,"['achievements', 'Pro Football Shutout', 'descriptionFullComplete']",shown in places like GameCenter or GameCircle when this achievement has been completed.,Won ${LEVEL} without letting the bad guys score,Voitettu taso ${LEVEL} ilman että pahat tyypit saavat pisteitä
137,a2b6f7a42606a593d17b5541a75da474,"['achievements', 'Pro Football Shutout', 'name']",Name of this achievement.,${LEVEL} Shutout,${LEVEL} Pidä nolla
138,732ce9bbaa46b1cee13ded30a75f2080,"['achievements', 'Pro Football Victory', 'description']",shown in-game when this achievement is not yet complete; does not need to include the level name since it is shown *during* that level,Win the game,Voita ottelu
139,bf16e882dd654b70f19ae4b71bd60d09,"['achievements', 'Pro Football Victory', 'descriptionComplete']",shown in-game once this achievement has been completed; does not need to include the level name since it is shown *during* that level,Won the game,Voitettu ottelu
140,1ec9f0ba09b26487070d05097ec12023,"['achievements', 'Pro Football Victory', 'descriptionFull']",shown in places like GameCenter or GameCircle when this achievement is not yet complete.,Win the game in ${LEVEL},Voita ottelu tasolla ${LEVEL}
141,7c7aa3e0d6c70f9a908ab0f25c264727,"['achievements', 'Pro Football Victory', 'descriptionFullComplete']",shown in places like GameCenter or GameCircle when this achievement has been completed.,Won the game in ${LEVEL},Voitettu ottelu tasolla ${LEVEL}
142,3219d38f9ed8b038fa096375806b66cf,"['achievements', 'Pro Football Victory', 'name']",Name of this achievement.,${LEVEL} Victory,${LEVEL} Voitto
143,d1bd9cbc0bb67aff2b9f637847522319,"['achievements', 'Pro Onslaught Victory', 'description']",shown in-game when this achievement is not yet complete; does not need to include the level name since it is shown *during* that level,Defeat all waves,Voita kaikki aallot
144,d7efa934811ef806b19d0fe0e5b69deb,"['achievements', 'Pro Onslaught Victory', 'descriptionComplete']",shown in-game once this achievement has been completed; does not need to include the level name since it is shown *during* that level,Defeated all waves,Voitettu kaikki aallot
145,4112610bad4dfff920084d6a8d2c56cc,"['achievements', 'Pro Onslaught Victory', 'descriptionFull']",shown in places like GameCenter or GameCircle when this achievement is not yet complete.,Defeat all waves of ${LEVEL},Voita kaikki aallot tasolta ${LEVEL}
146,d5f31fbecd94ae877cca09fb5c04f4e0,"['achievements', 'Pro Onslaught Victory', 'descriptionFullComplete']",shown in places like GameCenter or GameCircle when this achievement has been completed.,Defeated all waves of ${LEVEL},Voitettu kaikki aallot tasolta ${LEVEL}
147,3219d38f9ed8b038fa096375806b66cf,"['achievements', 'Pro Onslaught Victory', 'name']",Name of this achievement.,${LEVEL} Victory,${LEVEL} Voitto
148,85a3331ca887c98421eb9c5b4433b77d,"['achievements', 'Pro Runaround Victory', 'description']",shown in-game when this achievement is not yet complete; does not need to include the level name since it is shown *during* that level,Complete all waves,Suorita kaikki aallot
149,5bc0e0b41688ff8468cb1508ae307cab,"['achievements', 'Pro Runaround Victory', 'descriptionComplete']",shown in-game once this achievement has been completed; does not need to include the level name since it is shown *during* that level,Completed all waves,Suoritettu kaikki aallot
150,ed351ee0e5938464d9b68225e5da3c6e,"['achievements', 'Pro Runaround Victory', 'descriptionFull']",shown in places like GameCenter or GameCircle when this achievement is not yet complete.,Complete all waves on ${LEVEL},Suorita kaikki aallot tasolla ${LEVEL}
151,468aba702f7e8fc54df63e3f943f28e3,"['achievements', 'Pro Runaround Victory', 'descriptionFullComplete']",shown in places like GameCenter or GameCircle when this achievement has been completed.,Completed all waves on ${LEVEL},Suoritettu kaikki aallot tasolla ${LEVEL}
152,3219d38f9ed8b038fa096375806b66cf,"['achievements', 'Pro Runaround Victory', 'name']",Name of this achievement.,${LEVEL} Victory,${LEVEL} Voitto
153,0a02414eab380405d31b4033bf03db3c,"['achievements', 'Rookie Football Shutout', 'description']",shown in-game when this achievement is not yet complete; does not need to include the level name since it is shown *during* that level,Win without letting the bad guys score,Voita ilman että pahat tyypit saavat pisteitä
154,66f170760752e41994e7851e2ebc3eea,"['achievements', 'Rookie Football Shutout', 'descriptionComplete']",shown in-game once this achievement has been completed; does not need to include the level name since it is shown *during* that level,Won without letting the bad guys score,Voitettu ilman että pahat tyypit saavat pisteitä
155,0aee771dc9b819c813c5a050fcaac61c,"['achievements', 'Rookie Football Shutout', 'descriptionFull']",shown in places like GameCenter or GameCircle when this achievement is not yet complete.,Win ${LEVEL} without letting the bad guys score,Voita taso ${LEVEL} ilman että pahat tyypit saavat pisteitä
156,10d60e2dadcba2d6c0bc730ad4f05957,"['achievements', 'Rookie Football Shutout', 'descriptionFullComplete']",shown in places like GameCenter or GameCircle when this achievement has been completed.,Won ${LEVEL} without letting the bad guys score,Voitettu taso ${LEVEL} ilman että pahat tyypit saavat pisteitä
157,a2b6f7a42606a593d17b5541a75da474,"['achievements', 'Rookie Football Shutout', 'name']",Name of this achievement.,${LEVEL} Shutout,${LEVEL} Pidä nolla
158,732ce9bbaa46b1cee13ded30a75f2080,"['achievements', 'Rookie Football Victory', 'description']",shown in-game when this achievement is not yet complete; does not need to include the level name since it is shown *during* that level,Win the game,Voita ottelu
159,bf16e882dd654b70f19ae4b71bd60d09,"['achievements', 'Rookie Football Victory', 'descriptionComplete']",shown in-game once this achievement has been completed; does not need to include the level name since it is shown *during* that level,Won the game,Voitettu ottelu
160,1ec9f0ba09b26487070d05097ec12023,"['achievements', 'Rookie Football Victory', 'descriptionFull']",shown in places like GameCenter or GameCircle when this achievement is not yet complete.,Win the game in ${LEVEL},Voita ottelu tasolla ${LEVEL}
161,7c7aa3e0d6c70f9a908ab0f25c264727,"['achievements', 'Rookie Football Victory', 'descriptionFullComplete']",shown in places like GameCenter or GameCircle when this achievement has been completed.,Won the game in ${LEVEL},Voitettu ottelu tasolla ${LEVEL}
162,3219d38f9ed8b038fa096375806b66cf,"['achievements', 'Rookie Football Victory', 'name']",Name of this achievement.,${LEVEL} Victory,${LEVEL} Voitto
163,d1bd9cbc0bb67aff2b9f637847522319,"['achievements', 'Rookie Onslaught Victory', 'description']",shown in-game when this achievement is not yet complete; does not need to include the level name since it is shown *during* that level,Defeat all waves,Voita kaikki aallot
164,d7efa934811ef806b19d0fe0e5b69deb,"['achievements', 'Rookie Onslaught Victory', 'descriptionComplete']",shown in-game once this achievement has been completed; does not need to include the level name since it is shown *during* that level,Defeated all waves,Voitettu kaikki aallot
165,52ec2b062d4715ab996693e002f04139,"['achievements', 'Rookie Onslaught Victory', 'descriptionFull']",shown in places like GameCenter or GameCircle when this achievement is not yet complete.,Defeat all waves in ${LEVEL},Voita kaikki aallot tasolla ${LEVEL}
166,d5fe88fa4f9fdae597f50f5c23c062d7,"['achievements', 'Rookie Onslaught Victory', 'descriptionFullComplete']",shown in places like GameCenter or GameCircle when this achievement has been completed.,Defeated all waves in ${LEVEL},Voitettu kaikki aallot tasolla ${LEVEL}
167,3219d38f9ed8b038fa096375806b66cf,"['achievements', 'Rookie Onslaught Victory', 'name']",Name of this achievement.,${LEVEL} Victory,${LEVEL} Voitto
168,2e860d614ddbfd74b9417bdd65d96d9d,"['achievements', 'Runaround God', 'description']",shown in-game when this achievement is not yet complete; does not need to include the level name since it is shown *during* that level,Score 2000 points,Kerää 2000 pistettä
169,cdf5793f0fed60098befbff2f5b0a94f,"['achievements', 'Runaround God', 'descriptionComplete']",shown in-game once this achievement has been completed; does not need to include the level name since it is shown *during* that level,Scored 2000 points,Kerätty 2000 pistettä
170,e8528823a9cee621f9246202b1b9dbb9,"['achievements', 'Runaround God', 'descriptionFull']",shown in places like GameCenter or GameCircle when this achievement is not yet complete.,Score 2000 points on ${LEVEL},Kerää 2000 pistettä tasolla ${LEVEL}
171,15492d415862e11c230201961f7f2fa0,"['achievements', 'Runaround God', 'descriptionFullComplete']",shown in places like GameCenter or GameCircle when this achievement has been completed.,Scored 2000 points on ${LEVEL},Kerätty 2000 pistettä tasolla ${LEVEL}
172,653113e721fb87fb8518072216edfa96,"['achievements', 'Runaround God', 'name']",Name of this achievement.,${LEVEL} God,${LEVEL} Jumala
173,6ea62c48d482a9ca49490f3f466fed22,"['achievements', 'Runaround Master', 'description']",shown in-game when this achievement is not yet complete; does not need to include the level name since it is shown *during* that level,Score 500 points,Kerää 500 pistettä
174,49a71769931b8bc41ef04b6c518d49e9,"['achievements', 'Runaround Master', 'descriptionComplete']",shown in-game once this achievement has been completed; does not need to include the level name since it is shown *during* that level,Scored 500 points,Kerätty 500 pistettä
175,c967434fbf6781b7c0ee22191dd390c6,"['achievements', 'Runaround Master', 'descriptionFull']",shown in places like GameCenter or GameCircle when this achievement is not yet complete.,Score 500 points in ${LEVEL},Kerää 500 pistettä tasolla ${LEVEL}
176,13e1edd4b5d47506e618172f78b4c6c5,"['achievements', 'Runaround Master', 'descriptionFullComplete']",shown in places like GameCenter or GameCircle when this achievement has been completed.,Scored 500 points in ${LEVEL},Kerätty 500 pistettä tasolla ${LEVEL}
177,55aa9eb13a7f85f4cf3b765b2dab33e9,"['achievements', 'Runaround Master', 'name']",Name of this achievement.,${LEVEL} Master,${LEVEL} Mestari
178,2258d63365202511eb3429bdda06c32f,"['achievements', 'Runaround Wizard', 'description']",shown in-game when this achievement is not yet complete; does not need to include the level name since it is shown *during* that level,Score 1000 points,Kerää 1000 pistettä
179,6b7f6b8b0f764e34bd32278873309658,"['achievements', 'Runaround Wizard', 'descriptionComplete']",shown in-game once this achievement has been completed; does not need to include the level name since it is shown *during* that level,Scored 1000 points,Kerätty 1000 pistettä
180,b4306231030650c67476d2a593e776d1,"['achievements', 'Runaround Wizard', 'descriptionFull']",shown in places like GameCenter or GameCircle when this achievement is not yet complete.,Score 1000 points on ${LEVEL},Kerää 1000 pistettä tasolla ${LEVEL}
181,412bb5a1add089c5551792424f35818e,"['achievements', 'Runaround Wizard', 'descriptionFullComplete']",shown in places like GameCenter or GameCircle when this achievement has been completed.,Scored 1000 points on ${LEVEL},Kerätty 1000 pistettä tasolla ${LEVEL}
182,4a11a9ad19e3165181f6c268ad4118e8,"['achievements', 'Runaround Wizard', 'name']",Name of this achievement.,${LEVEL} Wizard,${LEVEL} Velho
183,d41d8cd98f00b204e9800998ecf8427e,"['achievements', 'Sharing is Caring', 'descriptionFull']",shown in places like GameCenter or GameCircle when this achievement is not yet complete.,Successfully share the game with a friend,Pelin jakaminen ystävän kanssa onnistui
184,d41d8cd98f00b204e9800998ecf8427e,"['achievements', 'Sharing is Caring', 'descriptionFullComplete']",shown in places like GameCenter or GameCircle when this achievement has been completed.,Successfully shared the game with a friend,Pelin jakaminen ystävän kanssa onnistui
185,d41d8cd98f00b204e9800998ecf8427e,"['achievements', 'Sharing is Caring', 'name']",Name of this achievement.,Sharing is Caring,Jakaminen on välittämistä
186,cd6f47955457a51e48eec120a4276645,"['achievements', ""Stayin' Alive"", 'description']",shown in-game when this achievement is not yet complete; does not need to include the level name since it is shown *during* that level,Win without dying,Voita ilman kuolemaa
187,09e7c4047a1024ee8e6a2ed75924be9d,"['achievements', ""Stayin' Alive"", 'descriptionComplete']",shown in-game once this achievement has been completed; does not need to include the level name since it is shown *during* that level,Won without dying,Voitettu ilman kuolemaa
188,71bf90787ef6a88004eff577ba5cdb63,"['achievements', ""Stayin' Alive"", 'descriptionFull']",shown in places like GameCenter or GameCircle when this achievement is not yet complete.,Win ${LEVEL} without dying,Voita taso ${LEVEL} ilman kuolemaa
189,8d65aee372f3415c01e828fc089cd3df,"['achievements', ""Stayin' Alive"", 'descriptionFullComplete']",shown in places like GameCenter or GameCircle when this achievement has been completed.,Won ${LEVEL} without dying,Voitettu taso ${LEVEL} ilman kuolemaa
190,37cbb885f698ad45d6b7a9698666aa83,"['achievements', ""Stayin' Alive"", 'name']",Name of this achievement.,Stayin' Alive,Pysyen hengissä
191,ecc0c765855390d87f3478bd8a0c7c52,"['achievements', 'Super Mega Punch', 'description']",shown in-game when this achievement is not yet complete; does not need to include the level name since it is shown *during* that level,Inflict 100% damage with one punch,Aiheuta 100% vahinko yhdellä lyönnillä
192,562097e0828259b98d7421219973c331,"['achievements', 'Super Mega Punch', 'descriptionComplete']",shown in-game once this achievement has been completed; does not need to include the level name since it is shown *during* that level,Inflicted 100% damage with one punch,Aiheutettu 100% vahinko yhdellä lyönnillä
193,e513a1c84654beca3ae9e5246ef39f37,"['achievements', 'Super Mega Punch', 'descriptionFull']",shown in places like GameCenter or GameCircle when this achievement is not yet complete.,Inflict 100% damage with one punch in ${LEVEL},Aiheuta 100% vahinko yhdellä lyönnillä tasolla ${LEVEL}
194,d6bf76b956632decd7b8d6a331277447,"['achievements', 'Super Mega Punch', 'descriptionFullComplete']",shown in places like GameCenter or GameCircle when this achievement has been completed.,Inflicted 100% damage with one punch in ${LEVEL},Aiheutettu 100% vahinko yhdellä lyönnillä tasolla ${LEVEL}
195,ccbfd39ad1b1f8052a278714c91bc0c1,"['achievements', 'Super Mega Punch', 'name']",Name of this achievement.,Super Mega Punch,Supermegalyönti
196,ab87c4276ceb791a2dc7bfb6de2faad9,"['achievements', 'Super Punch', 'description']",shown in-game when this achievement is not yet complete; does not need to include the level name since it is shown *during* that level,Inflict 50% damage with one punch,Aiheuta 50% vahinko yhdellä lyönnillä
197,e5459c1ef48a06e2a61b52d7f355ec83,"['achievements', 'Super Punch', 'descriptionComplete']",shown in-game once this achievement has been completed; does not need to include the level name since it is shown *during* that level,Inflicted 50% damage with one punch,Aiheutit 50% vahinkoa yhdellä lyönnillä
198,07c4c759a7341720e52cd5d30884a59d,"['achievements', 'Super Punch', 'descriptionFull']",shown in places like GameCenter or GameCircle when this achievement is not yet complete.,Inflict 50% damage with one punch on ${LEVEL},Aiheuta 50% vahinkoa yhdellä lyönnillä tasossa ${LEVEL}
199,76c74be7139e23661d01a3536f1edf8b,"['achievements', 'Super Punch', 'descriptionFullComplete']",shown in places like GameCenter or GameCircle when this achievement has been completed.,Inflicted 50% damage with one punch on ${LEVEL},Aiheutit 50% vahinkoa yhdellä lyönnillä tasossa ${LEVEL}
200,e26b06599c6ecf1fdafa75a1b6768ca7,"['achievements', 'Super Punch', 'name']",Name of this achievement.,Super Punch,Super Lyönti
201,d41d8cd98f00b204e9800998ecf8427e,"['achievements', 'Team Player', 'descriptionFull']",shown in places like GameCenter or GameCircle when this achievement is not yet complete.,Start a Teams game with 4+ players,Aloita Teams-peli 4+ pelaajalla
202,d41d8cd98f00b204e9800998ecf8427e,"['achievements', 'Team Player', 'descriptionFullComplete']",shown in places like GameCenter or GameCircle when this achievement has been completed.,Started a Teams game with 4+ players,Aloitti Teams-pelin 4+ pelaajalla
203,d41d8cd98f00b204e9800998ecf8427e,"['achievements', 'Team Player', 'name']",Name of this achievement.,Team Player,Joukkueen pelaaja
204,b5476eebe081fe4d6030a4d7b5262ed9,"['achievements', 'The Great Wall', 'description']",shown in-game when this achievement is not yet complete; does not need to include the level name since it is shown *during* that level,Stop every single bad guy,Pysäytä joka ikinen pahis
205,35298d58b8aa0a3a74b87f52891ee8ce,"['achievements', 'The Great Wall', 'descriptionComplete']",shown in-game once this achievement has been completed; does not need to include the level name since it is shown *during* that level,Stopped every single bad guy,Pysäytit joka ikisen pahiksen
206,79c0f01092a6457cecbc48a9621ff3b2,"['achievements', 'The Great Wall', 'descriptionFull']",shown in places like GameCenter or GameCircle when this achievement is not yet complete.,Stop every single bad guy on ${LEVEL},Pysäytä joka ikinen pahis tasossa ${LEVEL}
207,59976a57d56ba5089e69c43f58881616,"['achievements', 'The Great Wall', 'descriptionFullComplete']",shown in places like GameCenter or GameCircle when this achievement has been completed.,Stopped every single bad guy on ${LEVEL},Pysäytit joka ikisen pahiksen tasossa ${LEVEL}
208,b700299e10d3a34f4ca52275f029ccd9,"['achievements', 'The Great Wall', 'name']",Name of this achievement.,The Great Wall,Suuri Seinämä
209,b5476eebe081fe4d6030a4d7b5262ed9,"['achievements', 'The Wall', 'description']",shown in-game when this achievement is not yet complete; does not need to include the level name since it is shown *during* that level,Stop every single bad guy,Pysäytä joka ikinen pahis
210,35298d58b8aa0a3a74b87f52891ee8ce,"['achievements', 'The Wall', 'descriptionComplete']",shown in-game once this achievement has been completed; does not need to include the level name since it is shown *during* that level,Stopped every single bad guy,Pysäytit joka ikisen pahiksen
211,79c0f01092a6457cecbc48a9621ff3b2,"['achievements', 'The Wall', 'descriptionFull']",shown in places like GameCenter or GameCircle when this achievement is not yet complete.,Stop every single bad guy on ${LEVEL},Pysäytä joka ikinen pahis tasossa ${LEVEL}
212,59976a57d56ba5089e69c43f58881616,"['achievements', 'The Wall', 'descriptionFullComplete']",shown in places like GameCenter or GameCircle when this achievement has been completed.,Stopped every single bad guy on ${LEVEL},Pysäytit joka ikisen pahiksen tasossa ${LEVEL}
213,8d342b43d22a95c93a725fcfb878127c,"['achievements', 'The Wall', 'name']",Name of this achievement.,The Wall,Seinämä
214,865cf22c1bd1389594932eb97e9a8dc5,"['achievements', 'TNT Terror', 'description']",shown in-game when this achievement is not yet complete; does not need to include the level name since it is shown *during* that level,Kill 6 bad guys with TNT,Tapa 6 pahista TNT:llä
215,59037d4192390277566ccae21a0c5d58,"['achievements', 'TNT Terror', 'descriptionComplete']",shown in-game once this achievement has been completed; does not need to include the level name since it is shown *during* that level,Killed 6 bad guys with TNT,Tapoit 6 pahista TNT:llä
216,d47b34507a491634b0b51a83c2060ac1,"['achievements', 'TNT Terror', 'descriptionFull']",shown in places like GameCenter or GameCircle when this achievement is not yet complete.,Kill 6 bad guys with TNT on ${LEVEL},Tapa 6 pahista TNT:llä tasossa ${LEVEL}
217,b0b42a2fc16dbc4acb70d1684b9a2517,"['achievements', 'TNT Terror', 'descriptionFullComplete']",shown in places like GameCenter or GameCircle when this achievement has been completed.,Killed 6 bad guys with TNT on ${LEVEL},Tapoit 6 pahista TNT:llä tasossa ${LEVEL}
218,e613ee46c6a5287a4ff0307ae2ad03ef,"['achievements', 'TNT Terror', 'name']",Name of this achievement.,TNT Terror,TNT Terroria
219,4a85bfb3dc5cc87671003055eb6672e3,"['achievements', 'Uber Football Shutout', 'description']",shown in-game when this achievement is not yet complete; does not need to include the level name since it is shown *during* that level,Win without letting the bad guys score,"Voita niin, että pahikset eivät saa pisteitä "
220,431611053258a5b83c1d7f33cdce97bc,"['achievements', 'Uber Football Shutout', 'descriptionComplete']",shown in-game once this achievement has been completed; does not need to include the level name since it is shown *during* that level,Won without letting the bad guys score,"Voitit niin, että pahikset eivät saaneet pisteitä "
221,f1f41377d0e965341c24af1eedbcbf0e,"['achievements', 'Uber Football Shutout', 'descriptionFull']",shown in places like GameCenter or GameCircle when this achievement is not yet complete.,Win ${LEVEL} without letting the bad guys score,"Voita ${LEVEL} niin, että pahikset eivät saa pisteitä"
222,2a14f94afcc3cfc8393e67b8464b9a2c,"['achievements', 'Uber Football Shutout', 'descriptionFullComplete']",shown in places like GameCenter or GameCircle when this achievement has been completed.,Won ${LEVEL} without letting the bad guys score,"Voitit ${LEVEL} niin, että pahikset eivät saaneet pisteitä"
223,894314014cd0147eed85b9e170c0a13b,"['achievements', 'Uber Football Shutout', 'name']",Name of this achievement.,${LEVEL} Shutout,${LEVEL} Pitävä Puolustus
224,5f678b17ff8291c83a6397cb795d3a52,"['achievements', 'Uber Football Victory', 'description']",shown in-game when this achievement is not yet complete; does not need to include the level name since it is shown *during* that level,Win the game,Voita peli
225,33b63e73723813fe6841115462d74cde,"['achievements', 'Uber Football Victory', 'descriptionComplete']",shown in-game once this achievement has been completed; does not need to include the level name since it is shown *during* that level,Won the game,Voitit pelin
226,cffd0c33e8db4d714e61a5d6c4e01266,"['achievements', 'Uber Football Victory', 'descriptionFull']",shown in places like GameCenter or GameCircle when this achievement is not yet complete.,Win the game in ${LEVEL},Voita peli tasossa ${LEVEL}
227,2ec748f552aa6a76d34113e2bf9f82ec,"['achievements', 'Uber Football Victory', 'descriptionFullComplete']",shown in places like GameCenter or GameCircle when this achievement has been completed.,Won the game in ${LEVEL},Voitit pelin tasossa ${LEVEL}
228,3219d38f9ed8b038fa096375806b66cf,"['achievements', 'Uber Football Victory', 'name']",Name of this achievement.,${LEVEL} Victory,${LEVEL} Voitto
229,9330daf3756dcdcb952824a27a9e71d7,"['achievements', 'Uber Onslaught Victory', 'description']",shown in-game when this achievement is not yet complete; does not need to include the level name since it is shown *during* that level,Defeat all waves,Päihitä kaikki aallot
230,04230d5a66a6908cbd3c156c3c6c51d5,"['achievements', 'Uber Onslaught Victory', 'descriptionComplete']",shown in-game once this achievement has been completed; does not need to include the level name since it is shown *during* that level,Defeated all waves,Kaikki aallot päihitetty
231,f795c2a062f74fe889991ef19dad3212,"['achievements', 'Uber Onslaught Victory', 'descriptionFull']",shown in places like GameCenter or GameCircle when this achievement is not yet complete.,Defeat all waves in ${LEVEL},Päihitä kaikki aallot tasossa ${LEVEL}
232,ed4d6c8c57222a9221e75fa615cbaee0,"['achievements', 'Uber Onslaught Victory', 'descriptionFullComplete']",shown in places like GameCenter or GameCircle when this achievement has been completed.,Defeated all waves in ${LEVEL},Kaikki aallot päihitetty tasossa ${LEVEL}
233,3219d38f9ed8b038fa096375806b66cf,"['achievements', 'Uber Onslaught Victory', 'name']",Name of this achievement.,${LEVEL} Victory,${LEVEL} Voitto
234,986cc005cc48a314f35187fadcfa1f9a,"['achievements', 'Uber Runaround Victory', 'description']",shown in-game when this achievement is not yet complete; does not need to include the level name since it is shown *during* that level,Complete all waves,Läpäise kaikki aallot
235,879087a1aaaa888c5a1b0759ead51725,"['achievements', 'Uber Runaround Victory', 'descriptionComplete']",shown in-game once this achievement has been completed; does not need to include the level name since it is shown *during* that level,Completed all waves,Kaikki aallot läpäisty
236,6212075ee13cd3553ecdbafe5fb96069,"['achievements', 'Uber Runaround Victory', 'descriptionFull']",shown in places like GameCenter or GameCircle when this achievement is not yet complete.,Complete all waves on ${LEVEL},Läpäise kaikki aallot tasossa ${LEVEL}
237,7d518d1f85bc8052af6e0c7a76035288,"['achievements', 'Uber Runaround Victory', 'descriptionFullComplete']",shown in places like GameCenter or GameCircle when this achievement has been completed.,Completed all waves on ${LEVEL},Kaikki aallot läpäisty tasossa ${LEVEL}
238,3219d38f9ed8b038fa096375806b66cf,"['achievements', 'Uber Runaround Victory', 'name']",Name of this achievement.,${LEVEL} Victory,${LEVEL} Voitto
239,0eb81ea44eedb2970bd90160d9a58fa3,['achievementsRemainingText'],,Achievements Remaining:,Saavutuksia jäljellä:
240,7d5c7b416df815adc498385461e50834,['achievementsText'],,Achievements,Saavutukset
241,cd6634631d79dd2223d63c56412ee61c,['achievementsUnavailableForOldSeasonsText'],"An error that pops up if you try to open the achievements panel while viewing an old season
Context Image: http://files.froemling.net/translateGuideImages/league.png","Sorry, achievement specifics are not available for old seasons.","Pahoittelut, saavutuksien tiedot eivät ole saatavilla menneille kausille. "
242,c7ea23c62de758dbaf393b9ecc5d26cf,['achievementText'],,Achievement,Saavutus
243,d41d8cd98f00b204e9800998ecf8427e,['activatedText'],Message shown when something like a Plugin or a Workspace is activated.,${THING} activated.,${THING} aktivoitu.
244,d41d8cd98f00b204e9800998ecf8427e,['addedToFavoritesText'],,Added '${NAME}' to Favorites.,${NAME} lisätty suosikkeihin.
245,94ff297bc0d78124d4ae8c0af573e276,"['addGameWindow', 'getMoreGamesText']","used on a button that takes you to games section of the store
Context Image: http://files.froemling.net/translateGuideImages/addGamesWindow.png",Get More Games...,Hanki lisää pelejä...
246,371eaee2bca51b54c0dcd89ca32c4f7d,"['addGameWindow', 'titleText']",,Add Game,Lisää Peli
247,d41d8cd98f00b204e9800998ecf8427e,['addToFavoritesText'],,Add to Favorites,Lisää suosikkeihin
248,b988c1daa05c495bba3a067e786ceb17,['allowText'],"used on buttons which allow certain things to happen (telnet connections, debugging-mode, etc)",Allow,Salli
249,d41d8cd98f00b204e9800998ecf8427e,['allText'],,All,Kaikki
250,d41d8cd98f00b204e9800998ecf8427e,['alreadySignedInText'],"Some parts of the game will soon only allow one player at a time per account to access them (tournaments, etc). This is the error other players will see if they try to play using an account that is already in use.","Your account is signed in from another device;
please switch accounts or close the game on your
other devices and try again.","Tilisi on kirjautunut sisään toisesta laitteesta.
vaihda tiliä tai sulje peli
muita laitteita ja yritä uudelleen."
251,62d081939f35f0c701b001d310c47d3f,['apiVersionErrorText'],error message shown when trying to load out-of-date game mods,Can't load module ${NAME}; it targets api-version ${VERSION_USED}; we require ${VERSION_REQUIRED}.,Ei voida ladata moduulia ${NAME}; se on kohdennettu api-versiolle ${VERSION_USED}; me vaadimme ${VERSION_REQUIRED}.
252,d41d8cd98f00b204e9800998ecf8427e,['applyText'],,Apply,Käytä
253,d41d8cd98f00b204e9800998ecf8427e,['areYouSureText'],,Are you sure?,Oletko varma?
254,a5fb56f4178748805bd47c42080abca5,"['audioSettingsWindow', 'headRelativeVRAudioInfoText']","a description below the ""Head-Relative Audio"" checkbox in the audio section (only for the Virtual Reality (VR) version of the game)","(""Auto"" enables this only when headphones are plugged in)","(""Auto"" sallii tämän vain kun kuulokkeet ovat kytkettyinä)"
255,66c2eb852a1b54be0ae9765ed7ef887b,"['audioSettingsWindow', 'headRelativeVRAudioText']",the name of a setting for the Virtual Reality (VR) version of the game that causes audio to be played relative to where your head is facing (good when using headphones with VR; bad when using stationary speakers with VR),Head-Relative VR Audio,Päähän-Suhteellistettu VR Audio
256,8a96b5753a484abf17388c44d772127d,"['audioSettingsWindow', 'musicVolumeText']",,Music Volume,Musiikin Voimakkuus
257,9265e532ca544729b16dda62f05296cb,"['audioSettingsWindow', 'soundtrackButtonText']","label for a button audio settings to go to the soundtrack editor
Context Image: http://files.froemling.net/translateGuideImages/audio.png",Soundtracks,Ääniraidat
258,db9500e01bef29cb62bf7925cb9dd3f4,"['audioSettingsWindow', 'soundtrackDescriptionText']",,(assign your own music to play during games),(lisää omaa musiikkiasi jota voit soittaa pelien aikana)
259,1aeb2a4979eaf1df7196329be62c7fd7,"['audioSettingsWindow', 'soundVolumeText']",,Sound Volume,Äänen Voimakkuus
260,3166378117a9dfc052c8607c55a4bf1d,"['audioSettingsWindow', 'titleText']",,Audio,Ääniasetukset
261,06b9281e396db002010bde1de57262eb,['autoText'],"an ""automatic"" option (for things such as graphics quality settings)",Auto,Auto
262,a7a6e336f89ff4035e1a61af1539bd7c,['backText'],,Back,Takaisin
263,d41d8cd98f00b204e9800998ecf8427e,['banThisPlayerText'],Title of a button used to ban players from games or other things,Ban This Player,Estä tämä pelaaja
264,ed22aa78ddeaf9201776ffef36e96f73,['bestOfFinalText'],"label for the final score in a best-of-7 series, etc",Best-of-${COUNT} Final,Paras ${COUNT}-Lopputulos
265,fe47d8897978b98bd01c616c2f52ba8d,['bestOfSeriesText'],"label for a best-of-7 series, etc",Best of ${COUNT} series:,Paras ${COUNT} sarja:
266,18eb0f9b2c5778cd84e937830733fd14,['bestRankText'],"shows your best rank during tournaments (#1, #2, etc)",Your best is #${RANK},Sinun paras on #${RANK}
267,96df3ac248251dd9779f5a4767288e65,['bestRatingText'],,Your best rating is ${RATING},Sinun paras luokitus on ${RATING}
268,2380976a333111b0e75827eba2d781f9,['bombBoldText'],,BOMB,POMMI
269,a529a5c460d90a97bbdafeac0823ff7d,['bombText'],,Bomb,Pommi
270,d41d8cd98f00b204e9800998ecf8427e,['boostText'],Name for an action to increase something such as your position in a queue or some sort of stats,Boost,Tehosta
271,0960cc80fad44e3d46e13bc25d18e526,['bsRemoteConfigureInAppText'],,${REMOTE_APP_NAME} is configured in the app itself.,BombSquad Remote on määritetty sovellukseen itseensä.
272,2edc4b88345c5e9438f16524bc451780,['buttonText'],,button,näppäin
273,54847413938d69ec23f3f7fe3b409708,['cancelText'],,Cancel,Peruuta
274,c7e29a71f6fd533d02feebd6edcbb355,['cantConfigureDeviceText'],,"Sorry, ${DEVICE} is not configurable.","Pahoittelut, ${DEVICE} ei ole määritettävissä."
275,423af2ef658b6038b6732e39c74cc48d,['canWeDebugText'],,"Would you like ${APP_NAME} to automatically report
bugs, crashes, and basic usage info to the developer?

This data contains no personal information and helps
keep the game running smoothly and bug-free.
","Haluatko, että BombSquad reportoi automaattisesti 
vioista, kaatumisista ja peruskäytöstä kehittäjille?

Tämä data ei sisällä henkilökohtaisia tietoja ja 
auttaa pitämään pelin sujuvana ja viattomana."
276,da794b3702dab084e0bc3026010efc72,['challengeEndedText'],printed when trying to play a challenge game which has already ended,This challenge has ended.,Tämä haaste on loppunut.
277,d41d8cd98f00b204e9800998ecf8427e,['chatMutedText'],message shown when a chat has been muted (muting completely ignores all chat messages),Chat Muted,Chat mykistetty
278,d41d8cd98f00b204e9800998ecf8427e,['chatMuteText'],label for a button to mute a chat (muting completely ignores all messages),Mute Chat,Mykistä keskustelu
279,d41d8cd98f00b204e9800998ecf8427e,['chatUnMuteText'],label for a button to stop muting a chat (muting completely ignores all messages),Unmute Chat,Poista keskustelun mykistys
280,d41d8cd98f00b204e9800998ecf8427e,"['chests', 'prizeOddsText']","Label for a section showing the odds of getting various prizes in a chest.
Context Image: http://files.froemling.net/translateGuideImages/prizeodds.png",Prize Odds,Palkintokertoimet
281,d41d8cd98f00b204e9800998ecf8427e,"['chests', 'reduceWaitText']","Label for a button to reduce the time the player must wait for a chest to open (by watching an ad/etc.)
Context Image: http://files.froemling.net/translateGuideImages/reducewait.png",Reduce Wait,Vähennä Odota
282,d41d8cd98f00b204e9800998ecf8427e,"['chests', 'slotDescriptionText']","Description for an empty slot where a chest can go.
Context Image: http://files.froemling.net/translateGuideImages/chestslot.png","This slot can hold a chest.

Earn chests by playing campaign levels,
placing in tournaments, and completing
achievements.","Tähän aukkoon mahtuu rintakehä.

Ansaitse arkkuja pelaamalla kampanjatasoja,
turnauksiin sijoittuminen ja suorittaminen
saavutuksia."
283,d41d8cd98f00b204e9800998ecf8427e,"['chests', 'slotsFullWarningText']",,"WARNING: All your chest slots are full.
Any chests you earn this game will be lost.","VAROITUS: Kaikki rintakehäsi ovat täynnä.
Kaikki tässä pelissä ansaitsemasi arkut menetetään."
284,d41d8cd98f00b204e9800998ecf8427e,"['chests', 'slotText']","Title describing an empty slot where a chest can go.
Context Image: http://files.froemling.net/translateGuideImages/chestslot.png",Chest Slot ${NUM},Rintapaikka ${NUM}
285,d41d8cd98f00b204e9800998ecf8427e,"['chests', 'unlocksInText']","Label shown above the time countdown for when a chest will unlock.
Context Image: http://files.froemling.net/translateGuideImages/chestOpenNow.png",Unlocks In,Avautuu sisään
286,6ab650acf08edd01b8962403a7146905,['choosingPlayerText'],a player's name while choosing their player; shown in the main menu header if they hit start/menu,<choosing player>,<valitaan pelaajaa>
287,d41d8cd98f00b204e9800998ecf8427e,['claimText'],Label for a button which claims some prize,Claim,Väite
288,d41d8cd98f00b204e9800998ecf8427e,['codesExplainText'],"Explains what codes are used for in settings->advanced->enter code
Context Image: http://files.froemling.net/translateGuideImages/advancedEnterCode.png","Codes are provided by the developer to
diagnose and correct account issues.","Koodit toimittaa kehittäjä osoitteeseen
diagnosoida ja korjata tiliongelmat."
289,ae6eeec63092dce0fb4785100b5e4496,['completeThisLevelToProceedText'],,"You must complete
this level to proceed!","Sinun täytyy läpäistä 
tämä taso edetäksesi!"
290,099a40f37d1f68be36bec5fbf2c8295c,['completionBonusText'],,Completion Bonus,Läpäisy Bonus
291,7319778d8c47e81c0f497383eb8b39ae,"['configControllersWindow', 'configureControllersText']","the button to configure controllers (used to be called ""configure gamepads"")",Configure Controllers,Määritä Ohjaimet
292,e6584aba969fac503a5ac2b3274ee4f9,"['configControllersWindow', 'configureKeyboard2Text']",,Configure Keyboard P2,Määritä Näppäimistö P2
293,a068c98d0017113c958afa20bad8d88e,"['configControllersWindow', 'configureKeyboardText']",,Configure Keyboard,Määritä Näppäimistö
294,1372c5a476090f811ca33914af6e6523,"['configControllersWindow', 'configureMobileText']","label for the button that takes you to the window that talks about how to use your phones as controllers using the ""BombSquad Remote"" app",Mobile Devices as Controllers,Mobiililaitteet Ohjaimina
295,c72ec605f2b6ceeaa3926d44bc3e85a5,"['configControllersWindow', 'configureTouchText']",,Configure Touchscreen,Määritä Kosketusnäyttö
296,974349c42f1e145a7edd868b709162e7,"['configControllersWindow', 'ps3Text']",,PS3 Controllers,PS3 Ohjaimet
297,0193736304799b0455e03e3366bf386b,"['configControllersWindow', 'titleText']",,Controllers,Ohjaimet
298,e57b68a44dfb957303ac70035938811e,"['configControllersWindow', 'wiimotesText']",,Wiimotes,Wiimotes
299,044c680c6a5730f3bc9ed9326ef45377,"['configControllersWindow', 'xbox360Text']",,Xbox 360 Controllers,Xbox 360 Ohjaimet
300,d5cb935d2529c5172f13816bd5cd932f,"['configGamepadSelectWindow', 'androidNoteText']","shown when selecting a controller to configure (only on android)
Context Image: http://files.froemling.net/translateGuideImages/pressAnyButton.png",Note: controller support varies by device and Android version.,Huomio: ohjaintuki vaihtelee laitteen ja Android version mukaan.
301,1166914391a4435dd93a526380114c5a,"['configGamepadSelectWindow', 'pressAnyButtonText']","shown when selecting a controller to configure
Context Image: http://files.froemling.net/translateGuideImages/pressAnyButton.png","Press any button on the controller
 you want to configure...","Paina ohjaimen näppäintä, jonka 
haluat määrittää uudelleen..."
302,7319778d8c47e81c0f497383eb8b39ae,"['configGamepadSelectWindow', 'titleText']","title shown when selecting a controller to configure
Context Image: http://files.froemling.net/translateGuideImages/pressAnyButton.png",Configure Controllers,Määritä Ohjaimet
303,6a26583c24c81fe8ecc1a78b140ddd8b,"['configGamepadWindow', 'advancedText']",button label for advanced gamepad settings,Advanced,Kehittyneet
304,a684dc45aecdd75dca621e9c9b1fa3d6,"['configGamepadWindow', 'advancedTitleText']","title shown when doing advanced gamepad config
Context Image: http://files.froemling.net/translateGuideImages/advancedControllerSetup.png",Advanced Controller Setup,Kehittyneet Ohjain Asetukset
305,b321f6660598bad238999cc0d4841ac0,"['configGamepadWindow', 'analogStickDeadZoneDescriptionText']",,(turn this up if your character 'drifts' when you release the stick),"(aseta tämä ylös, jos hahmosi 'liukuu' kun vapautat ohjaussauvan)"
306,b19e1c815dac773e828559b5791b76e7,"['configGamepadWindow', 'analogStickDeadZoneText']","refers to the ""dead zone"" on an analog stick - the area in a center where no motion occurs",Analog Stick Dead Zone,Analogisen Sauvan Dead Zone
307,eec2274808a8ab2a9c62577a3b8a500f,"['configGamepadWindow', 'appliesToAllText']","shown when configuring a controller to clarify that this is for a *type* of controller; not just a single one
Context Image: http://files.froemling.net/translateGuideImages/controllerSetup.png",(applies to all controllers of this type),(pätee kaikkiin tämän tyyppisiin ohjaimiin)
308,2d3342c3cf22acabb307df996846dcea,"['configGamepadWindow', 'autoRecalibrateDescriptionText']",,(enable this if your character does not move at full speed),"(aseta päälle, jos hahmosi ei liiku täyttä vauhtia)"
309,d70b6d1dfe08841a9a2e4ab3771edd7a,"['configGamepadWindow', 'autoRecalibrateText']",,Auto-Recalibrate Analog Stick,Kalibroi Analoginen Sauva Automaattisesti
310,f9a83be25697c344aa83938cf00d8662,"['configGamepadWindow', 'axisText']",,axis,akseli
311,8ec7349e1a6d75f1c5cc618be6c7996b,"['configGamepadWindow', 'clearText']",button label to clear a button assignment,clear,tyhjennä
312,b59e0075b8185bd25c8e358dc4ed0467,"['configGamepadWindow', 'dpadText']",,dpad,suuntanäppäimet
313,8d04f781d537fbc3a05ecab2de18f1f6,"['configGamepadWindow', 'extraStartButtonText']","label for a second start button (in case a controller has more than one button that should function as start)
Context Image: http://files.froemling.net/translateGuideImages/advancedControllerSetup.png",Extra Start Button,Extra Start Näppäin
314,d41d8cd98f00b204e9800998ecf8427e,"['configGamepadWindow', 'ifNothingHappensTryAnalogText']",,"If nothing happens, try assigning to the analog stick instead.","Jos mitään ei tapahdu, yritä määrittää sen sijaan analoginen tikku."
315,d41d8cd98f00b204e9800998ecf8427e,"['configGamepadWindow', 'ifNothingHappensTryDpadText']",,"If nothing happens, try assigning to the d-pad instead.","Jos mitään ei tapahdu, yritä määrittää sen sijaan d-pad."
316,d41d8cd98f00b204e9800998ecf8427e,"['configGamepadWindow', 'ignoreCompletelyDescriptionText']",Description for the option in advanced controller settings to ignore a controller completely.,(prevent this controller from affecting either the game or menus),(estä tätä ohjainta vaikuttamasta peliin tai valikoihin)
317,d41d8cd98f00b204e9800998ecf8427e,"['configGamepadWindow', 'ignoreCompletelyText']",Title for the option in advanced controller settings to ignore a controller completely.,Ignore Completely,Ohita kokonaan
318,d41d8cd98f00b204e9800998ecf8427e,"['configGamepadWindow', 'ignoredButton1Text']","label for a controller button that should be ignored by the game
Context Image: http://files.froemling.net/translateGuideImages/advancedControllerSetup2.png",Ignored Button 1,Ohitettu painike 1
319,d41d8cd98f00b204e9800998ecf8427e,"['configGamepadWindow', 'ignoredButton2Text']","label for a second controller button that should be ignored by the game
Context Image: http://files.froemling.net/translateGuideImages/advancedControllerSetup2.png",Ignored Button 2,Ohitettu painike 2
320,d41d8cd98f00b204e9800998ecf8427e,"['configGamepadWindow', 'ignoredButton3Text']","label for a third controller button that should be ignored by the game
Context Image: http://files.froemling.net/translateGuideImages/advancedControllerSetup2.png",Ignored Button 3,Ohitettu painike 3
321,d41d8cd98f00b204e9800998ecf8427e,"['configGamepadWindow', 'ignoredButton4Text']",,Ignored Button 4,Ohitettu painike 4
322,d41d8cd98f00b204e9800998ecf8427e,"['configGamepadWindow', 'ignoredButtonDescriptionText']",,(use this to prevent 'home' or 'sync' buttons from affecting the UI),"(käytä tätä estääksesi ""koti""- tai ""synkronointi""-painikkeet vaikuttamasta käyttöliittymään)"
323,d41d8cd98f00b204e9800998ecf8427e,"['configGamepadWindow', 'pressAnyAnalogTriggerText']",,Press any analog trigger...,Paina mitä tahansa analogista liipaisinta...
324,d41d8cd98f00b204e9800998ecf8427e,"['configGamepadWindow', 'pressAnyButtonOrDpadText']",,Press any button or dpad...,Paina mitä tahansa painiketta tai dpadia...
325,d41d8cd98f00b204e9800998ecf8427e,"['configGamepadWindow', 'pressAnyButtonText']",,Press any button...,Paina mitä tahansa painiketta...
326,a8e4d010ca3f3d30818b5d387f2c891a,"['configGamepadWindow', 'pressLeftRightText']",,Press left or right...,Paina vasemmalle tai oikealle...
327,33637d921cda0656b777e815a7fa3874,"['configGamepadWindow', 'pressUpDownText']",,Press up or down...,Paina ylös tai alas...
328,d41d8cd98f00b204e9800998ecf8427e,"['configGamepadWindow', 'runButton1Text']",,Run Button 1,Suorita-painike 1
329,d41d8cd98f00b204e9800998ecf8427e,"['configGamepadWindow', 'runButton2Text']",,Run Button 2,Suorita-painike 2
330,d41d8cd98f00b204e9800998ecf8427e,"['configGamepadWindow', 'runTrigger1Text']",,Run Trigger 1,Suorita laukaisin 1
331,d41d8cd98f00b204e9800998ecf8427e,"['configGamepadWindow', 'runTrigger2Text']",,Run Trigger 2,Suorita laukaisin 2
332,d41d8cd98f00b204e9800998ecf8427e,"['configGamepadWindow', 'runTriggerDescriptionText']","label for when assigning analog triggers to run
Context Image: http://files.froemling.net/translateGuideImages/advancedControllerSetup.png",(analog triggers let you run at variable speeds),(analogisten laukaisujen avulla voit ajaa vaihtelevilla nopeuksilla)
333,d41d8cd98f00b204e9800998ecf8427e,"['configGamepadWindow', 'secondaryEnableText']",,Enable,Ota käyttöön
334,d41d8cd98f00b204e9800998ecf8427e,"['configGamepadWindow', 'secondaryText']","title for advanced gamepad section that lets you assign a second set of controls to a single device (useful for some 2-in-1 controllers)
Context Image: http://files.froemling.net/translateGuideImages/secondaryController.png",Secondary Controller,Toissijainen ohjain
335,d41d8cd98f00b204e9800998ecf8427e,"['configGamepadWindow', 'secondHalfText']","description for advanced gamepad section that lets you assign a second set of controls to a single device (useful for some 2-in-1 controllers)
Context Image: http://files.froemling.net/translateGuideImages/secondaryController.png","Use this to configure the second half
of a 2-controllers-in-1 device that
shows up as a single controller.","Käytä tätä määrittääksesi toisen puoliskon
2-ohjainta 1-laitteessa
näkyy yhtenä ohjaimena."
336,8fb06dd24f0b7a61ad3d1da231a10f23,"['configGamepadWindow', 'startButtonActivatesDefaultDescriptionText']",,(turn this off if your start button is more of a 'menu' button),(Laita tämä pois päältä jos käynnistys nappisi on enemmänkin 'valikko' nappi)
337,d41d8cd98f00b204e9800998ecf8427e,"['configGamepadWindow', 'startButtonActivatesDefaultText']",,Start Button Activates Default Widget,Käynnistä-painike Aktivoi oletuswidgetin
338,63bf21cb88d29e8aabf899c3a7772979,"['configGamepadWindow', 'titleText']","title for the configure-controller window
Context Image: http://files.froemling.net/translateGuideImages/controllerSetup.png",Controller Setup,Ohjaimen säätö
339,d41d8cd98f00b204e9800998ecf8427e,"['configGamepadWindow', 'twoInOneSetupText']",,2-in-1 Controller Setup,2-in-1-ohjaimen asetukset
340,d41d8cd98f00b204e9800998ecf8427e,"['configGamepadWindow', 'uiOnlyDescriptionText']","Description for the ""UI-Only"" option for controllers; meant to be used for simple remotes and things that can navigate menus but should not be allowed to enter a game",(prevent this controller from actually joining a game),(estä tätä ohjainta todella liittymästä peliin)
341,d41d8cd98f00b204e9800998ecf8427e,"['configGamepadWindow', 'uiOnlyText']","Title for the ""UI-Only"" option for controllers; meant to be used for simple remotes and things that can navigate menus but should not be allowed to enter a game",Limit to Menu Use,Rajoita valikon käyttöön
342,d41d8cd98f00b204e9800998ecf8427e,"['configGamepadWindow', 'unassignedButtonsRunText']",,All Unassigned Buttons Run,Kaikki määrittämättömät painikkeet toimivat
343,d41d8cd98f00b204e9800998ecf8427e,"['configGamepadWindow', 'unsetText']",,<unset>,<unset>
344,d41d8cd98f00b204e9800998ecf8427e,"['configGamepadWindow', 'vrReorientButtonText']","Title for the button used to assign a ""VR Reorient"" controller button; used in the VR version of the game to recenter the view based on where the player is currently facing.",VR Reorient Button,VR Reorient -painike
345,545d893ab17368391d61e9f3dd9015f4,"['configKeyboardWindow', 'configuringText']",,Configuring ${DEVICE},Määritetään ${DEVICE}
346,d41d8cd98f00b204e9800998ecf8427e,"['configKeyboardWindow', 'keyboard2NoteText']",,"Note: most keyboards can only register a few keypresses at
once, so having a second keyboard player may work better
if there is a separate keyboard attached for them to use.
Note that you'll still need to assign unique keys to the
two players even in that case.","Huomautus: useimmat näppäimistöt voivat rekisteröidä vain muutaman näppäinpainalluksen osoitteessa
kerran, joten toisen kosketinsoittimen hankkiminen voi toimia paremmin
jos niihin on liitetty erillinen näppäimistö heidän käyttöä varten.
Huomaa, että sinun on silti määritettävä yksilölliset avaimet
siinäkin tapauksessa kaksi pelaajaa."
347,d41d8cd98f00b204e9800998ecf8427e,"['configTouchscreenWindow', 'actionControlScaleText']","title for a control to scale the on-screen buttons up or down on a touchscreen
Context Image: http://files.froemling.net/translateGuideImages/configTouchscreen.png",Action Control Scale,Action Control Scale
348,d41d8cd98f00b204e9800998ecf8427e,"['configTouchscreenWindow', 'actionsText']",,Actions,Toiminnot
349,76c20131b3b0ec61c0a71b3d0717bb1e,"['configTouchscreenWindow', 'buttonsText']",,buttons,Nappulaiset
350,d41d8cd98f00b204e9800998ecf8427e,"['configTouchscreenWindow', 'dragControlsText']",,< drag controls to reposition them >,< vetämällä säätimiä siirtääksesi ne >
351,3dd0b2b8bbbef64f326eda6fae56f34e,"['configTouchscreenWindow', 'joystickText']",,joystick,Sauva
352,d41d8cd98f00b204e9800998ecf8427e,"['configTouchscreenWindow', 'movementControlScaleText']","title for a control to scale the on-screen movement controls up or down on a touchscreen
Context Image: http://files.froemling.net/translateGuideImages/configTouchscreen.png",Movement Control Scale,Liikkeenhallinta-asteikko
353,d9ca3dcfc00ac1b00bb8e5f5606b6b30,"['configTouchscreenWindow', 'movementText']",,Movement,Liike
354,efa3be4a382183af8b72cb77433b60aa,"['configTouchscreenWindow', 'resetText']",,Reset,Aseta uudelleen
355,d41d8cd98f00b204e9800998ecf8427e,"['configTouchscreenWindow', 'swipeControlsHiddenText']","title for a checkbox to hide the on-screen touch controls (only the ones in swipe mode)
Context Image: http://files.froemling.net/translateGuideImages/configTouchscreen2.png",Hide Swipe Icons,Piilota pyyhkäisykuvakkeet
356,d41d8cd98f00b204e9800998ecf8427e,"['configTouchscreenWindow', 'swipeInfoText']",,"'Swipe' style controls take a little getting used to but
make it easier to play without looking at the controls.","""Swipe""-tyylisäätimet vaativat hieman totuttelua, mutta
helpottaa pelaamista katsomatta säätimiä."
357,cad56e18726bf42bf0549565fa6bc8fb,"['configTouchscreenWindow', 'swipeText']",,swipe,Pyyhi
358,d376f4e278c66e046c3f5633c4bd62a7,"['configTouchscreenWindow', 'titleText']",,Configure Touchscreen,Määritä kosketusnäyttö
359,d41d8cd98f00b204e9800998ecf8427e,['configureDeviceInSystemSettingsText'],,${DEVICE} can be configured in the System Settings app.,${DEVICE} voidaan määrittää Järjestelmäasetukset-sovelluksessa.
360,26fdd4c06d0aa3178b4d3856f6bb15d4,['configureItNowText'],,Configure it now?,Määritetäänkö nyt?
361,4b14fc21764869cd6e19d315019dd16f,['configureText'],,Configure,Määritä
362,d41d8cd98f00b204e9800998ecf8427e,['confirmText'],Label for some UI element asking the user to confirm a purchase or other operation.,Confirm,Vahvistaa
363,819e775506c8cb4a5f1f3385924f12d4,"['connectMobileDevicesWindow', 'amazonText']",,Amazon Appstore,Amazon Appstore
364,d41d8cd98f00b204e9800998ecf8427e,"['connectMobileDevicesWindow', 'appStoreText']",,App Store,App Storesta
365,d41d8cd98f00b204e9800998ecf8427e,"['connectMobileDevicesWindow', 'bestResultsText']",,"For best results you'll need a lag-free wifi network. You can
reduce wifi lag by turning off other wireless devices, by
playing close to your wifi router, and by connecting the
game host directly to the network via ethernet.","Parhaan tuloksen saavuttamiseksi tarvitset viivettömän wifi-verkon. Voit
pienennä wifi-viivettä sammuttamalla muut langattomat laitteet
pelaaminen lähellä wifi-reititintäsi ja yhdistämällä
peliisäntä suoraan verkkoon Ethernetin kautta."
366,d41d8cd98f00b204e9800998ecf8427e,"['connectMobileDevicesWindow', 'explanationText']","description for the BombSquad Remote app info window
Context Image: http://files.froemling.net/translateGuideImages/mobileDeviceAsController.png","To use a smart-phone or tablet as a wireless controller,
install the ""${REMOTE_APP_NAME}"" app on it. Any number of devices
can connect to a ${APP_NAME} game over Wi-Fi, and it's free!","Jos haluat käyttää älypuhelinta tai tablettia langattomana ohjaimena,
asenna sovellus ""${REMOTE_APP_NAME}"" siihen. Mikä tahansa määrä laitteita
voi muodostaa yhteyden ${APP_NAME}-peliin Wi-Fin kautta, ja se on ilmaista!"
367,fe0bdcf693b830774d543ccb6d0897e8,"['connectMobileDevicesWindow', 'forAndroidText']",,for Android:,Androidille:
368,5db40b867c2137b028b76485592d8628,"['connectMobileDevicesWindow', 'forIOSText']",,for iOS:,iOS:lle:
369,d41d8cd98f00b204e9800998ecf8427e,"['connectMobileDevicesWindow', 'getItForText']",,"Get ${REMOTE_APP_NAME} for iOS at the Apple App Store
or for Android at the Google Play Store or Amazon Appstore","Hanki ${REMOTE_APP_NAME} iOS:lle Apple App Storesta
tai Androidille Google Play Storessa tai Amazon Appstoressa"
370,f4b913a976c88f8bce5abb6d23ba8b1c,"['connectMobileDevicesWindow', 'googlePlayText']","google play button in the BombSquad Remote app info window
Context Image: http://files.froemling.net/translateGuideImages/mobileDeviceAsController.png",Google Play,Google Play
371,c5f63907f6e22ef915ea54a55fdda5b8,"['connectMobileDevicesWindow', 'titleText']","title for the BombSquad Remote app info window
Context Image: http://files.froemling.net/translateGuideImages/mobileDeviceAsController.png",Using Mobile Devices as Controllers:,Mobiililaitteiden käyttö ohjaimina:
372,1d0a47d358c7bc1882e5adff4cffe141,['continuePurchaseText'],Some mini-games may allow purchasing an extra life/etc. for some tickets. This is shown in that case.,Continue for ${PRICE}?,Jatketaanko ${PRICE} hintaan?
373,169308b469d1045ea9cda11a30621f54,['continueText'],Label used on a button to continue the current game (possibly by purchasing/using an extra life).,Continue,Jatka
374,c018debada3ca33d66c72099d16abac7,['controlsText'],label used above a listing of which buttons do what,Controls,Kontrollit
375,d41d8cd98f00b204e9800998ecf8427e,"['coopSelectWindow', 'activenessAllTimeInfoText']","description for why the ""Activity"" multiplier is disabled when viewing ""All-Time"" rankings
Context Image: http://files.froemling.net/translateGuideImages/league.png",This does not apply to all-time rankings.,Tämä ei koske kaikkien aikojen sijoituksia.
376,2dc6dbcf48193bc1a09d4b5676084cc0,"['coopSelectWindow', 'activenessInfoText']","A pop-up description for the ""Activity"" multiplier, which scales your power-ranking-points up or down depending on how much you have been active recently
Context Image: http://files.froemling.net/translateGuideImages/powerRanking.png","This multiplier rises on days when you
play and drops on days when you do not.","Tämä kerroin nousee päivinä jolloin
pelaat ja laskee päivinä jolloin et."
377,93188dc58f02ef03e6977f1d301633f4,"['coopSelectWindow', 'activityText']","name of the ""Activity"" multiplier which scales your power-ranking up or down depending on how much you have been playing lately.
Context Image: http://files.froemling.net/translateGuideImages/powerRanking.png",Activity,Aktiivisuus
378,f6b5977e1258b36809594d5b778679e3,"['coopSelectWindow', 'campaignText']",,Campaign,Kamppanja
379,d41d8cd98f00b204e9800998ecf8427e,"['coopSelectWindow', 'challengesInfoText']","Describes the ""challenges"" section of the Single-Player/Coop window","Earn prizes for completing mini-games.

Prizes and difficulty levels increase
each time a challenge is completed and
decrease when one expires or is forfeited.","Ansaitse palkintoja suorittamalla minipelejä.

Palkinnot ja vaikeustasot kasvavat
aina kun haaste on suoritettu ja
vähennetään, kun sen voimassaolo päättyy tai se menetetään."
380,6848eaa69255b57e47b2a6096d24e34f,"['coopSelectWindow', 'challengesText']",Name for the section of the Single-Player/Co-op window in which players try to reach certain scores to win prizes.,Challenges,Haasteet
381,c179e83a749429a3d9f3400034356286,"['coopSelectWindow', 'currentBestText']","the label for the current best score in a tournament
Context Image: http://files.froemling.net/translateGuideImages/coopTourney.png",Current Best,Nykyinen Paras
382,af96a4d58677a6bb92f38b0ced6c1154,"['coopSelectWindow', 'customText']","title for the 'custom' section of the co-op window, where random extra games go",Custom,Tee-se-itse
383,5a2ad684e41ec1af162e1f68ff54721d,"['coopSelectWindow', 'entryFeeText']","Header for the ""entry fee"" column by a tournament button
Context Image: http://files.froemling.net/translateGuideImages/tournaments.png",Entry,Pääsymaksu
384,3c0b2857f186d77d29bd3ed5c065f74e,"['coopSelectWindow', 'forfeitConfirmText']",Confirmation message when giving up on a particular challenge game level,Forfeit this challenge?,Haluatko luovuttaa tämän haasteen?
385,d41d8cd98f00b204e9800998ecf8427e,"['coopSelectWindow', 'forfeitNotAllowedYetText']",Error message printed when trying to forfeit (give up) on a challenge too soon.,This challenge cannot be forfeited yet.,Tätä haastetta ei voi vielä hylätä.
386,70e70a6bc9320277ba4d85576f869f59,"['coopSelectWindow', 'forfeitText']","Button used to ""give up"" on a particular challenge level",Forfeit,Luovuta
387,f68a8f813ba96603582c3f1e5077918a,"['coopSelectWindow', 'multipliersText']","Title for the ""multipliers"" section of power-rankings, which scale your points up or down based on various factors.
Context Image: http://files.froemling.net/translateGuideImages/powerRanking.png",Multipliers,Kertoimet
388,7d9585c9bdbca97c398bf4212c8d2962,"['coopSelectWindow', 'nextChallengeText']","Label shown before a timer depicting when the next challenge level will be available. ie: ""Next Challenge : 10h 3m 28s""",Next Challenge,Seuraava Haaste
389,7c3c13aa51f28b0ebc809ce8a3f75fa2,"['coopSelectWindow', 'nextPlayText']","Label shown before a timer depicting when the next free-play will be available.  ie: ""Next Play : 12m 5s""",Next Play,Seuraava Peli
390,ddb27c42daabb78dbd67b9b0e30082b5,"['coopSelectWindow', 'ofTotalTimeText']","shows the total length of a tournament below the time-remaining value
Context Image: http://files.froemling.net/translateGuideImages/tournaments.png",of ${TOTAL},${TOTAL}:sta/stä
391,4706748f3ef4b0187332553b041e7dd6,"['coopSelectWindow', 'playNowText']",Label for a button to play immediately instead of waiting for a timer or for some other event to occur,Play Now,Pelaa NYT
392,669e45572affb135e1e13310959156a3,"['coopSelectWindow', 'pointsText']","Title for the ""points"" section of power-rankings, which shows total points earned from various things (achievements, trophies, etc).
Context Image: http://files.froemling.net/translateGuideImages/powerRanking.png",Points,Pisteet
393,d41d8cd98f00b204e9800998ecf8427e,"['coopSelectWindow', 'powerRankingFinishedSeasonUnrankedText']",shown when viewing a season in which the player did not end up ranked,(finished season unranked),(päättynyt kausi ilman sijoitusta)
394,d41d8cd98f00b204e9800998ecf8427e,"['coopSelectWindow', 'powerRankingNotInTopText']",shown in the power-rankings section when you are not in the top 1000 (or however big the list is),(not in the top ${NUMBER}),(ei parhaimmillaan ${NUMBER})
395,d41d8cd98f00b204e9800998ecf8427e,"['coopSelectWindow', 'powerRankingPointsEqualsText']","shows the total number of points for a row in the power-ranking section
Context Image: http://files.froemling.net/translateGuideImages/powerRankings.png",= ${NUMBER} pts,= ${NUMBER} pistettä
396,d41d8cd98f00b204e9800998ecf8427e,"['coopSelectWindow', 'powerRankingPointsMultText']","shows how many points an item is worth in the power-rankings section
Context Image: http://files.froemling.net/translateGuideImages/powerRankings.png",(x ${NUMBER} pts),(x ${NUMBER} pistettä)
397,d41d8cd98f00b204e9800998ecf8427e,"['coopSelectWindow', 'powerRankingPointsText']","used in various places that refer to a certain number of power-ranking points.
Context Image: http://files.froemling.net/translateGuideImages/powerRanking.png",${NUMBER} pts,${NUMBER} pistettä
398,d41d8cd98f00b204e9800998ecf8427e,"['coopSelectWindow', 'powerRankingPointsToRankedText']","shows how many points the player still has to get to become ranked.
Context Image: http://files.froemling.net/translateGuideImages/powerRanking2.png",(${CURRENT} of ${REMAINING} pts),(${CURRENT}/${REMAINING} pistettä)
399,d41d8cd98f00b204e9800998ecf8427e,"['coopSelectWindow', 'powerRankingText']","title for the ""power-ranking"" section, which gives a value for a player's overall progress. Feel free to translate this to any generic term such as ""Player Ranking"".
Context Image: http://files.froemling.net/translateGuideImages/powerRankings.png",Power Ranking,Teholuokitus
400,d41d8cd98f00b204e9800998ecf8427e,"['coopSelectWindow', 'prizesText']","the label for the prizes awarded in a tournament
Context Image: http://files.froemling.net/translateGuideImages/coopTourney.png",Prizes,Palkinnot
401,d41d8cd98f00b204e9800998ecf8427e,"['coopSelectWindow', 'proMultInfoText']","pop-up description of the ""BombSquad Pro"" multiplier, which gives players who have upgraded to Pro a slight boost.
Context Image: http://files.froemling.net/translateGuideImages/powerRanking.png","Players with the ${PRO} upgrade
receive a ${PERCENT}% point boost here.","Pelaajat, joilla on ${PRO}-päivitys
saat ${PERCENT} % pisteen lisäyksen täällä."
402,d41d8cd98f00b204e9800998ecf8427e,"['coopSelectWindow', 'seeMoreText']","title for a button in the power-rankings section which brings up a webpage showing all rankings
Context Image: http://files.froemling.net/translateGuideImages/powerRankings.png",More...,Lisää...
403,d41d8cd98f00b204e9800998ecf8427e,"['coopSelectWindow', 'skipWaitText']",Label for a button to skip some sort of wait,Skip Wait,Ohita Odota
404,d41d8cd98f00b204e9800998ecf8427e,"['coopSelectWindow', 'timeRemainingText']","the label for how much time is left in a tournament
Context Image: http://files.froemling.net/translateGuideImages/coopTourney.png",Time Remaining,Aikaa jäljellä
405,d41d8cd98f00b204e9800998ecf8427e,"['coopSelectWindow', 'toRankedText']","Shown after the percentage for players who have not yet reached the power-ranking list.
Context Image: http://files.froemling.net/translateGuideImages/powerRanking2.png",To Ranked,Sijoitulle
406,d41d8cd98f00b204e9800998ecf8427e,"['coopSelectWindow', 'totalText']","label for the ""total"" row at the bottom of the power-rankings section
Context Image: http://files.froemling.net/translateGuideImages/powerRankings.png",total,kokonais-
407,d41d8cd98f00b204e9800998ecf8427e,"['coopSelectWindow', 'tournamentInfoText']",Description for tournaments in the Single-Player/Co-op section,"Compete for high scores with
other players in your league.

Prizes are awarded to the top scoring
players when tournament time expires.","Kilpaile huippupisteistä kanssa
muita pelaajia liigassasi.

Parhaat pisteet palkitaan
pelaajia, kun turnausaika umpeutuu."
408,d41d8cd98f00b204e9800998ecf8427e,"['coopSelectWindow', 'welcome1Text']",First part of a welcome message shown the first time a user enters the single-player/co-op section.,"Welcome to ${LEAGUE}. You can improve your
league rank by earning star ratings, completing
achievements, and winning trophies in tournaments.","Tervetuloa ${LEAGUE}:een. Voit parantaa omaa
liigasijoitus ansaitsemalla tähtiluokituksia, suorittamalla
saavutuksia ja turnausten voittopalkintoja."
409,d41d8cd98f00b204e9800998ecf8427e,"['coopSelectWindow', 'welcome2Text']",Second part of a welcome message shown the first time a user enters the single-player/co-op section.,"You can also earn tickets from many of the same activities.
Tickets can be used to unlock new characters, maps, and
mini-games, to enter tournaments, and more.","Voit myös ansaita lippuja monista samoista aktiviteeteista.
Lippuja voidaan käyttää avaamaan uusia hahmoja, karttoja ja
minipelejä, osallistua turnauksiin ja paljon muuta."
410,d41d8cd98f00b204e9800998ecf8427e,"['coopSelectWindow', 'yourPowerRankingText']","label above the current player's power-ranking number
Context Image: http://files.froemling.net/translateGuideImages/powerRankings.png",Your Power Ranking:,Tehosijoituksesi:
411,d41d8cd98f00b204e9800998ecf8427e,['copyConfirmText'],,Copied to clipboard.,Kopioitu leikepöydälle.
412,d41d8cd98f00b204e9800998ecf8427e,['copyOfText'],"used when naming copies of a playlist, etc... so ""Playlist"" might become ""Playlist Copy"" or whatnot",${NAME} Copy,${NAME} Kopioi
413,d41d8cd98f00b204e9800998ecf8427e,['copyText'],as in 'copy & paste',Copy,Kopioida
414,d41d8cd98f00b204e9800998ecf8427e,['createEditPlayerText'],"When joining a game, this is an option that allows creating or editing a player profile instead of using one of the existing ones",<Create/Edit Player>,<Luo/muokkaa soitinta>
415,d41d8cd98f00b204e9800998ecf8427e,['createText'],"used on buttons which create new playlists, profiles, etc",Create,Luoda
416,d41d8cd98f00b204e9800998ecf8427e,"['creditsWindow', 'additionalAudioArtIdeasText']",,"Additional Audio, Early Artwork, and Ideas by ${NAME}","Lisäääntä, varhaista taidetta ja ideoita valmistajalta ${NAME}"
417,d41d8cd98f00b204e9800998ecf8427e,"['creditsWindow', 'additionalMusicFromText']",,Additional music from ${NAME},Lisää musiikkia kohteesta ${NAME}
418,d41d8cd98f00b204e9800998ecf8427e,"['creditsWindow', 'allMyFamilyText']",,All of my friends and family who helped play test,"Kaikki ystäväni ja perheeni, jotka auttoivat pelaamaan testiin"
419,d41d8cd98f00b204e9800998ecf8427e,"['creditsWindow', 'codingGraphicsAudioText']",,"Coding, Graphics, and Audio by ${NAME}","Koodaus, grafiikka ja ääni ${NAME}:lta"
420,d41d8cd98f00b204e9800998ecf8427e,"['creditsWindow', 'languageTranslationsText']",,Language Translations:,Kielen käännökset:
421,d41d8cd98f00b204e9800998ecf8427e,"['creditsWindow', 'legalText']",,Legal:,Lakiasiat:
422,d41d8cd98f00b204e9800998ecf8427e,"['creditsWindow', 'publicDomainMusicViaText']",,Public-domain music via ${NAME},Julkisen verkkotunnuksen musiikkia ${NAME}:n kautta
423,d41d8cd98f00b204e9800998ecf8427e,"['creditsWindow', 'softwareBasedOnText']",,This software is based in part on the work of ${NAME},Tämä ohjelmisto perustuu osittain ${NAME}:n työhön
424,d41d8cd98f00b204e9800998ecf8427e,"['creditsWindow', 'songCreditText']",,"${TITLE} Performed by ${PERFORMER}
Composed by ${COMPOSER}, Arranged by ${ARRANGER}, Published by ${PUBLISHER},
Courtesy of ${SOURCE}","${TITLE} Esittäjä ${PERFORMER}
Säveltäjä ${COMPOSER}, Järjestäjä: ${ARRANGER}, Julkaisija ${PUBLISHER},
${SOURCE}:n luvalla"
425,d41d8cd98f00b204e9800998ecf8427e,"['creditsWindow', 'soundAndMusicText']",,Sound & Music:,Ääni ja musiikki:
426,d41d8cd98f00b204e9800998ecf8427e,"['creditsWindow', 'soundsText']",,Sounds (${SOURCE}):,Äänet (${SOURCE}):
427,d41d8cd98f00b204e9800998ecf8427e,"['creditsWindow', 'specialThanksText']",,Special Thanks:,Erityiset kiitokset:
428,d41d8cd98f00b204e9800998ecf8427e,"['creditsWindow', 'thanksEspeciallyToText']",,Thanks especially to ${NAME},Kiitos erityisesti ${NAME}:lle
429,d41d8cd98f00b204e9800998ecf8427e,"['creditsWindow', 'titleText']",,${APP_NAME} Credits,${APP_NAME} hyvitystä
430,d41d8cd98f00b204e9800998ecf8427e,"['creditsWindow', 'whoeverInventedCoffeeText']",,Whoever invented coffee,Kuka tahansa kahvin keksi
431,d41d8cd98f00b204e9800998ecf8427e,['currentStandingText'],For showing your current standing (rank) in a tournament.,Your current standing is #${RANK},Nykyinen sijoituksesi on #${RANK}
432,d41d8cd98f00b204e9800998ecf8427e,['customizeText'],"title of a button to customize playlists, etc
Context Image: http://files.froemling.net/translateGuideImages/freeForAllSelect.png",Customize...,Mukauta...
433,d41d8cd98f00b204e9800998ecf8427e,['deathsTallyText'],,${COUNT} deaths,${COUNT} kuolemaa
434,d41d8cd98f00b204e9800998ecf8427e,['deathsText'],,Deaths,Kuolemat
435,d41d8cd98f00b204e9800998ecf8427e,['debugText'],,debug,debug
436,d41d8cd98f00b204e9800998ecf8427e,"['debugWindow', 'reloadBenchmarkBestResultsText']","a warning shown when running the ""reload"" benchmark in Settings->Advanced->Benchmarks & Stress Tests",Note: it is recommended that you set Settings->Graphics->Textures to 'High' while testing this.,"Huomautus: on suositeltavaa, että asetat Asetukset->Grafiikka->Tektuurit arvoon 'Korkea' tätä testattaessa."
437,d41d8cd98f00b204e9800998ecf8427e,"['debugWindow', 'runCPUBenchmarkText']","title of a button to test CPU performance in the game
Context Image: http://files.froemling.net/translateGuideImages/benchmarks1.png",Run CPU Benchmark,Suorita CPU Benchmark
438,d41d8cd98f00b204e9800998ecf8427e,"['debugWindow', 'runGPUBenchmarkText']","title of a button to test GPU (Graphics) performance in the game
Context Image: http://files.froemling.net/translateGuideImages/benchmarks1.png",Run GPU Benchmark,Suorita GPU Benchmark
439,d41d8cd98f00b204e9800998ecf8427e,"['debugWindow', 'runMediaReloadBenchmarkText']","title of a button to test media-loading performance in the game
Context Image: http://files.froemling.net/translateGuideImages/benchmarks1.png",Run Media-Reload Benchmark,Suorita Media-Reload Benchmark
440,d41d8cd98f00b204e9800998ecf8427e,"['debugWindow', 'runStressTestText']","title of a button to run a stress test, which tests the ability of the game to handle large numbers of players",Run stress test,Suorita stressitesti
441,d41d8cd98f00b204e9800998ecf8427e,"['debugWindow', 'stressTestPlayerCountText']",,Player Count,Pelaajien määrä
442,d41d8cd98f00b204e9800998ecf8427e,"['debugWindow', 'stressTestPlaylistDescriptionText']",,Stress Test Playlist,Stressitesti soittolista
443,d41d8cd98f00b204e9800998ecf8427e,"['debugWindow', 'stressTestPlaylistNameText']",,Playlist Name,Soittolistan nimi
444,d41d8cd98f00b204e9800998ecf8427e,"['debugWindow', 'stressTestPlaylistTypeText']",,Playlist Type,Soittolistan tyyppi
445,d41d8cd98f00b204e9800998ecf8427e,"['debugWindow', 'stressTestRoundDurationText']",,Round Duration,Kierroksen kesto
446,d41d8cd98f00b204e9800998ecf8427e,"['debugWindow', 'stressTestTitleText']",,Stress Test,Stressitesti
447,d41d8cd98f00b204e9800998ecf8427e,"['debugWindow', 'titleText']","title of the window for doing stress tests & benchmarks
Context Image: http://files.froemling.net/translateGuideImages/benchmarks1.png",Benchmarks & Stress Tests,Vertailuarvot ja stressitestit
448,d41d8cd98f00b204e9800998ecf8427e,"['debugWindow', 'totalReloadTimeText']",used in the media-reload benchmark when reporting the total time the test took,Total reload time: ${TIME} (see log for details),Uudelleenlatausaika yhteensä: ${TIME} (katso lisätietoja lokista)
449,d41d8cd98f00b204e9800998ecf8427e,['defaultGameListNameText'],"The default game for a new game list; ${PLAYMODE} will be replaced with the translated play-mode (""Free-for-All"", ""Co-op"", ""Teams"", etc.)",Default ${PLAYMODE} Playlist,Oletussoittolista ${PLAYMODE}
450,d41d8cd98f00b204e9800998ecf8427e,['defaultNewGameListNameText'],name used when making a new game playlist,My ${PLAYMODE} Playlist,Oma ${PLAYMODE}-soittolista
451,d41d8cd98f00b204e9800998ecf8427e,['deleteText'],"generic label for a command to delete some item (playlist, soundtrack, player-profile, etc)",Delete,Poistaa
452,d41d8cd98f00b204e9800998ecf8427e,['demoText'],"used for things such as a ""demo"" version of the game which gives a quick sample of gameplay",Demo,Demo
453,d41d8cd98f00b204e9800998ecf8427e,['denyText'],,Deny,Kiellä
454,d41d8cd98f00b204e9800998ecf8427e,['deprecatedText'],Label for something that is scheduled to be removed at some point in the future and generally should no longer be used.,Deprecated,Käytöstä poistettu
455,d41d8cd98f00b204e9800998ecf8427e,['descriptionText'],,Description,Kuvaus
456,d41d8cd98f00b204e9800998ecf8427e,['desktopResText'],resolution settings that specifies to use the desktop resolution,Desktop Res,Desktop Res
457,d41d8cd98f00b204e9800998ecf8427e,['deviceAccountUpgradeText'],Shown as part of a UI that allows users to upgrade old device accounts to modern V2 accounts.,"Warning:
You are signed in with a device account (${NAME}).
Device accounts will be removed in a future update.
Upgrade to a V2 Account if you want to keep your progress.","Varoitus:
Olet kirjautunut sisään laitetilillä (${NAME}).
Laitteen tilit poistetaan tulevassa päivityksessä.
Päivitä V2-tiliin, jos haluat jatkaa edistymistäsi."
458,d41d8cd98f00b204e9800998ecf8427e,['difficultyEasyText'],"Label for ""easy"" mode, in which co-op levels are easier to complete",Easy,Helppo
459,d41d8cd98f00b204e9800998ecf8427e,['difficultyHardOnlyText'],Label shown over achievements/etc. that are available only when playing in hard mode.,Hard Mode Only,Vain kova tila
460,d41d8cd98f00b204e9800998ecf8427e,['difficultyHardText'],"Label for ""hard"" mode, in which co-op levels are harder to complete",Hard,Kovaa
461,d41d8cd98f00b204e9800998ecf8427e,['difficultyHardUnlockOnlyText'],A message shown when trying to play a campaign level that can only be unlocked in hard mode,"This level can only be unlocked in hard mode.
Do you think you have what it takes!?!?!","Tämä taso voidaan avata vain kovassa tilassa.
Luuletko, että sinulla on mitä tarvitset!?!?!"
462,d41d8cd98f00b204e9800998ecf8427e,['directBrowserToURLText'],used when displaying URLs on systems with no built-in web browser,Please direct a web-browser to the following URL:,Ohjaa verkkoselain seuraavaan URL-osoitteeseen:
463,d41d8cd98f00b204e9800998ecf8427e,['disabledText'],,Disabled,Ei käytössä
464,d41d8cd98f00b204e9800998ecf8427e,['disableRemoteAppConnectionsText'],Label for a checkbox to enable blocking connections from the BombSquad Remote app,Disable Remote-App Connections,Poista etäsovellusyhteydet käytöstä
465,d41d8cd98f00b204e9800998ecf8427e,['disableXInputDescriptionText'],"Description for disabling XInput on the windows version of the game and instead using DirectInput, which can allow more than 4 controllers to be used but which can cause minor problems",Allows more than 4 controllers but may not work as well.,"Sallii yli 4 ohjainta, mutta ei välttämättä toimi yhtä hyvin."
466,d41d8cd98f00b204e9800998ecf8427e,['disableXInputText'],"Name of the option for disabling XInput on the windows version of the game and instead using DirectInput, which can allow more than 4 controllers to be used but which can cause minor problems",Disable XInput,Poista XInput käytöstä
467,d41d8cd98f00b204e9800998ecf8427e,['discardText'],Label for a button which throws away some prize or item,Discard,Hävitä
468,d41d8cd98f00b204e9800998ecf8427e,['discordFriendsText'],,"Want to look for new people to play with?
Join our Discord and find new friends!","Haluatko etsiä uusia pelaajia?
Liity Discordiin ja löydä uusia ystäviä!"
469,d41d8cd98f00b204e9800998ecf8427e,['discordJoinText'],,Join the Discord,Liity Discordiin
470,d41d8cd98f00b204e9800998ecf8427e,['doneText'],"standard ""Done"" button in windows/dialogs",Done,Tehty
471,d41d8cd98f00b204e9800998ecf8427e,['drawText'],shown when a game is a draw (tie),Draw,Piirrä
472,d41d8cd98f00b204e9800998ecf8427e,['duplicateText'],"generic label for a command to duplicate some item (playlist, soundtrack, player-profile, etc)",Duplicate,Kopioi
473,d41d8cd98f00b204e9800998ecf8427e,"['editGameListWindow', 'addGameText']","label for the button to add a game in the playlist-editor
Context Image: http://files.froemling.net/translateGuideImages/editPlaylist.png","Add
Game","Lisää
Peli"
474,d41d8cd98f00b204e9800998ecf8427e,"['editGameListWindow', 'cantOverwriteDefaultText']",,Can't overwrite the default playlist!,Oletussoittolistaa ei voi korvata!
475,d41d8cd98f00b204e9800998ecf8427e,"['editGameListWindow', 'cantSaveAlreadyExistsText']",error message shown when trying to save a game playlist using a name that already exists,A playlist with that name already exists!,Samanniminen soittolista on jo olemassa!
476,d41d8cd98f00b204e9800998ecf8427e,"['editGameListWindow', 'cantSaveEmptyListText']",error message shown when trying to save a game playlist without adding any games to it,Can't save an empty playlist!,Tyhjää soittolistaa ei voi tallentaa!
477,d41d8cd98f00b204e9800998ecf8427e,"['editGameListWindow', 'editGameText']","label for the button to edit a game in the playlist-editor
Context Image: http://files.froemling.net/translateGuideImages/editPlaylist.png","Edit
Game","Muokkaa
Peli"
478,d41d8cd98f00b204e9800998ecf8427e,"['editGameListWindow', 'listNameText']","label next to the playlist-name textfield in the playlist-editor
Context Image: http://files.froemling.net/translateGuideImages/editPlaylist.png",Playlist Name,Soittolistan nimi
479,d41d8cd98f00b204e9800998ecf8427e,"['editGameListWindow', 'nameText']",,Name,Nimi
480,d41d8cd98f00b204e9800998ecf8427e,"['editGameListWindow', 'removeGameText']","label for the button to remove a game in the playlist-editor
Context Image: http://files.froemling.net/translateGuideImages/editPlaylist.png","Remove
Game","Poista
Peli"
481,d41d8cd98f00b204e9800998ecf8427e,"['editGameListWindow', 'saveText']",,Save List,Tallenna lista
482,d41d8cd98f00b204e9800998ecf8427e,"['editGameListWindow', 'titleText']","title in the playlist-editor
Context Image: http://files.froemling.net/translateGuideImages/editPlaylist.png",Playlist Editor,Soittolistaeditori
483,d41d8cd98f00b204e9800998ecf8427e,"['editProfileWindow', 'accountProfileInfoText']","explanation for the special ""Account Profile"" player-profile","This special profile has a name
and icon based on your account.

${ICONS}

Create custom profiles to use
different names or custom icons.","Tällä erikoisprofiililla on nimi
ja kuvake tilisi perusteella.

${ICONS}

Luo mukautettuja profiileja käytettäväksi
eri nimiä tai mukautettuja kuvakkeita."
484,d41d8cd98f00b204e9800998ecf8427e,"['editProfileWindow', 'accountProfileText']",name of the special player-profile that uses your signed-in account name as your player name,(account profile),(tilin profiili)
485,d41d8cd98f00b204e9800998ecf8427e,"['editProfileWindow', 'availableText']","when reserving a global player profile name, this is shown if your name is available","The name ""${NAME}"" is available.","Nimi ""${NAME}"" on saatavilla."
486,d41d8cd98f00b204e9800998ecf8427e,"['editProfileWindow', 'characterText']","label below the character-select button in the profile-editor
Context Image: http://files.froemling.net/translateGuideImages/profile.png",character,merkki
487,d41d8cd98f00b204e9800998ecf8427e,"['editProfileWindow', 'checkingAvailabilityText']",shown when checking the availability of a global profile name,"Checking availability for ""${NAME}""...","Tarkistetaan ""${NAME}"" saatavuutta..."
488,d41d8cd98f00b204e9800998ecf8427e,"['editProfileWindow', 'colorText']",the label for the player-profile primary color,color,väri
489,d41d8cd98f00b204e9800998ecf8427e,"['editProfileWindow', 'getMoreCharactersText']","label for a button in the character-selector to go to the store
Context Image: http://files.froemling.net/translateGuideImages/characterSelect.png",Get More Characters...,Hanki lisää hahmoja...
490,d41d8cd98f00b204e9800998ecf8427e,"['editProfileWindow', 'getMoreIconsText']",label for a button leading to the icons section of the store (for buying icons to use with global player profiles),Get More Icons...,Hanki lisää kuvakkeita...
491,d41d8cd98f00b204e9800998ecf8427e,"['editProfileWindow', 'globalProfileInfoText']",explanation for global player profiles,"Global player profiles are guaranteed to have unique
names worldwide. They also include custom icons.","Globaalit pelaajaprofiilit ovat taatusti ainutlaatuisia
nimiä maailmanlaajuisesti. Ne sisältävät myös mukautettuja kuvakkeita."
492,d41d8cd98f00b204e9800998ecf8427e,"['editProfileWindow', 'globalProfileText']",global profiles are a type of player profile which has a globally-unique name and custom icon,(global profile),(yleinen profiili)
493,d41d8cd98f00b204e9800998ecf8427e,"['editProfileWindow', 'highlightText']",the label for the player-profile secondary color (highlight),highlight,kohokohta
494,d41d8cd98f00b204e9800998ecf8427e,"['editProfileWindow', 'iconText']",label by the icon selector in the player-profile editor (for global profiles only),icon,kuvake
495,d41d8cd98f00b204e9800998ecf8427e,"['editProfileWindow', 'localProfileInfoText']",explanation for local profiles; the standard player profiles which have no icons or reserved names,"Local player profiles have no icons and their names are
not guaranteed to be unique. Upgrade to a global profile
to reserve a unique name and add a custom icon.","Paikallisilla pelaajaprofiileilla ei ole kuvakkeita, ja niiden nimet ovat
ei takuulla ainutlaatuista. Päivitä globaaliin profiiliin
varata yksilöllinen nimi ja lisätä mukautettu kuvake."
496,d41d8cd98f00b204e9800998ecf8427e,"['editProfileWindow', 'localProfileText']",label for a local profile (the standard player profile type which has no icon or reserved name),(local profile),(paikallinen profiili)
497,d41d8cd98f00b204e9800998ecf8427e,"['editProfileWindow', 'nameDescriptionText']",,Player Name,Pelaajan nimi
498,d41d8cd98f00b204e9800998ecf8427e,"['editProfileWindow', 'nameText']",,Name,Nimi
499,d41d8cd98f00b204e9800998ecf8427e,"['editProfileWindow', 'profileAlreadyExistsText']",,A profile with that name already exists.,Samanniminen profiili on jo olemassa.
500,d41d8cd98f00b204e9800998ecf8427e,"['editProfileWindow', 'randomText']",label for the button which assigns the player a random name,random,satunnainen
501,d41d8cd98f00b204e9800998ecf8427e,"['editProfileWindow', 'titleEditText']",,Edit Profile,Muokkaa profiilia
502,d41d8cd98f00b204e9800998ecf8427e,"['editProfileWindow', 'titleNewText']",,New Profile,Uusi profiili
503,d41d8cd98f00b204e9800998ecf8427e,"['editProfileWindow', 'unavailableText']",shown when trying to reserve a global player profile name that is invalid or already taken,"""${NAME}"" is unavailable; try another name.","""${NAME}"" ei ole käytettävissä; kokeile toista nimeä."
504,d41d8cd98f00b204e9800998ecf8427e,"['editProfileWindow', 'upgradeProfileInfoText']",explanation shown when upgrading a regular local player profile to a global one,"This will reserve your player name worldwide
and allow you to assign a custom icon to it.","Tämä varaa pelaajanimesi maailmanlaajuisesti
ja voit määrittää sille mukautetun kuvakkeen."
505,d41d8cd98f00b204e9800998ecf8427e,"['editProfileWindow', 'upgradeToGlobalProfileText']",Title for the window used to upgrade regular local player profiles to global ones,Upgrade to Global Profile,Päivitä globaaliin profiiliin
506,d41d8cd98f00b204e9800998ecf8427e,"['editSoundtrackWindow', 'cantDeleteDefaultText']",error message when trying to delete the default soundtrack,You can't delete the default soundtrack.,Oletusääniraitaa ei voi poistaa.
507,d41d8cd98f00b204e9800998ecf8427e,"['editSoundtrackWindow', 'cantEditDefaultText']",,Can't edit default soundtrack.  Duplicate it or create a new one.,Oletusääniraitaa ei voi muokata.  Kopioi se tai luo uusi.
508,d41d8cd98f00b204e9800998ecf8427e,"['editSoundtrackWindow', 'cantOverwriteDefaultText']",,Can't overwrite default soundtrack,Oletusääniraitaa ei voi korvata
509,d41d8cd98f00b204e9800998ecf8427e,"['editSoundtrackWindow', 'cantSaveAlreadyExistsText']",,A soundtrack with that name already exists!,Samanniminen ääniraita on jo olemassa!
510,d41d8cd98f00b204e9800998ecf8427e,"['editSoundtrackWindow', 'defaultGameMusicText']",,<default game music>,<oletuspelimusiikki>
511,d41d8cd98f00b204e9800998ecf8427e,"['editSoundtrackWindow', 'defaultSoundtrackNameText']",,Default Soundtrack,Oletusääniraita
512,d41d8cd98f00b204e9800998ecf8427e,"['editSoundtrackWindow', 'deleteConfirmText']",,"Delete Soundtrack:

'${NAME}'?","Poista ääniraita:

'${NAME}'?"
513,d41d8cd98f00b204e9800998ecf8427e,"['editSoundtrackWindow', 'deleteText']","label for the button to delete a soundtrack in the soundtrack-editor
Context Image: http://files.froemling.net/translateGuideImages/soundtracks.png","Delete
Soundtrack","Poista
Soundtrack"
514,d41d8cd98f00b204e9800998ecf8427e,"['editSoundtrackWindow', 'duplicateText']","label for the button to duplicate a soundtrack in the soundtrack-editor
Context Image: http://files.froemling.net/translateGuideImages/soundtracks.png","Duplicate
Soundtrack","Kopioi
Soundtrack"
515,d41d8cd98f00b204e9800998ecf8427e,"['editSoundtrackWindow', 'editSoundtrackText']",,Soundtrack Editor,Soundtrack-editori
516,d41d8cd98f00b204e9800998ecf8427e,"['editSoundtrackWindow', 'editText']","label for the button to edit a soundtrack in the soundtrack-editor
Context Image: http://files.froemling.net/translateGuideImages/soundtracks.png","Edit
Soundtrack","Muokkaa
Soundtrack"
517,d41d8cd98f00b204e9800998ecf8427e,"['editSoundtrackWindow', 'fetchingITunesText']",iTunes has been replaced with the Music App on macOS,fetching Music App playlists...,haetaan Music App -soittolistoja...
518,d41d8cd98f00b204e9800998ecf8427e,"['editSoundtrackWindow', 'musicVolumeZeroWarning']",,Warning: music volume is set to 0,Varoitus: musiikin äänenvoimakkuus on asetettu arvoon 0
519,d41d8cd98f00b204e9800998ecf8427e,"['editSoundtrackWindow', 'nameText']",,Name,Nimi
520,d41d8cd98f00b204e9800998ecf8427e,"['editSoundtrackWindow', 'newSoundtrackNameText']",,My Soundtrack ${COUNT},Ääniraitani ${COUNT}
521,d41d8cd98f00b204e9800998ecf8427e,"['editSoundtrackWindow', 'newSoundtrackText']",,New Soundtrack:,Uusi soundtrack:
522,d41d8cd98f00b204e9800998ecf8427e,"['editSoundtrackWindow', 'newText']","label for the button to make a new soundtrack in the soundtrack-editor
Context Image: http://files.froemling.net/translateGuideImages/soundtracks.png","New
Soundtrack","Uusi
Soundtrack"
523,d41d8cd98f00b204e9800998ecf8427e,"['editSoundtrackWindow', 'selectAPlaylistText']",,Select A Playlist,Valitse Soittolista
524,d41d8cd98f00b204e9800998ecf8427e,"['editSoundtrackWindow', 'selectASourceText']","header for a UI where you select between music options: iTunes playlist, internal music, single songs, etc",Music Source,Musiikin lähde
525,d41d8cd98f00b204e9800998ecf8427e,"['editSoundtrackWindow', 'testText']",label for the button that tests (plays) a soundtrack entry,test,testata
526,d41d8cd98f00b204e9800998ecf8427e,"['editSoundtrackWindow', 'titleText']","title for the soundtrack-editor window
Context Image: http://files.froemling.net/translateGuideImages/soundtracks.png",Soundtracks,Ääniraidat
527,d41d8cd98f00b204e9800998ecf8427e,"['editSoundtrackWindow', 'useDefaultGameMusicText']",name of a soundtrack option for using the standard game music,Default Game Music,Pelin oletusmusiikki
528,d41d8cd98f00b204e9800998ecf8427e,"['editSoundtrackWindow', 'useITunesPlaylistText']",soundtrack option to use a playlist from the Music app (used to be iTunes),Music App Playlist,Musiikkisovellusten soittolista
529,d41d8cd98f00b204e9800998ecf8427e,"['editSoundtrackWindow', 'useMusicFileText']","soundtrack option to use a music file (an mp3, wav, etc) for game music","Music File (mp3, etc)",Musiikkitiedosto (mp3 jne.)
530,d41d8cd98f00b204e9800998ecf8427e,"['editSoundtrackWindow', 'useMusicFolderText']","soundtrack option to use a whole folder of music files (mp3, etc) as game music",Folder of Music Files,Musiikkitiedostojen kansio
531,d41d8cd98f00b204e9800998ecf8427e,['editText'],"generic label for a command to edit some item (playlist, soundtrack, player-profile, etc)",Edit,Muokata
532,d41d8cd98f00b204e9800998ecf8427e,['enabledText'],,Enabled,Käytössä
533,d41d8cd98f00b204e9800998ecf8427e,['endText'],Label for the button that is opposite of Continue (ends the game instead of continuing),End,Loppu
534,d41d8cd98f00b204e9800998ecf8427e,['enjoyText'],"used at the end of a statement to tell the player to enjoy something
Context Image: http://files.froemling.net/translateGuideImages/promoCodeEmail.png",Enjoy!,Nauti!
535,d41d8cd98f00b204e9800998ecf8427e,['epicDescriptionFilterText'],,${DESCRIPTION} In epic slow motion.,${DESCRIPTION} eeppisesti hidastettuna.
536,d41d8cd98f00b204e9800998ecf8427e,['epicNameFilterText'],how game names are filtered when in epic (slow-motion) mode,Epic ${NAME},Eeppinen ${NAME}
537,d41d8cd98f00b204e9800998ecf8427e,['errorAccessDeniedText'],Shown in errors where a file can't be written or whatnot.,access denied,Käyttö estetty
538,d41d8cd98f00b204e9800998ecf8427e,['errorDeviceTimeIncorrectText'],,"Your device's time is incorrect by ${HOURS} hours.
This is likely to cause problems.
Please check your time and time-zone settings.","Laitteesi aika on ${HOURS} tunnilla virheellinen.
Tämä aiheuttaa todennäköisesti ongelmia.
Tarkista aika- ja aikavyöhykeasetukset."
539,d41d8cd98f00b204e9800998ecf8427e,['errorOutOfDiskSpaceText'],Shown in errors where there is no disk space left on a device.,out of disk space,levytila ​​loppu
540,d41d8cd98f00b204e9800998ecf8427e,['errorSecureConnectionFailText'],,Unable to establish secure cloud connection; network functionality may fail.,Ei voida muodostaa suojattua pilviyhteyttä; verkon toiminta saattaa epäonnistua.
541,d41d8cd98f00b204e9800998ecf8427e,['errorText'],,Error,Virhe
542,d41d8cd98f00b204e9800998ecf8427e,['errorUnknownText'],Shown for other random errors where the cause is not known.,unknown error,tuntematon virhe
543,d41d8cd98f00b204e9800998ecf8427e,['exitGameText'],,Exit ${APP_NAME}?,Poistutaanko ${APP_NAME}:sta?
544,d41d8cd98f00b204e9800998ecf8427e,['expiredAgoText'],"Shows how long it has been since something expired - for examle: ""Expired 1h 2m ago""",Expired ${T} ago,Vanhentui ${T} sitten
545,d41d8cd98f00b204e9800998ecf8427e,['expiresInText'],"Shows how long until something expires - for examle: ""Expires in 1h 2m""",Expires in ${T},Vanhenee ${T} kuluttua
546,d41d8cd98f00b204e9800998ecf8427e,['exportSuccessText'],Message shown after something is successfully exported (such as a playlist),'${NAME}' exported.,${NAME} viety.
547,d41d8cd98f00b204e9800998ecf8427e,['externalStorageText'],title for the external storage directory on systems like Android (where the user can put their stuff),External Storage,Ulkoinen tallennustila
548,d41d8cd98f00b204e9800998ecf8427e,['failText'],shown when failing at a co-op game,Fail,Epäonnistui
549,d41d8cd98f00b204e9800998ecf8427e,['fatalErrorText'],,"Uh oh; something is missing or broken.
Please try reinstalling the app or
contact ${EMAIL} for help.","Voi oh; jotain puuttuu tai rikki.
Yritä asentaa sovellus uudelleen tai
ota yhteyttä ${EMAIL} saadaksesi apua."
550,d41d8cd98f00b204e9800998ecf8427e,"['fileSelectorWindow', 'titleFileFolderText']",title for a file selector window asking the user to select a file OR a folder,Select a File or Folder,Valitse tiedosto tai kansio
551,d41d8cd98f00b204e9800998ecf8427e,"['fileSelectorWindow', 'titleFileText']",title for a file selector window asking the user to select ONLY a file,Select a File,Valitse tiedosto
552,d41d8cd98f00b204e9800998ecf8427e,"['fileSelectorWindow', 'titleFolderText']",title for a file selector window asking the user to select ONLY a folder,Select a Folder,Valitse kansio
553,d41d8cd98f00b204e9800998ecf8427e,"['fileSelectorWindow', 'useThisFolderButtonText']","when selecting a folder, this is the title of a button saying to use the current folder",Use This Folder,Käytä tätä kansiota
554,d41d8cd98f00b204e9800998ecf8427e,['filterText'],Label for a control allowing filtering of servers by name (or similar such things),Filter,Suodattaa
555,d41d8cd98f00b204e9800998ecf8427e,['finalScoresText'],,Final Scores,Lopulliset pisteet
556,d41d8cd98f00b204e9800998ecf8427e,['finalScoreText'],,Final Score,Lopputulos
557,d41d8cd98f00b204e9800998ecf8427e,['finalTimeText'],,Final Time,Viimeinen aika
558,d41d8cd98f00b204e9800998ecf8427e,['finishingInstallText'],shown when first installing the game (android version only),Finishing install; one moment...,Viimeistelyasennus; yksi hetki...
559,d41d8cd98f00b204e9800998ecf8427e,['fireTVRemoteWarningText'],A warning that shows on FireTV when you only have the tv-style-remote connected,"* For a better experience, use
Game Controllers or install the
'${REMOTE_APP_NAME}' app on your
phones and tablets.","* Paremman kokemuksen saamiseksi käytä
Peliohjaimet tai asenna
${REMOTE_APP_NAME}-sovellus
puhelimet ja tabletit."
560,d41d8cd98f00b204e9800998ecf8427e,['firstToFinalText'],"shown as a label for free-for-all series results;  ""First-to-24 Final"", etc",First-to-${COUNT} Final,Ensimmäiseksi ${COUNT} finaaliin
561,d41d8cd98f00b204e9800998ecf8427e,['firstToSeriesText'],"shown as a label for a free-for-all series;  ""First-to-24 Series"", etc",First-to-${COUNT} Series,Ensimmäiseksi ${COUNT}-sarjaan
562,d41d8cd98f00b204e9800998ecf8427e,['fiveKillText'],shown after getting 5 kills in a row,FIVE KILL!!!,VIISI TAPPOMAA!!!
563,d41d8cd98f00b204e9800998ecf8427e,['flawlessWaveText'],shown when completing a wave perfectly (without dying or missing enemies or whatever),Flawless Wave!,Virheetön Wave!
564,d41d8cd98f00b204e9800998ecf8427e,['fourKillText'],shown after getting 4 kills in a row,QUAD KILL!!!,QUAD KILL!!!
565,d41d8cd98f00b204e9800998ecf8427e,['friendScoresUnavailableText'],,Friend scores unavailable.,Ystävän tulokset eivät ole käytettävissä.
566,d41d8cd98f00b204e9800998ecf8427e,['gameLeadersText'],label for top-scoring players in a game,Game ${COUNT} Leaders,Pelin ${COUNT} johtajat
567,d41d8cd98f00b204e9800998ecf8427e,"['gameListWindow', 'cantDeleteDefaultText']",,You can't delete the default playlist.,Oletussoittolistaa ei voi poistaa.
568,d41d8cd98f00b204e9800998ecf8427e,"['gameListWindow', 'cantEditDefaultText']",,Can't edit the default playlist!  Duplicate it or create a new one.,Oletussoittolistaa ei voi muokata!  Kopioi se tai luo uusi.
569,d41d8cd98f00b204e9800998ecf8427e,"['gameListWindow', 'cantShareDefaultText']",error message printed if you try to share the default teams/free-for-all playlist,You can't share the default playlist.,Oletussoittolistaa ei voi jakaa.
570,d41d8cd98f00b204e9800998ecf8427e,"['gameListWindow', 'deleteConfirmText']","confirmation shown when deleting a game playlist
Context Image: http://files.froemling.net/translateGuideImages/deleteGameListConfirm.png","Delete ""${LIST}""?","Poistetaanko ""${LIST}""?"
571,d41d8cd98f00b204e9800998ecf8427e,"['gameListWindow', 'deleteText']","label for the button to delete a game playlist
Context Image: http://files.froemling.net/translateGuideImages/playlists.png","Delete
Playlist","Poista
Soittolista"
572,d41d8cd98f00b204e9800998ecf8427e,"['gameListWindow', 'duplicateText']","label for the button to duplicate a game playlist
Context Image: http://files.froemling.net/translateGuideImages/playlists.png","Duplicate
Playlist","Kopioi
Soittolista"
573,d41d8cd98f00b204e9800998ecf8427e,"['gameListWindow', 'editText']","label for the button to edit a game playlist
Context Image: http://files.froemling.net/translateGuideImages/playlists.png","Edit
Playlist","Muokkaa
Soittolista"
574,d41d8cd98f00b204e9800998ecf8427e,"['gameListWindow', 'newText']","label for the button to create a new game playlist
Context Image: http://files.froemling.net/translateGuideImages/playlists.png","New
Playlist","Uusi
Soittolista"
575,d41d8cd98f00b204e9800998ecf8427e,"['gameListWindow', 'pointsToWinText']",,Points To Win,Pisteet Voittaa
576,d41d8cd98f00b204e9800998ecf8427e,"['gameListWindow', 'seriesLengthText']",,Series Length,Sarjan pituus
577,d41d8cd98f00b204e9800998ecf8427e,"['gameListWindow', 'showTutorialText']",label for a checkbox determining whether or not to show a short tutorial before the game starts,Show Tutorial,Näytä opetusohjelma
578,d41d8cd98f00b204e9800998ecf8427e,"['gameListWindow', 'shuffleGameOrderText']",label for the checkbox for whether to play games in random order,Shuffle Game Order,Sekoita pelijärjestys
579,d41d8cd98f00b204e9800998ecf8427e,"['gameListWindow', 'titleText']","title for the customize-playlists window. ${TYPE} is replaced by the translation of ""Free-For-All"", ""Teams"", etc.
Context Image: http://files.froemling.net/translateGuideImages/playlists.png",Customize ${TYPE} Playlists,Muokkaa ${TYPE} soittolistaa
580,d41d8cd98f00b204e9800998ecf8427e,"['gameSettingsWindow', 'addGameText']",,Add Game,Lisää peli
581,d41d8cd98f00b204e9800998ecf8427e,['gamesToText'],"shown at the end of a game series, as in:  BLUE WINS - 4 games to 2",${WINCOUNT} games to ${LOSECOUNT},${WINCOUNT} peliä käyttäjälle ${LOSECOUNT}
582,d41d8cd98f00b204e9800998ecf8427e,"['gatherWindow', 'aboutDescriptionLocalMultiplayerExtraText']","extra bit of description in the gather window (used to gather a party to play on the network/internet) on systems that support local multiplayer
Context Image: http://files.froemling.net/translateGuideImages/gatherAbout.png","Remember: any device in a party can have more
than one player if you have enough controllers.","Muista: missä tahansa puolueen laitteessa voi olla enemmän
kuin yksi pelaaja, jos sinulla on tarpeeksi ohjaimia."
583,d41d8cd98f00b204e9800998ecf8427e,"['gatherWindow', 'aboutDescriptionText']","main portion of the description in the gather window (used to gather a party to play on the network/internet)
Context Image: http://files.froemling.net/translateGuideImages/gatherAbout.png","Use these tabs to assemble a party.

Parties let you play games and tournaments
with your friends across different devices.

Use the ${PARTY} button at the top right to
chat and interact with your party.
(on a controller, press ${BUTTON} while in a menu)","Käytä näitä välilehtiä juhlien kokoamiseen.

Juhlien avulla voit pelata pelejä ja turnauksia
ystäviesi kanssa eri laitteilla.

Käytä oikeassa yläkulmassa olevaa ${PARTY}-painiketta
jutella ja olla vuorovaikutuksessa puolueesi kanssa.
(paina ohjaimessa ${BUTTON} ollessasi valikossa)"
584,d41d8cd98f00b204e9800998ecf8427e,"['gatherWindow', 'aboutText']","title for the ""About"" tab in the gather window (used to gather a party to play on the network/internet)
Context Image: http://files.froemling.net/translateGuideImages/gatherAbout.png",About,Noin
585,d41d8cd98f00b204e9800998ecf8427e,"['gatherWindow', 'addressFetchErrorText']","shown when there is an error during a joinable-test, address-lookup, etc.
Context Image: http://files.froemling.net/translateGuideImages/gatherManual.png",<error fetching addresses>,<virhe osoitteiden haussa>
586,d41d8cd98f00b204e9800998ecf8427e,"['gatherWindow', 'appInviteMessageText']",Message used in an invitation to another player where they will receive some tickets for installing/trying the game,${NAME} sent you ${COUNT} tickets in ${APP_NAME},${NAME} lähetti sinulle ${COUNT} lippua ${APP_NAME}:ssa
587,d41d8cd98f00b204e9800998ecf8427e,"['gatherWindow', 'appInviteSendACodeText']",Label for a button where you can send friends a code to claim their invite prize (instead of a link or some other method),Send Them A Code,Lähetä heille koodi
588,d41d8cd98f00b204e9800998ecf8427e,"['gatherWindow', 'appInviteTitleText']",Title of a window used to invite friends to try the app,${APP_NAME} App Invite,${APP_NAME} Sovelluskutsu
589,d41d8cd98f00b204e9800998ecf8427e,"['gatherWindow', 'bluetoothAndroidSupportText']","shows which android devices are supported in the bluetooth tab in the gather window (used to gather a party to play on the network/internet)
Context Image: http://files.froemling.net/translateGuideImages/gatherBluetooth.png",(works with any Android device supporting Bluetooth),"(toimii minkä tahansa Android-laitteen kanssa, joka tukee Bluetoothia)"
590,d41d8cd98f00b204e9800998ecf8427e,"['gatherWindow', 'bluetoothDescriptionText']","description for the bluetooth tab in the gather window (used to gather a party to play on the network/internet)
Context Image: http://files.froemling.net/translateGuideImages/gatherBluetooth.png",Host/join a party over Bluetooth:,Isännöi/liity juhliin Bluetoothin kautta:
591,d41d8cd98f00b204e9800998ecf8427e,"['gatherWindow', 'bluetoothHostText']","button used to ""host"" a party in the bluetooth tab in the gather window (used to gather a party to play on the network/internet)
Context Image: http://files.froemling.net/translateGuideImages/gatherBluetooth.png",Host over Bluetooth,Isäntä Bluetoothin kautta
592,d41d8cd98f00b204e9800998ecf8427e,"['gatherWindow', 'bluetoothJoinText']","button used to search for a party in the bluetooth tab in the gather window (used to gather a party to play on the network/internet)
Context Image: http://files.froemling.net/translateGuideImages/gatherBluetooth.png",Join over Bluetooth,Liity Bluetoothin kautta
593,d41d8cd98f00b204e9800998ecf8427e,"['gatherWindow', 'bluetoothText']","title for the bluetooth tab in the gather window (used to gather a party to play on the network/internet)
Context Image: http://files.froemling.net/translateGuideImages/gatherBluetooth.png",Bluetooth,Bluetooth
594,d41d8cd98f00b204e9800998ecf8427e,"['gatherWindow', 'checkingText']","shown next to joinable-tests, address-lookups, etc. while they are in progress
Context Image: http://files.froemling.net/translateGuideImages/gatherManual.png",checking...,tarkistetaan...
595,d41d8cd98f00b204e9800998ecf8427e,"['gatherWindow', 'copyCodeConfirmText']","Confirmation message after pressing ""Copy Code"" which tells the user that the code was copied to their clipboard.
Context Image: http://files.froemling.net/translateGuideImages/privateHost5.png",Code copied to clipboard.,Koodi kopioitu leikepöydälle.
596,d41d8cd98f00b204e9800998ecf8427e,"['gatherWindow', 'copyCodeText']","Label for a button which copies a party-code to the clipboard so that it can be pasted into messages to friends/etc.
Context Image: http://files.froemling.net/translateGuideImages/privateHost5.png",Copy Code,Kopioi koodi
597,d41d8cd98f00b204e9800998ecf8427e,"['gatherWindow', 'dedicatedServerInfoText']",Part of the host-public-party tab saying that using a dedicated server is the best way to go,"For best results, set up a dedicated server. See bombsquadgame.com/server to learn how.",Parhaan tuloksen saamiseksi määritä oma palvelin. Katso lisätietoja osoitteesta bombsquadgame.com/server.
598,d41d8cd98f00b204e9800998ecf8427e,"['gatherWindow', 'descriptionShortText']",,Use the gather window to assemble a party.,Käytä kokoontumisikkunaa juhlien kokoamiseen.
599,d41d8cd98f00b204e9800998ecf8427e,"['gatherWindow', 'disconnectClientsText']",shown in a confirmation-window before doing something (such as joining a new party) that will disconnect your old party,"This will disconnect the ${COUNT} player(s)
in your party. Are you sure?","Tämä katkaisee yhteyden ${COUNT} soittimeen
teidän puolueessanne. Oletko varma?"
600,d41d8cd98f00b204e9800998ecf8427e,"['gatherWindow', 'earnTicketsForRecommendingAmountText']",A simple message saying that you and a friend will get free tickets if you share the game and they try it,"Friends will receive ${COUNT} tickets if they try the game
(and you will receive ${YOU_COUNT} for each who does)","Ystävät saavat ${COUNT} lippua, jos he kokeilevat peliä
(ja saat ${YOU_COUNT} jokaisesta, joka tekee)"
601,d41d8cd98f00b204e9800998ecf8427e,"['gatherWindow', 'earnTicketsForRecommendingText']",Label shown by a button allowing you to send your friends friend-codes/app-invites,"Share the game
for free tickets...","Jaa peli
ilmaisiin lippuihin..."
602,d41d8cd98f00b204e9800998ecf8427e,"['gatherWindow', 'emailItText']","Label for a button to email a code to a friend
Context Image: http://files.froemling.net/translateGuideImages/sendPromoCode.png",Email It,Lähetä se sähköpostilla
603,d41d8cd98f00b204e9800998ecf8427e,"['gatherWindow', 'favoritesSaveText']",Label for a button used to save a server address (or something similar) to a list of favorites.,Save As Favorite,Tallenna suosikiksi
604,d41d8cd98f00b204e9800998ecf8427e,"['gatherWindow', 'favoritesText']",Label for a list of favorites servers (or other things) the user can manage.,Favorites,Suosikit
605,d41d8cd98f00b204e9800998ecf8427e,"['gatherWindow', 'freeCloudServerAvailableMinutesText']","A message showing that a free (no-cost) server will be available in some number of minutes.
Context Image: http://files.froemling.net/translateGuideImages/privateHost3.png",Next free cloud server available in ${MINUTES} minutes.,Seuraava ilmainen pilvipalvelin saatavilla ${MINUTES} minuutin kuluttua.
606,d41d8cd98f00b204e9800998ecf8427e,"['gatherWindow', 'freeCloudServerAvailableNowText']","A message showing that a free (no-cost) server is currently available so the user can host a party without having to pay tickets/etc.
Context Image: http://files.froemling.net/translateGuideImages/privateHost1.png",Free cloud server available!,Ilmainen pilvipalvelin saatavilla!
607,d41d8cd98f00b204e9800998ecf8427e,"['gatherWindow', 'freeCloudServerNotAvailableText']","A message showing that no free (no-cost) servers are currently available.
Context Image: http://files.froemling.net/translateGuideImages/privateHost2.png",No free cloud servers available.,Ilmaisia ​​pilvipalvelimia ei ole saatavilla.
608,d41d8cd98f00b204e9800998ecf8427e,"['gatherWindow', 'friendHasSentPromoCodeText']","Used as a subject in friend-code emails sent to friends giving them tickets/etc.
Context Image: http://files.froemling.net/translateGuideImages/promoCodeEmail.png",${COUNT} ${APP_NAME} tickets from ${NAME},${COUNT} ${APP_NAME} lippua kauppiaalta ${NAME}
609,d41d8cd98f00b204e9800998ecf8427e,"['gatherWindow', 'friendPromoCodeAwardText']","part of the friend-code window describing the award a player will get each time one of their codes is used
Context Image: http://files.froemling.net/translateGuideImages/sendPromoCode2.png",You will receive ${COUNT} tickets each time it is used.,"Saat ${COUNT} lippua joka kerta, kun sitä käytetään."
610,d41d8cd98f00b204e9800998ecf8427e,"['gatherWindow', 'friendPromoCodeExpireText']","part of the friend-code window describing when the code will expire
Context Image: http://files.froemling.net/translateGuideImages/sendPromoCode2.png",The code will expire in ${EXPIRE_HOURS} hours and only works for new players.,Koodi vanhenee ${EXPIRE_HOURS} tunnin kuluttua ja toimii vain uusille pelaajille.
611,d41d8cd98f00b204e9800998ecf8427e,"['gatherWindow', 'friendPromoCodeInstructionsText']","part of friend-code messages describing how to use the code
Context Image: http://files.froemling.net/translateGuideImages/promoCodeEmail.png","To use it, open ${APP_NAME} and go to ""Settings->Advanced->Send Info"".
See bombsquadgame.com for download links for all supported platforms.","Käytä sitä avaamalla ${APP_NAME} ja valitsemalla ""Asetukset->Lisäasetukset->Lähetä tiedot"".
Katso kaikkien tuettujen alustojen latauslinkit osoitteesta bombsquadgame.com."
612,d41d8cd98f00b204e9800998ecf8427e,"['gatherWindow', 'friendPromoCodeRedeemLongText']","part of the friend-code window describing how many people can use the code
Context Image: http://files.froemling.net/translateGuideImages/sendPromoCode2.png",It can be redeemed for ${COUNT} free tickets by up to ${MAX_USES} people.,Enintään ${MAX_USES} henkilöä voi lunastaa sen ${COUNT} ilmaislippuun.
613,d41d8cd98f00b204e9800998ecf8427e,"['gatherWindow', 'friendPromoCodeRedeemShortText']","part of the friend-code window describing how many people can use the code
Context Image: http://files.froemling.net/translateGuideImages/promoCodeEmail.png",It can be redeemed for ${COUNT} tickets in the game.,Se voidaan lunastaa ${COUNT} pelilippuun.
614,d41d8cd98f00b204e9800998ecf8427e,"['gatherWindow', 'friendPromoCodeWhereToEnterText']","part of friend-code messages showing where codes are entered
Context Image: http://files.froemling.net/translateGuideImages/sendPromoCode2.png","(in ""Settings->Advanced->Send Info"")","(kohdassa ""Asetukset->Lisäasetukset->Lähetä tiedot"")"
615,d41d8cd98f00b204e9800998ecf8427e,"['gatherWindow', 'getFriendInviteCodeText']","title for the button to invite friends to try the app
Context Image: http://files.froemling.net/translateGuideImages/gatherWithPromoCode2.png",Get Friend Invite Code,Hanki ystäväkutsukoodi
616,d41d8cd98f00b204e9800998ecf8427e,"['gatherWindow', 'googlePlayDescriptionText']","description for the Google Play tab in the gather window (used to gather a party to play on the network/internet)
Context Image: http://files.froemling.net/translateGuideImages/gatherGooglePlay.png",Invite Google Play players to your party:,Kutsu Google Play -pelaajia juhliisi:
617,d41d8cd98f00b204e9800998ecf8427e,"['gatherWindow', 'googlePlayInviteText']","label for the Invite button in the Google Play tab in the gather window (used to gather a party to play on the network/internet)
Context Image: http://files.froemling.net/translateGuideImages/gatherGooglePlay.png",Invite,Kutsu
618,d41d8cd98f00b204e9800998ecf8427e,"['gatherWindow', 'googlePlayReInviteText']",a warning shown when you do a google-play invite but already have google play people connected to you. (android/google version),"There are ${COUNT} Google Play player(s) in your party
who will be disconnected if you start a new invite.
Include them in the new invitation to get them back.","Ryhmässäsi on ${COUNT} Google Play -soitinta
jotka katkaistaan, jos aloitat uuden kutsun.
Sisällytä ne uuteen kutsuun saadaksesi ne takaisin."
619,d41d8cd98f00b204e9800998ecf8427e,"['gatherWindow', 'googlePlaySeeInvitesText']","label for a button to see all existing invitations in the Google Play tab in the gather window (used to gather a party to play on the network/internet)
Context Image: http://files.froemling.net/translateGuideImages/gatherGooglePlay.png",See Invites,Katso Kutsut
620,d41d8cd98f00b204e9800998ecf8427e,"['gatherWindow', 'googlePlayText']","title for the Google Play tab in the gather window (used to gather a party to play on the network/internet)
Context Image: http://files.froemling.net/translateGuideImages/gatherGooglePlay.png",Google Play,Google Play
621,d41d8cd98f00b204e9800998ecf8427e,"['gatherWindow', 'googlePlayVersionOnlyText']","description for the ""send direct invites"" button which sends out invitations to the google-play version of the app
Context Image: http://files.froemling.net/translateGuideImages/sendPromoCode2.png",(Android / Google Play version),(Android / Google Play -versio)
622,d41d8cd98f00b204e9800998ecf8427e,"['gatherWindow', 'hostingUnavailableText']","Button label shown when hosting is unavailable (due to server maintenance, etc)
Context Image: http://files.froemling.net/translateGuideImages/privateHost7.png",Hosting Unavailable,Hosting ei saatavilla
623,d41d8cd98f00b204e9800998ecf8427e,"['gatherWindow', 'hostPublicPartyDescriptionText']","Description for a section for hosting ""Public"" parties, which are open to anyone on the internet.
Context Image: http://files.froemling.net/translateGuideImages/publicHost.png",Host a Public Party,Järjestä julkinen juhla
624,d41d8cd98f00b204e9800998ecf8427e,"['gatherWindow', 'inDevelopmentWarningText']","warning shown when opening the gather window (until I get net-play behaving better at least)
Context Image: http://files.froemling.net/translateGuideImages/netPlayWarning.png","Note:

Network play is a new and still-evolving feature.
For now, it is highly recommended that all
players be on the same Wi-Fi network.","Huomautus:

Verkkopelaaminen on uusi ja edelleen kehittyvä ominaisuus.
Toistaiseksi on erittäin suositeltavaa, että kaikki
pelaajat ovat samassa Wi-Fi-verkossa."
625,d41d8cd98f00b204e9800998ecf8427e,"['gatherWindow', 'internetText']",,Internet,Internet
626,d41d8cd98f00b204e9800998ecf8427e,"['gatherWindow', 'inviteAFriendText']","Info about a code you can send to friends that they can redeem for tickets if they're new to the game.
Context Image: http://files.froemling.net/translateGuideImages/gatherWithPromo.png","Friends don't have the game? Invite them to
try it and they'll receive ${COUNT} free tickets.","Eikö ystävillä ole peliä? Kutsu heidät mukaan
kokeile sitä ja he saavat ${COUNT} ilmaista lippua."
627,d41d8cd98f00b204e9800998ecf8427e,"['gatherWindow', 'inviteFriendsText']",Label for a button to invite friends to try the game,Invite Friends,Kutsu ystäviä
628,d41d8cd98f00b204e9800998ecf8427e,"['gatherWindow', 'joinPublicPartyDescriptionText']","Description for a section for joining ""Public"" parties, which are open to anyone on the internet.
Context Image: http://files.froemling.net/translateGuideImages/publicHost.png",Join a Public Party,Liity julkiseen puolueeseen
629,d41d8cd98f00b204e9800998ecf8427e,"['gatherWindow', 'localNetworkDescriptionText']","description for the ""Nearby"" tab in the gather window which is used to find parties on the local network or via bluetooth or other direct connection methods.
Context Image: http://files.froemling.net/translateGuideImages/gatherNearby.png","Join a Nearby Party (LAN, Bluetooth, etc.)","Liity Nearby Party -tapahtumaan (LAN, Bluetooth jne.)"
630,d41d8cd98f00b204e9800998ecf8427e,"['gatherWindow', 'localNetworkText']","title for the Local Network tab in the gather window (used to gather a party to play on the network/internet)
Context Image: http://files.froemling.net/translateGuideImages/gatherLocalNetwor.png",Local Network,Paikallinen verkko
631,d41d8cd98f00b204e9800998ecf8427e,"['gatherWindow', 'makePartyPrivateText']","label for a button in the public party screen that makes your party no longer publicly listed on the internet
Context Image: http://files.froemling.net/translateGuideImages/publicParty.png",Make My Party Private,Tee puolueestani yksityinen
632,d41d8cd98f00b204e9800998ecf8427e,"['gatherWindow', 'makePartyPublicText']","label for a button in the public party screen that makes your party publicly listed on the internet
Context Image: http://files.froemling.net/translateGuideImages/publicParty.png",Make My Party Public,Tee puolueeni julkinen
633,d41d8cd98f00b204e9800998ecf8427e,"['gatherWindow', 'manualAddressText']","label for the Address field in the gather window (used to gather a party to play on the network/internet)
Context Image: http://files.froemling.net/translateGuideImages/gatherManual.png",Address,Osoite
634,d41d8cd98f00b204e9800998ecf8427e,"['gatherWindow', 'manualConnectText']","label for the button to connect to the specified address in the gather window (used to gather a party to play on the network/internet)
Context Image: http://files.froemling.net/translateGuideImages/gatherManual.png",Connect,Yhdistä
635,d41d8cd98f00b204e9800998ecf8427e,"['gatherWindow', 'manualDescriptionText']","description for the manual tab in the gather window (used to gather a party to play on the network/internet)
Context Image: http://files.froemling.net/translateGuideImages/gatherManual.png",Join a party by address:,Liity juhliin osoitteen perusteella:
636,d41d8cd98f00b204e9800998ecf8427e,"['gatherWindow', 'manualJoinableFromInternetText']","label for a check as to whether you are joinable from the internet at the bottom of the Manual tab in the gather window (used to gather a party to play on the network/internet)
Context Image: http://files.froemling.net/translateGuideImages/gatherManual.png",Are you joinable from the internet?:,Voitko liittyä netistä?:
637,d41d8cd98f00b204e9800998ecf8427e,"['gatherWindow', 'manualJoinableNoWithAsteriskText']","shows next to a failed joinable check at the bottom of the gather window (used to gather a party to play on the network/internet)
Context Image: http://files.froemling.net/translateGuideImages/gatherManual.png",NO*,EI*
638,d41d8cd98f00b204e9800998ecf8427e,"['gatherWindow', 'manualJoinableYesText']","shows next to the joinable check (only when your device is joinable) at the bottom of the Manual tab in the gather window (used to gather a party to play on the network/internet)
Context Image: http://files.froemling.net/translateGuideImages/gatherManual.png",YES,KYLLÄ
639,d41d8cd98f00b204e9800998ecf8427e,"['gatherWindow', 'manualJoinSectionText']","Short label for a subsection in the ""Manual"" gather tab allowing joining by address.",Join By Address,Liity osoitteen perusteella
640,d41d8cd98f00b204e9800998ecf8427e,"['gatherWindow', 'manualRouterForwardingText']","message that shows when your device is not joinable from the internet in the Manual tab in the gather window (used to gather a party to play on the network/internet)
Context Image: http://files.froemling.net/translateGuideImages/gatherManual.png","*to fix this, try configuring your router to forward UDP port ${PORT} to your local address",*Korjaa tämä määrittämällä reitittimesi välittämään UDP-portti ${PORT} paikalliseen osoitteeseesi
641,d41d8cd98f00b204e9800998ecf8427e,"['gatherWindow', 'manualText']","title for the Manual tab in the gather window which you can use to ""manually"" connect via IP address. (The gather window is used to gather a party to play on the network/internet)
Context Image: http://files.froemling.net/translateGuideImages/gatherManual.png",Manual,Manuaalinen
642,d41d8cd98f00b204e9800998ecf8427e,"['gatherWindow', 'manualYourAddressFromInternetText']","label where your address (from the perspective of the internet) is shown at the bottom of the Manual tab in the gather window (used to gather a party to play on the network/internet)
Context Image: http://files.froemling.net/translateGuideImages/gatherManual.png",Your address from the internet:,Osoitteesi Internetistä:
643,d41d8cd98f00b204e9800998ecf8427e,"['gatherWindow', 'manualYourLocalAddressText']","label where your local address is shown at the bottom of Manual tab in the gather window (used to gather a party to play on the network/internet)
Context Image: http://files.froemling.net/translateGuideImages/gatherManual.png",Your local address:,Paikallinen osoitteesi:
644,d41d8cd98f00b204e9800998ecf8427e,"['gatherWindow', 'nearbyText']","Label for a section showing parties near to the user (on the local network, available via bluetooth, etc). This replaces the old ""Local Network"" tab name.",Nearby,Lähistöllä
645,d41d8cd98f00b204e9800998ecf8427e,"['gatherWindow', 'noConnectionText']","shown next to the access checks at the bottom of the gather window (used to gather a party to play on the network/internet) when you have no internet connection
Context Image: http://files.froemling.net/translateGuideImages/gatherManual.png",<no connection>,<ei yhteyttä>
646,d41d8cd98f00b204e9800998ecf8427e,"['gatherWindow', 'noPartiesAddedText']",,No Parties Added,Ei lisättyjä osapuolia
647,d41d8cd98f00b204e9800998ecf8427e,"['gatherWindow', 'otherVersionsText']","label below a button for something that *doesn't* apply to the Google Play version of the game, but rather all other versions",(other versions),(muut versiot)
648,d41d8cd98f00b204e9800998ecf8427e,"['gatherWindow', 'partyCodeText']","Label for a code that can be entered to join a private party
Context Image: http://files.froemling.net/translateGuideImages/privateJoin.png",Party Code,Puolueen koodi
649,d41d8cd98f00b204e9800998ecf8427e,"['gatherWindow', 'partyInviteAcceptText']","label for the ""accept"" button in the ""accept/decline"" popup you get when someone invites you to their party",Accept,Hyväksyä
650,d41d8cd98f00b204e9800998ecf8427e,"['gatherWindow', 'partyInviteDeclineText']","label for the ""decline"" button in the ""accept/decline"" popup you get when someone invites you to their party",Decline,Hylkää
651,d41d8cd98f00b204e9800998ecf8427e,"['gatherWindow', 'partyInviteIgnoreText']",label for a button to ignore an incoming invite to join a party,Ignore,Sivuuttaa
652,d41d8cd98f00b204e9800998ecf8427e,"['gatherWindow', 'partyInviteText']","main text in the ""accept/decline"" popup you get when someone invites you to their party","${NAME} has invited
you to join their party!","${NAME} on kutsunut
voit liittyä heidän puolueeseensa!"
653,d41d8cd98f00b204e9800998ecf8427e,"['gatherWindow', 'partyNameText']","label for editing the name of your party
Context Image: http://files.froemling.net/translateGuideImages/publicParty.png",Party Name,Puolueen nimi
654,d41d8cd98f00b204e9800998ecf8427e,"['gatherWindow', 'partyServerRunningText']","Status message for when a party server is online and running.
Context Image: http://files.froemling.net/translateGuideImages/privateHost5.png",Your party server is running.,Juhlapalvelimesi on käynnissä.
655,d41d8cd98f00b204e9800998ecf8427e,"['gatherWindow', 'partySizeText']",Label for the column in the public-party window that shows the current size of the party,party size,puolueen koko
656,d41d8cd98f00b204e9800998ecf8427e,"['gatherWindow', 'partyStatusCheckingText']","info shown at the bottom of the public party screen while checking the status of your party
Context Image: http://files.froemling.net/translateGuideImages/publicParty.png",checking status...,tarkistetaan tilaa...
657,d41d8cd98f00b204e9800998ecf8427e,"['gatherWindow', 'partyStatusJoinableText']","status text shown at the bottom of the public party screen when your party can be joined from the internet
Context Image: http://files.froemling.net/translateGuideImages/publicParty.png",your party is now joinable from the internet,puolueeseen voi nyt liittyä Internetin kautta
658,d41d8cd98f00b204e9800998ecf8427e,"['gatherWindow', 'partyStatusNoConnectionText']","status text shown at the bottom of the public party screen when you have no internet connection
Context Image: http://files.froemling.net/translateGuideImages/publicParty.png",unable to connect to server,ei voi muodostaa yhteyttä palvelimeen
659,d41d8cd98f00b204e9800998ecf8427e,"['gatherWindow', 'partyStatusNotJoinableText']","status text shown at the bottom of the public party screen when your party can not be joined from the internet
Context Image: http://files.froemling.net/translateGuideImages/publicParty.png",your party is not joinable from the internet,puolueellesi ei voi liittyä Internetin kautta
660,d41d8cd98f00b204e9800998ecf8427e,"['gatherWindow', 'partyStatusNotPublicText']","status text shown at the bottom of the public party screen when your party is not set as public
Context Image: http://files.froemling.net/translateGuideImages/publicParty.png",your party is not public,puolueesi ei ole julkinen
661,d41d8cd98f00b204e9800998ecf8427e,"['gatherWindow', 'pingText']",label for the number showing how much delay there is between you and a party/game,ping,ping
662,d41d8cd98f00b204e9800998ecf8427e,"['gatherWindow', 'portText']",label for a control specifying which port to use when connecting to a network game,Port,Portti
663,d41d8cd98f00b204e9800998ecf8427e,"['gatherWindow', 'privatePartyCloudDescriptionText']","Describes how private parties are run in the cloud (on servers out on the internet) and so they don't require configuring one's router to allow connections through like traditional party hosting does.
Context Image: http://files.froemling.net/translateGuideImages/privateHost1.png",Private parties run on dedicated cloud servers; no router configuration required.,Yksityiset osapuolet toimivat omistetuilla pilvipalvelimilla; reitittimen konfigurointia ei vaadita.
664,d41d8cd98f00b204e9800998ecf8427e,"['gatherWindow', 'privatePartyHostText']","Title for the section allowing hosting private parties
Context Image: http://files.froemling.net/translateGuideImages/privateHost1.png",Host a Private Party,Järjestä yksityistilaisuus
665,d41d8cd98f00b204e9800998ecf8427e,"['gatherWindow', 'privatePartyJoinText']","Title for the section allowing joining private parties
Context Image: http://files.froemling.net/translateGuideImages/privateJoin.png",Join a Private Party,Liity yksityiseen juhlaan
666,d41d8cd98f00b204e9800998ecf8427e,"['gatherWindow', 'privateText']",Label for a section allowing creating or joining private parties (cloud-hosted parties accessed via private codes shared with friends),Private,Yksityinen
667,d41d8cd98f00b204e9800998ecf8427e,"['gatherWindow', 'publicHostRouterConfigText']","Explains how public hosting generally requires one to configure their router so people can connect in to their device. Also mention that the newer private-hosting stuff is easier because it uses dedicated cloud servers.
Context Image: http://files.froemling.net/translateGuideImages/publicHost.png","This may require configuring port-forwarding on your router. For an easier option, host a private party.",Tämä saattaa edellyttää portin edelleenlähetyksen määrittämistä reitittimessäsi. Järjestä yksityiset juhlat helpommin.
668,d41d8cd98f00b204e9800998ecf8427e,"['gatherWindow', 'publicText']","Label for a section listing publicly joinable parties (a replacement for the old ""Internet"" tab name).",Public,Julkinen
669,d41d8cd98f00b204e9800998ecf8427e,"['gatherWindow', 'requestingAPromoCodeText']",Message printed while requesting a new code from the server,Requesting a code...,Koodia pyydetään...
670,d41d8cd98f00b204e9800998ecf8427e,"['gatherWindow', 'sendDirectInvitesText']","title for a button which sends out links to install the app
Context Image: http://files.froemling.net/translateGuideImages/sendPromoCode2.png",Send Direct Invites,Lähetä suorat kutsut
671,d41d8cd98f00b204e9800998ecf8427e,"['gatherWindow', 'shareThisCodeWithFriendsText']","part of the friend-code window - shown above the actual code
Context Image: http://files.froemling.net/translateGuideImages/sendPromoCode2.png",Share this code with friends:,Jaa tämä koodi ystävillesi:
672,d41d8cd98f00b204e9800998ecf8427e,"['gatherWindow', 'showMyAddressText']",Label for a button to show the local IP address,Show My Address,Näytä osoitteeni
673,d41d8cd98f00b204e9800998ecf8427e,"['gatherWindow', 'startHostingPaidText']","Label for a button which starts hosting a party for some cost. This is shown if there are no free servers available for some amount of time (or in general).
Context Image: http://files.froemling.net/translateGuideImages/privateHost3.png",Host Now For ${COST},Isännöi nyt ${COST}:lle
674,d41d8cd98f00b204e9800998ecf8427e,"['gatherWindow', 'startHostingText']","Label for a button which starts hosting a party.
Context Image: http://files.froemling.net/translateGuideImages/privateHost1.png",Host,Isäntä
675,d41d8cd98f00b204e9800998ecf8427e,"['gatherWindow', 'startStopHostingMinutesText']","A message explaining that the user can start or stop hosting for free for some amount of time (in minutes). This is to let players who have paid for a server know that it is safe to stop it, change settings, and restart it again.
Context Image: http://files.froemling.net/translateGuideImages/privateHost6.png",You can start and stop hosting for free for the next ${MINUTES} minutes.,Voit aloittaa ja lopettaa isännöinnin ilmaiseksi seuraavan ${MINUTES} minuutin ajan.
676,d41d8cd98f00b204e9800998ecf8427e,"['gatherWindow', 'stopHostingText']","Label for a button which stops hosting a party that is currently being hosted.
Context Image: http://files.froemling.net/translateGuideImages/privateHost5.png",Stop Hosting,Lopeta hosting
677,d41d8cd98f00b204e9800998ecf8427e,"['gatherWindow', 'titleText']","title for the gather window (used to gather a party to play on the network/internet)
Context Image: http://files.froemling.net/translateGuideImages/gatherAbout.png",Gather,Kerätä
678,d41d8cd98f00b204e9800998ecf8427e,"['gatherWindow', 'wifiDirectDescriptionBottomText']","bottom portion of the description in the ""Wi-Fi Direct"" tab in the gather window (used to gather a party to play on the network/internet)
Context Image: http://files.froemling.net/translateGuideImages/gatherWiFiDirect.png","If all devices have a 'Wi-Fi Direct' panel, they should be able to use it to find
and connect to each other.  Once all devices are connected, you can form parties
here using the 'Local Network' tab, just the same as with a regular Wi-Fi network.

For best results, the Wi-Fi Direct host should also be the ${APP_NAME} party host.","Jos kaikissa laitteissa on ""Wi-Fi Direct"" -paneeli, niiden pitäisi pystyä etsimään sitä
ja yhdistävät toisiinsa.  Kun kaikki laitteet on yhdistetty, voit muodostaa osapuolia
tässä Paikallinen verkko -välilehdellä, aivan kuten tavallisessa Wi-Fi-verkossa.

Parhaan tuloksen saavuttamiseksi Wi-Fi Direct -isäntä on myös ${APP_NAME}-juhlien isäntä."
679,d41d8cd98f00b204e9800998ecf8427e,"['gatherWindow', 'wifiDirectDescriptionTopText']","top portion of the description in the ""Wi-Fi Direct"" tab in the gather window (used to gather a party to play on the network/internet)
Context Image: http://files.froemling.net/translateGuideImages/gatherWiFiDirect.png","Wi-Fi Direct can be used to connect Android devices directly without
needing a Wi-Fi network. This works best on Android 4.2 or newer.

To use it, open Wi-Fi settings and look for 'Wi-Fi Direct' in the menu.","Wi-Fi Directiä voidaan käyttää Android-laitteiden yhdistämiseen suoraan ilman
tarvitsee Wi-Fi-verkon. Tämä toimii parhaiten Android 4.2:ssa tai uudemmassa.

Voit käyttää sitä avaamalla Wi-Fi-asetukset ja etsimällä valikosta ""Wi-Fi Direct""."
680,d41d8cd98f00b204e9800998ecf8427e,"['gatherWindow', 'wifiDirectOpenWiFiSettingsText']","label on the button which opens WiFi settings in the ""Wi-Fi Direct"" tab in the gather window (used to gather a party to play on the network/internet)
Context Image: http://files.froemling.net/translateGuideImages/gatherWiFiDirect.png",Open Wi-Fi Settings,Avaa Wi-Fi-asetukset
681,d41d8cd98f00b204e9800998ecf8427e,"['gatherWindow', 'wifiDirectText']","title for the ""Wi-Fi Direct"" tab in the gather window (used to gather a party to play on the network/internet)
Context Image: http://files.froemling.net/translateGuideImages/gatherWiFiDirect.png",Wi-Fi Direct,Wi-Fi Direct
682,d41d8cd98f00b204e9800998ecf8427e,"['gatherWindow', 'worksBetweenAllPlatformsText']","description for connection options that work on all platforms in the gather window (used to gather a party to play on the network/internet)
Context Image: http://files.froemling.net/translateGuideImages/gatherLocalNetwork.png",(works between all platforms),(toimii kaikkien alustojen välillä)
683,d41d8cd98f00b204e9800998ecf8427e,"['gatherWindow', 'youHaveBeenSentAPromoCodeText']","Part of the message in friend-code emails sent to friends giving them tickets/etc.
Context Image: http://files.froemling.net/translateGuideImages/promoCodeEmail.png",You have been sent a ${APP_NAME} promo code:,Sinulle on lähetetty ${APP_NAME}-tarjouskoodi:
684,d41d8cd98f00b204e9800998ecf8427e,"['getTicketsWindow', 'freeText']","label used over things in the get-tickets window that are free
Context Image: http://files.froemling.net/translateGuideImages/getTickets.png",FREE!,ILMAISEKSI!
685,d41d8cd98f00b204e9800998ecf8427e,"['getTicketsWindow', 'freeTicketsText']","A button to go to a ""get free tickets"" window",Free Tickets,Ilmaiset liput
686,d41d8cd98f00b204e9800998ecf8427e,"['getTicketsWindow', 'inProgressText']",error message shown when trying to buy tickets/etc while another purchase is already in progress,A transaction is in progress; please try again in a moment.,Tapahtuma on meneillään; yritä hetken kuluttua uudelleen.
687,d41d8cd98f00b204e9800998ecf8427e,"['getTicketsWindow', 'purchasesRestoredText']","A message printed on the Mac or iOS versions after using the ""Restore Purchases"" button to restore the current account's purchases.",Purchases restored.,Ostokset palautettu.
688,d41d8cd98f00b204e9800998ecf8427e,"['getTicketsWindow', 'receivedTicketsText']",a message shown when you purchase or otherwise earn tickets,Received ${COUNT} tickets!,Vastaanotettu ${COUNT} lippua!
689,d41d8cd98f00b204e9800998ecf8427e,"['getTicketsWindow', 'restorePurchasesText']",A button to restore any in-game purchases that have been made,Restore Purchases,Palauta ostokset
690,d41d8cd98f00b204e9800998ecf8427e,"['getTicketsWindow', 'ticketPack1Text']","name for ticket pack 1 of 6 (smallest) - currently only 4 of these 6 are being used but that may change..
Context Image: http://files.froemling.net/translateGuideImages/getTickets.png",Small Ticket Pack,Pieni lippupaketti
691,d41d8cd98f00b204e9800998ecf8427e,"['getTicketsWindow', 'ticketPack2Text']","name for ticket pack 2 of 6 (second smallest) - currently only 4 of these 6 are being used but that may change..
Context Image: http://files.froemling.net/translateGuideImages/getTickets.png",Medium Ticket Pack,Keskikokoinen lippupaketti
692,d41d8cd98f00b204e9800998ecf8427e,"['getTicketsWindow', 'ticketPack3Text']","name for ticket pack 3 of 6 (lower mid-size) - currently only 4 of these 6 are being used but that may change..
Context Image: http://files.froemling.net/translateGuideImages/getTickets.png",Large Ticket Pack,Suuri lippupaketti
693,d41d8cd98f00b204e9800998ecf8427e,"['getTicketsWindow', 'ticketPack4Text']","name for ticket pack 4 of 6 (upper mid-size) - currently only 4 of these 6 are being used but that may change..
Context Image: http://files.froemling.net/translateGuideImages/getTickets.png",Jumbo Ticket Pack,Jumbo-lippupaketti
694,d41d8cd98f00b204e9800998ecf8427e,"['getTicketsWindow', 'ticketPack5Text']","name for ticket pack 5 of 6 (second biggest) - currently only 4 of these 6 are being used but that may change..
Context Image: http://files.froemling.net/translateGuideImages/getTickets.png",Mammoth Ticket Pack,Mammoth-lippupaketti
695,d41d8cd98f00b204e9800998ecf8427e,"['getTicketsWindow', 'ticketPack6Text']","name for ticket pack 6 of 6 (biggest) - currently only 4 of these 6 are being used but that may change..
Context Image: http://files.froemling.net/translateGuideImages/getTickets.png",Ultimate Ticket Pack,Ultimate Ticket Pack
696,d41d8cd98f00b204e9800998ecf8427e,"['getTicketsWindow', 'ticketsFromASponsorText']","label for a button for getting free tickets by watching an ad
Context Image: http://files.froemling.net/translateGuideImages/getTickets.png","Watch an ad
for ${COUNT} tickets","Katso mainos
${COUNT} lipulle"
697,d41d8cd98f00b204e9800998ecf8427e,"['getTicketsWindow', 'ticketsText']",Displaying some number of tickets,${COUNT} Tickets,${COUNT} Liput
698,d41d8cd98f00b204e9800998ecf8427e,"['getTicketsWindow', 'titleText']","Title for a window showing different ways to get tickets, which are an in-game currency",Get Tickets,Hanki liput
699,d41d8cd98f00b204e9800998ecf8427e,"['getTicketsWindow', 'unavailableLinkAccountText']",An error message printed on platforms where ticket packs cannot be purchased (suggesting linking to another account on another platform where they can be purchased),"Sorry, purchases are not available on this platform.
As a workaround, you can link this account to an account on
another platform and make purchases there.","Valitettavasti ostokset eivät ole saatavilla tällä alustalla.
Kiertokeinona voit linkittää tämän tilin tiliin, jossa on
toiselle alustalle ja tehdä ostoksia siellä."
700,d41d8cd98f00b204e9800998ecf8427e,"['getTicketsWindow', 'unavailableTemporarilyText']","Shown when trying to click an option in the Get-Tickets window that is *temporarily* offline or unavailable.
Context Image: http://files.froemling.net/translateGuideImages/getTickets.png",This is currently unavailable; please try again later.,Tämä ei ole tällä hetkellä saatavilla; yritä myöhemmin uudelleen.
701,d41d8cd98f00b204e9800998ecf8427e,"['getTicketsWindow', 'unavailableText']","Shown when trying to click an option in the Get-Tickets window that is unavailable in the current version.
Context Image: http://files.froemling.net/translateGuideImages/getTickets.png","Sorry, this is not available.",Valitettavasti tämä ei ole saatavilla.
702,d41d8cd98f00b204e9800998ecf8427e,"['getTicketsWindow', 'versionTooOldText']",error shown when trying to perform an operation on an outdated version of the game,"Sorry, this version of the game is too old; please update to a newer one.",Valitettavasti tämä versio pelistä on liian vanha; päivitä uudempaan.
703,d41d8cd98f00b204e9800998ecf8427e,"['getTicketsWindow', 'youHaveShortText']",a more compact phrase for displaying your ticket count,you have ${COUNT},sinulla on ${COUNT}
704,d41d8cd98f00b204e9800998ecf8427e,"['getTicketsWindow', 'youHaveText']","shows your current ticket count in the get-tickets window; the part before ${COUNT} will be above the number and the part after ${COUNT} will be below it
Context Image: http://files.froemling.net/translateGuideImages/getTickets.png",you have ${COUNT} tickets,sinulla on ${COUNT} lippua
705,d41d8cd98f00b204e9800998ecf8427e,"['goldPass', 'desc1InfTokensText']","Part of description for Gold Pass
Context Image: http://files.froemling.net/translateGuideImages/tokenStore.png",Infinite tokens.,Loputon tokeneja.
706,d41d8cd98f00b204e9800998ecf8427e,"['goldPass', 'desc2NoAdsText']","Part of description for Gold Pass
Context Image: http://files.froemling.net/translateGuideImages/tokenStore.png",No ads.,Ei mainoksia.
707,d41d8cd98f00b204e9800998ecf8427e,"['goldPass', 'desc3ForeverText']","Part of description for Gold Pass
Context Image: http://files.froemling.net/translateGuideImages/tokenStore.png",Forever.,Ikuisesti.
708,d41d8cd98f00b204e9800998ecf8427e,"['goldPass', 'goldPassText']","Translated Gold Pass name
Context Image: http://files.froemling.net/translateGuideImages/tokenStore.png",Gold Pass,Kulta Passi
709,d41d8cd98f00b204e9800998ecf8427e,['googlePlayPurchasesNotAvailableText'],,"Google Play purchases are not available.
You may need to update your store app.","Google Play -ostokset eivät ole saatavilla.
Sinun on ehkä päivitettävä kauppasovelluksesi."
710,d41d8cd98f00b204e9800998ecf8427e,['googlePlayServicesNotAvailableText'],,"Google Play Services is not available.
Some app functionality may be disabled.","Google Play Palvelut eivät ole saatavilla.
Jotkin sovellusten toiminnot voivat olla poissa käytöstä."
711,d41d8cd98f00b204e9800998ecf8427e,['googlePlayText'],used for anything referring to Google Play (Google's store/game-service),Google Play,Google Play
712,d41d8cd98f00b204e9800998ecf8427e,"['graphicsSettingsWindow', 'alwaysText']",,Always,Aina
713,d41d8cd98f00b204e9800998ecf8427e,"['graphicsSettingsWindow', 'fullScreenCmdText']",,Fullscreen (Cmd-F),Koko näyttö (Cmd-F)
714,d41d8cd98f00b204e9800998ecf8427e,"['graphicsSettingsWindow', 'fullScreenCtrlText']",,Fullscreen (Ctrl-F),Koko näyttö (Ctrl-F)
715,d41d8cd98f00b204e9800998ecf8427e,"['graphicsSettingsWindow', 'fullScreenText']",,Fullscreen,Koko näyttö
716,d41d8cd98f00b204e9800998ecf8427e,"['graphicsSettingsWindow', 'gammaText']",gamma (brightness) control label,Gamma,Gamma
717,d41d8cd98f00b204e9800998ecf8427e,"['graphicsSettingsWindow', 'higherText']",,Higher,Korkeampi
718,d41d8cd98f00b204e9800998ecf8427e,"['graphicsSettingsWindow', 'highText']",,High,Korkea
719,d41d8cd98f00b204e9800998ecf8427e,"['graphicsSettingsWindow', 'lowText']",,Low,Matala
720,d41d8cd98f00b204e9800998ecf8427e,"['graphicsSettingsWindow', 'maxFPSText']",,Max FPS,Max FPS
721,d41d8cd98f00b204e9800998ecf8427e,"['graphicsSettingsWindow', 'mediumText']",,Medium,Keskikokoinen
722,d41d8cd98f00b204e9800998ecf8427e,"['graphicsSettingsWindow', 'neverText']",,Never,Ei koskaan
723,d41d8cd98f00b204e9800998ecf8427e,"['graphicsSettingsWindow', 'resolutionText']",,Resolution,Resoluutio
724,d41d8cd98f00b204e9800998ecf8427e,"['graphicsSettingsWindow', 'showFPSText']",,Show FPS,Näytä FPS
725,d41d8cd98f00b204e9800998ecf8427e,"['graphicsSettingsWindow', 'texturesText']",,Textures,Tekstuurit
726,d41d8cd98f00b204e9800998ecf8427e,"['graphicsSettingsWindow', 'titleText']",,Graphics,Grafiikka
727,d41d8cd98f00b204e9800998ecf8427e,"['graphicsSettingsWindow', 'tvBorderText']",,TV Border,TV:n reuna
728,d41d8cd98f00b204e9800998ecf8427e,"['graphicsSettingsWindow', 'verticalSyncText']",,Vertical Sync,Pystysuora synkronointi
729,d41d8cd98f00b204e9800998ecf8427e,"['graphicsSettingsWindow', 'visualsText']",,Visuals,Visuaalisuus
730,d41d8cd98f00b204e9800998ecf8427e,"['helpWindow', 'bombInfoText']","info about bombs in the help window
Context Image: http://files.froemling.net/translateGuideImages/help2.png","- Bomb -
Stronger than punches, but
can result in grave self-injury.
For best results, throw towards
enemy before fuse runs out.","- Pommi -
Voimakkaampi kuin lyöntejä, mutta
voi johtaa vakavaan itsensä vahingoittamiseen.
Saat parhaat tulokset heittämällä kohti
vihollinen ennen kuin sulake loppuu."
731,d41d8cd98f00b204e9800998ecf8427e,"['helpWindow', 'canHelpText']","part of the description in the help window
Context Image: http://files.froemling.net/translateGuideImages/help1.png",${APP_NAME} can help.,${APP_NAME} voi auttaa.
732,d41d8cd98f00b204e9800998ecf8427e,"['helpWindow', 'controllersInfoText']","info about controllers in the help window
Context Image: http://files.froemling.net/translateGuideImages/help1.png","You can play ${APP_NAME} with friends over a network, or you
can all play on the same device if you have enough controllers.
${APP_NAME} supports a variety of them; you can even use phones
as controllers via the free '${REMOTE_APP_NAME}' app.
See Settings->Controllers for more info.","Voit pelata peliä ${APP_NAME} ystävien kanssa verkon kautta tai itse
kaikki voivat pelata samalla laitteella, jos sinulla on tarpeeksi ohjaimia.
${APP_NAME} tukee useita niistä; voit jopa käyttää puhelimia
ohjaimina ilmaisen ${REMOTE_APP_NAME}-sovelluksen kautta.
Katso lisätietoja kohdasta Asetukset-> Ohjaimet."
733,d41d8cd98f00b204e9800998ecf8427e,"['helpWindow', 'controllersInfoTextRemoteOnly']","info about controllers on devices that do not support hardware controllers being attached (so the remote app is the only option)
Context Image: http://files.froemling.net/translateGuideImages/help1c.png","You can play ${APP_NAME} with friends over a network, or you
can all play on the same device by using phones as
controllers via the free '${REMOTE_APP_NAME}' app.","Voit pelata peliä ${APP_NAME} ystävien kanssa verkon kautta tai itse
voivat kaikki pelata samalla laitteella käyttämällä puhelimia kuin
ohjaimia ilmaisen ${REMOTE_APP_NAME}-sovelluksen kautta."
734,d41d8cd98f00b204e9800998ecf8427e,"['helpWindow', 'controllersText']","title for the ""Controllers"" section in the help window
Context Image: http://files.froemling.net/translateGuideImages/help1.png",Controllers,Ohjaimet
735,d41d8cd98f00b204e9800998ecf8427e,"['helpWindow', 'controlsSubtitleText']","subtitle for the ""Controls"" section in the help window
Context Image: http://files.froemling.net/translateGuideImages/help2.png",Your friendly ${APP_NAME} character has a few basic actions:,Ystävällisellä ${APP_NAME}-hahmollasi on muutama perustoiminto:
736,d41d8cd98f00b204e9800998ecf8427e,"['helpWindow', 'controlsText']","title of the ""Controls"" section in the help window
Context Image: http://files.froemling.net/translateGuideImages/help2.png",Controls,Säätimet
737,d41d8cd98f00b204e9800998ecf8427e,"['helpWindow', 'devicesInfoText']","info about devices in the help window on the VR version of the game
Context Image: http://files.froemling.net/translateGuideImages/help1b.png","The VR version of ${APP_NAME} can be played over the network with
the regular version, so whip out your extra phones, tablets,
and computers and get your game on.  It can even be useful to
connect a regular version of the game to the VR version just to
allow people outside to watch the action.","${APP_NAME}:n VR-versiota voi pelata verkon kautta
tavallinen versio, joten hanki ylimääräiset puhelimet, tabletit,
ja tietokoneita ja käynnistä pelisi.  Siitä voi olla jopa hyötyä
yhdistä pelin tavallinen versio VR-versioon vain
anna ulkopuolisten seurata toimintaa."
738,d41d8cd98f00b204e9800998ecf8427e,"['helpWindow', 'devicesText']","title for the ""Devices"" section, which shows up on the VR version instead of ""Controllers"" (since you can't really share a VR headset)
Context Image: http://files.froemling.net/translateGuideImages/help1b.png",Devices,Laitteet
739,d41d8cd98f00b204e9800998ecf8427e,"['helpWindow', 'friendsGoodText']","description for the ""Friends"" section in the help window
Context Image: http://files.froemling.net/translateGuideImages/help1.png","These are good to have.  ${APP_NAME} is most fun with several
players and can support up to 8 at a time, which leads us to:","Näitä on hyvä olla.  ${APP_NAME} on hauskinta useiden kanssa
pelaajia ja voi tukea jopa 8:aa kerrallaan, mikä johtaa:"
740,d41d8cd98f00b204e9800998ecf8427e,"['helpWindow', 'friendsText']",,Friends,Ystävät
741,d41d8cd98f00b204e9800998ecf8427e,"['helpWindow', 'jumpInfoText']","info about jumping in the help window
Context Image: http://files.froemling.net/translateGuideImages/help2.png","- Jump -
Jump to cross small gaps,
to throw things higher, and
to express feelings of joy.","- Hyppää -
Hyppää ylittämään pieniä aukkoja,
heittää asioita korkeammalle ja
ilmaisemaan ilon tunteita."
742,d41d8cd98f00b204e9800998ecf8427e,"['helpWindow', 'orPunchingSomethingText']","part of the description in the help window
Context Image: http://files.froemling.net/translateGuideImages/help1.png","Or punching something, throwing it off a cliff, and blowing it up on the way down with a sticky bomb.","Tai lyömällä jotain, heittämällä sen alas kalliolta ja puhaltamalla sitä alaspäin tahmealla pommilla."
743,d41d8cd98f00b204e9800998ecf8427e,"['helpWindow', 'pickUpInfoText']","info about picking stuff up in the help window
Context Image: http://files.froemling.net/translateGuideImages/help2.png","- Pick Up -
Grab flags, enemies, or anything
else not bolted to the ground.
Press again to throw.","- Nouto -
Tartu lippuihin, vihollisiin tai mihin tahansa
muuten ei ole pultattu maahan.
Paina uudelleen heittääksesi."
744,d41d8cd98f00b204e9800998ecf8427e,"['helpWindow', 'powerupBombDescriptionText']","description for the triple-bomb powerup the help window
Context Image: http://files.froemling.net/translateGuideImages/help3.png","Lets you whip out three bombs
in a row instead of just one.","Voit lyödä kolme pommia
peräkkäin yhden sijasta."
745,d41d8cd98f00b204e9800998ecf8427e,"['helpWindow', 'powerupBombNameText']","name for the triple-bomb powerup the help window
Context Image: http://files.froemling.net/translateGuideImages/help3.png",Triple-Bombs,Kolmoispommit
746,d41d8cd98f00b204e9800998ecf8427e,"['helpWindow', 'powerupCurseDescriptionText']","description for the curse powerup the help window
Context Image: http://files.froemling.net/translateGuideImages/help4.png","You probably want to avoid these.
 ...or do you?","Haluat todennäköisesti välttää näitä.
 ...vai sinä?"
747,d41d8cd98f00b204e9800998ecf8427e,"['helpWindow', 'powerupCurseNameText']","name for the curse powerup the help window
Context Image: http://files.froemling.net/translateGuideImages/help4.png",Curse,Kirous
748,d41d8cd98f00b204e9800998ecf8427e,"['helpWindow', 'powerupHealthDescriptionText']","description for the health powerup the help window
Context Image: http://files.froemling.net/translateGuideImages/help4.png","Restores you to full health.
You'd never have guessed.","Palauttaa sinut täyteen terveyteen.
Et olisi koskaan arvannut."
749,d41d8cd98f00b204e9800998ecf8427e,"['helpWindow', 'powerupHealthNameText']","name for the health powerup the help window
Context Image: http://files.froemling.net/translateGuideImages/help4.png",Med-Pack,Med-Pack
750,d41d8cd98f00b204e9800998ecf8427e,"['helpWindow', 'powerupIceBombsDescriptionText']","description for the Ice-Bombs powerup the help window
Context Image: http://files.froemling.net/translateGuideImages/help4.png","Weaker than normal bombs
but leave your enemies frozen
and particularly brittle.","Normaalia heikommat pommit
mutta jätä vihollisesi jäätymään
ja erityisen hauras."
751,d41d8cd98f00b204e9800998ecf8427e,"['helpWindow', 'powerupIceBombsNameText']","name for the Ice-Bombs powerup the help window
Context Image: http://files.froemling.net/translateGuideImages/help4.png",Ice-Bombs,Jääpommit
752,d41d8cd98f00b204e9800998ecf8427e,"['helpWindow', 'powerupImpactBombsDescriptionText']","description for the Trigger-Bombs powerup the help window
Context Image: http://files.froemling.net/translateGuideImages/help4.png","Slightly weaker than regular
bombs, but they explode on impact.","Hieman normaalia heikompi
pommeja, mutta ne räjähtävät törmäyksessä."
753,d41d8cd98f00b204e9800998ecf8427e,"['helpWindow', 'powerupImpactBombsNameText']","name for the Trigger-Bombs powerup the help window
Context Image: http://files.froemling.net/translateGuideImages/help4.png",Trigger-Bombs,Liipaisupommit
754,d41d8cd98f00b204e9800998ecf8427e,"['helpWindow', 'powerupLandMinesDescriptionText']","description for the Land-Mines powerup the help window
Context Image: http://files.froemling.net/translateGuideImages/help4.png","These come in packs of 3;
Useful for base defense or
stopping speedy enemies.","Näitä tulee 3 kappaleen pakkauksissa;
Hyödyllinen peruspuolustukseen tai
pysäyttää nopeita vihollisia."
755,d41d8cd98f00b204e9800998ecf8427e,"['helpWindow', 'powerupLandMinesNameText']","name for the Land-Mines powerup the help window
Context Image: http://files.froemling.net/translateGuideImages/help4.png",Land-Mines,Maamiinat
756,d41d8cd98f00b204e9800998ecf8427e,"['helpWindow', 'powerupPunchDescriptionText']","description for the Boxing-Gloves powerup the help window
Context Image: http://files.froemling.net/translateGuideImages/help3.png","Makes your punches harder,
faster, better, stronger.","Tekee lyönnistäsi kovempia,
nopeampi, parempi, vahvempi."
757,d41d8cd98f00b204e9800998ecf8427e,"['helpWindow', 'powerupPunchNameText']","name for the Boxing-Gloves powerup the help window
Context Image: http://files.froemling.net/translateGuideImages/help3.png",Boxing-Gloves,Nyrkkeilyhanskat
758,d41d8cd98f00b204e9800998ecf8427e,"['helpWindow', 'powerupShieldDescriptionText']","description for the Energy-Shield powerup the help window
Context Image: http://files.froemling.net/translateGuideImages/help3.png","Absorbs a bit of damage
so you don't have to.","Imee hieman vaurioita
joten sinun ei tarvitse."
759,d41d8cd98f00b204e9800998ecf8427e,"['helpWindow', 'powerupShieldNameText']","name for the Energy-Shield powerup the help window
Context Image: http://files.froemling.net/translateGuideImages/help3.png",Energy-Shield,Energy-Shield
760,d41d8cd98f00b204e9800998ecf8427e,"['helpWindow', 'powerupsSubtitleText']","subtitle for the powerups section in the help menu
Context Image: http://files.froemling.net/translateGuideImages/help3.png","Of course, no game is complete without powerups:",Tietenkään mikään peli ei ole täydellinen ilman lisävoimia:
761,d41d8cd98f00b204e9800998ecf8427e,"['helpWindow', 'powerupsText']","title for the powerups section in the help menu
Context Image: http://files.froemling.net/translateGuideImages/help3.png",Powerups,Tehot
762,d41d8cd98f00b204e9800998ecf8427e,"['helpWindow', 'powerupStickyBombsDescriptionText']","description for the Sticky-Bombs powerup the help window
Context Image: http://files.froemling.net/translateGuideImages/help4.png","Stick to anything they hit.
Hilarity ensues.","Pidä kiinni kaikesta, mitä he osuvat.
Siitä seuraa iloisuus."
763,d41d8cd98f00b204e9800998ecf8427e,"['helpWindow', 'powerupStickyBombsNameText']","name for the Sticky-Bombs powerup the help window
Context Image: http://files.froemling.net/translateGuideImages/help4.png",Sticky-Bombs,Tarrapommit
764,d41d8cd98f00b204e9800998ecf8427e,"['helpWindow', 'punchInfoText']","info about punching in the help window
Context Image: http://files.froemling.net/translateGuideImages/help2.png","- Punch -
Punches do more damage the
faster your fists are moving, so
run and spin like a madman.","- Lyö -
Iskut tekevät enemmän vahinkoa
nopeammin nyrkkisi liikkuvat, joten
juokse ja pyöri kuin hullu."
765,d41d8cd98f00b204e9800998ecf8427e,"['helpWindow', 'runInfoText']","info about running in the help window
Context Image: http://files.froemling.net/translateGuideImages/help2.png","- Run -
Hold ANY button to run. Triggers or shoulder buttons work well if you have them.
Running gets you places faster but makes it hard to turn, so watch out for cliffs.","- Juokse -
Pidä mitä tahansa painiketta painettuna ajaaksesi. Liipaisimet tai olkanapit toimivat hyvin, jos sinulla on niitä.
Juoksemalla pääset paikkoja nopeammin, mutta vaikeuttavat kääntymistä, joten varo kallioita."
766,d41d8cd98f00b204e9800998ecf8427e,"['helpWindow', 'someDaysText']","part of the description in the help window
Context Image: http://files.froemling.net/translateGuideImages/help1.png",Some days you just feel like punching something.  Or blowing something up.,Joinakin päivinä tekee mieli lyödä jotain.  Tai räjäyttää jotain.
767,d41d8cd98f00b204e9800998ecf8427e,"['helpWindow', 'titleText']","title of the help window
Context Image: http://files.froemling.net/translateGuideImages/help1.png",${APP_NAME} Help,${APP_NAME} Apua
768,d41d8cd98f00b204e9800998ecf8427e,"['helpWindow', 'toGetTheMostText']","part of the description in the help window
Context Image: http://files.froemling.net/translateGuideImages/help1.png","To get the most out of this game, you'll need:","Jotta saat kaiken irti tästä pelistä, tarvitset:"
769,d41d8cd98f00b204e9800998ecf8427e,"['helpWindow', 'welcomeText']","part of the description in the help window
Context Image: http://files.froemling.net/translateGuideImages/help1.png",Welcome to ${APP_NAME}!,Tervetuloa ${APP_NAME}:een!
770,d41d8cd98f00b204e9800998ecf8427e,['holdAnyButtonText'],,<hold any button>,<pidä mitä tahansa painiketta painettuna>
771,d41d8cd98f00b204e9800998ecf8427e,['holdAnyKeyText'],,<hold any key>,<pidä mitä tahansa näppäintä>
772,d41d8cd98f00b204e9800998ecf8427e,['hostIsNavigatingMenusText'],"shown on a client anytime the host they're connected to is navigating through menus (""like a boss"" is just intended to be humorous; feel free to leave that out of the translation)
Context Image: http://files.froemling.net/translateGuideImages/hostNavigating.png",- ${HOST} is navigating menus like a boss -,- ${HOST} liikkuu valikoissa kuin pomo -
773,d41d8cd98f00b204e9800998ecf8427e,['importingText'],message printed while in the process of importing something (such as a playlist someone shared with you),Importing...,Tuodaan...
774,d41d8cd98f00b204e9800998ecf8427e,['importPlaylistCodeInstructionsText'],Instructions shown alongside a code that can be used to import a playlist,Use the following code to import this playlist elsewhere:,Käytä seuraavaa koodia tuodaksesi tämän soittolistan muualle:
775,d41d8cd98f00b204e9800998ecf8427e,['importPlaylistSuccessText'],message printed after successfully importing a playlist.  ${TYPE} will be either Free-For-All or Teams and ${NAME} is the name of the playlist.,Imported ${TYPE} playlist '${NAME}',Tuotu ${TYPE} soittolista ${NAME}
776,d41d8cd98f00b204e9800998ecf8427e,['importText'],"generic label for a command to import some item from another account/etc. (playlist, soundtrack, player-profile, etc)",Import,Tuoda
777,d41d8cd98f00b204e9800998ecf8427e,['inboxText'],"Label for a window where users can see messages relating to their account (tournament results, etc.)",Inbox,Saapuneet
778,d41d8cd98f00b204e9800998ecf8427e,['inGameClippedNameText'],"A message shown when editing a profile name if the name is long enough to be clipped in-game
Context Image: http://files.froemling.net/translateGuideImages/clippedName.png","in-game will be
""${NAME}""","pelin sisällä tulee olemaan
""${NAME}"""
779,d41d8cd98f00b204e9800998ecf8427e,['installDiskSpaceErrorText'],an error that pops up on the android version during first launch if there's not enough space to complete the install,"ERROR: Unable to complete the install.
You may be out of space on your device.
Clear some space and try again.","VIRHE: Asennusta ei voi suorittaa loppuun.
Laitteesi tila saattaa olla lopussa.
Tyhjennä tilaa ja yritä uudelleen."
780,d41d8cd98f00b204e9800998ecf8427e,"['internal', 'arrowsToExitListText']",shown when stuck at the beginning or end of a list so the user knows how to move past it (such as the teams game-list selector),press ${LEFT} or ${RIGHT} to exit list,poistu luettelosta painamalla ${LEFT} tai ${RIGHT}
781,d41d8cd98f00b204e9800998ecf8427e,"['internal', 'buttonText']",,button,-painiketta
782,d41d8cd98f00b204e9800998ecf8427e,"['internal', 'cantKickHostError']",Error message you get if you try to kick the party/game host,You can't kick the host.,Et voi potkia isäntiä.
783,d41d8cd98f00b204e9800998ecf8427e,"['internal', 'chatBlockedText']",Message the server sends when someone has been chat-blocked (for doing things like chat-spamming),${NAME} is chat-blocked for ${TIME} seconds.,${NAME} on chat-estetty ${TIME} sekunniksi.
784,d41d8cd98f00b204e9800998ecf8427e,"['internal', 'connectedToGameText']",Shown when connecting to a game/party that has a name,Joined '${NAME}',Liittyi ryhmään ${NAME}
785,d41d8cd98f00b204e9800998ecf8427e,"['internal', 'connectedToPartyText']",printed onscreen when you join someone's party (a party is a group used for network-play),Joined ${NAME}'s party!,Liityi käyttäjän ${NAME} juhliin!
786,d41d8cd98f00b204e9800998ecf8427e,"['internal', 'connectingToPartyText']",printed onscreen when you first start connecting to someone's party (a party is a group used for network-play),Connecting...,Yhdistetään...
787,d41d8cd98f00b204e9800998ecf8427e,"['internal', 'connectionFailedHostAlreadyInPartyText']",an error message printed when failing to join a party,Connection failed; host is in another party.,Yhteys epäonnistui; isäntä on toisessa puolueessa.
788,d41d8cd98f00b204e9800998ecf8427e,"['internal', 'connectionFailedPartyFullText']",Message the server sends when you try to join a party that is already full,Connection failed; the party is full.,Yhteys epäonnistui; juhlat ovat täynnä.
789,d41d8cd98f00b204e9800998ecf8427e,"['internal', 'connectionFailedText']",an error message printed when failing to join a party (generic),Connection failed.,Yhteys epäonnistui.
790,d41d8cd98f00b204e9800998ecf8427e,"['internal', 'connectionFailedVersionMismatchText']",an error message printed when trying to connect to someone running a different version of the game,"Connection failed; host is running a different version of the game.
Make sure you are both up-to-date and try again.","Yhteys epäonnistui; isäntä käyttää eri versiota pelistä.
Varmista, että olette molemmat ajan tasalla ja yritä uudelleen."
791,d41d8cd98f00b204e9800998ecf8427e,"['internal', 'connectionRejectedText']",an error message printed when a host has rejected a client connection (because they're full or something like that),Connection rejected.,Yhteys hylätty.
792,d41d8cd98f00b204e9800998ecf8427e,"['internal', 'controllerConnectedText']",shown when a new controller is connected,${CONTROLLER} connected.,${CONTROLLER} yhdistetty.
793,d41d8cd98f00b204e9800998ecf8427e,"['internal', 'controllerDetectedText']",shown on startup when a single controller is found.,1 controller detected.,1 ohjain havaittu.
794,d41d8cd98f00b204e9800998ecf8427e,"['internal', 'controllerDisconnectedText']",shown when a controller is disconnected from the game,${CONTROLLER} disconnected.,${CONTROLLER} yhteys katkaistu.
795,d41d8cd98f00b204e9800998ecf8427e,"['internal', 'controllerDisconnectedTryAgainText']",shown for certain controllers that can fail and require reconnecting,${CONTROLLER} disconnected. Please try connecting again.,${CONTROLLER} yhteys katkaistu. Yritä muodostaa yhteys uudelleen.
796,d41d8cd98f00b204e9800998ecf8427e,"['internal', 'controllerForMenusOnlyText']","Error message printed when someone tries to join using a controller that is only allowed to be used in menus (simple remotes, etc)",This controller can not be used to play; only to navigate menus.,Tätä ohjainta ei voi käyttää pelaamiseen; vain valikoissa liikkumiseen.
797,d41d8cd98f00b204e9800998ecf8427e,"['internal', 'controllerReconnectedText']",shown when a controller that was previously disconnected is reconnected,${CONTROLLER} reconnected.,${CONTROLLER} yhdistetty uudelleen.
798,d41d8cd98f00b204e9800998ecf8427e,"['internal', 'controllersConnectedText']",shown when more than one controller is connected at once.,${COUNT} controllers connected.,${COUNT} ohjainta kytketty.
799,d41d8cd98f00b204e9800998ecf8427e,"['internal', 'controllersDetectedText']",shown on startup when more than one controller is found.,${COUNT} controllers detected.,${COUNT} ohjainta havaittu.
800,d41d8cd98f00b204e9800998ecf8427e,"['internal', 'controllersDisconnectedText']",shown when more than one controller is disconnected at once.,${COUNT} controllers disconnected.,${COUNT} ohjainta irrotettu.
801,d41d8cd98f00b204e9800998ecf8427e,"['internal', 'corruptFileText']",error shown if the game is unable to load any of its internal media files (saying that the game is messed up and needs to be reinstalled),"Corrupt file(s) detected. Please try re-installing, or email ${EMAIL}",Vioittuneet tiedostot havaittu. Yritä asentaa uudelleen tai lähetä sähköpostia osoitteeseen ${EMAIL}
802,d41d8cd98f00b204e9800998ecf8427e,"['internal', 'errorPlayingMusicText']",,Error playing music: ${MUSIC},Virhe musiikin toistossa: ${MUSIC}
803,d41d8cd98f00b204e9800998ecf8427e,"['internal', 'errorResettingAchievementsText']",,Unable to reset online achievements; please try again later.,Verkkosaavutuksia ei voi nollata. yritä myöhemmin uudelleen.
804,d41d8cd98f00b204e9800998ecf8427e,"['internal', 'hasMenuControlText']",,${NAME} has menu control.,${NAME}:ssa on valikkohallinta.
805,d41d8cd98f00b204e9800998ecf8427e,"['internal', 'incompatibleNewerVersionHostText']",,"Host is running a newer version of the game.
Update to the latest version and try again.","Host käyttää uudempaa versiota pelistä.
Päivitä uusimpaan versioon ja yritä uudelleen."
806,d41d8cd98f00b204e9800998ecf8427e,"['internal', 'incompatibleVersionHostText']",an error message printed when trying to connect to a host running a different version of the game,"Host is running a different version of the game.
Make sure you are both up-to-date and try again.","Isäntä käyttää eri versiota pelistä.
Varmista, että olette molemmat ajan tasalla ja yritä uudelleen."
807,d41d8cd98f00b204e9800998ecf8427e,"['internal', 'incompatibleVersionPlayerText']",an error message printed when trying to connect to a player running a different version of the game,"${NAME} is running a different version of the game.
Make sure you are both up-to-date and try again.","${NAME} käyttää eri versiota pelistä.
Varmista, että olette molemmat ajan tasalla ja yritä uudelleen."
808,d41d8cd98f00b204e9800998ecf8427e,"['internal', 'invalidAddressErrorText']",,Error: invalid address.,Virhe: virheellinen osoite.
809,d41d8cd98f00b204e9800998ecf8427e,"['internal', 'invalidNameErrorText']",Error message shown when you try to enter an invalid name for something,Error: invalid name.,Virhe: virheellinen nimi.
810,d41d8cd98f00b204e9800998ecf8427e,"['internal', 'invalidPortErrorText']",Error message when the user enters an invalid port while connecting to a network game,Error: invalid port.,Virhe: virheellinen portti.
811,d41d8cd98f00b204e9800998ecf8427e,"['internal', 'invitationSentText']",printed when first inviting a player to your party,Invitation sent.,Kutsu lähetetty.
812,d41d8cd98f00b204e9800998ecf8427e,"['internal', 'invitationsSentText']",printed when first inviting multiple players to your party,${COUNT} invitations sent.,${COUNT} kutsua lähetetty.
813,d41d8cd98f00b204e9800998ecf8427e,"['internal', 'joinedPartyInstructionsText']",instructions printed after someone joins your party,"Someone has joined your party.
Go to 'Play' to start a game.","Joku on liittynyt puolueeseesi.
Aloita peli siirtymällä kohtaan ""Pelaa""."
814,d41d8cd98f00b204e9800998ecf8427e,"['internal', 'keyboardText']",,Keyboard,Näppäimistö
815,d41d8cd98f00b204e9800998ecf8427e,"['internal', 'kickIdlePlayersKickedText']",Shown when a player has been kicked for being idle,Kicking ${NAME} for being idle.,Potkiminen ${NAME} käyttämättömänä olemisesta.
816,d41d8cd98f00b204e9800998ecf8427e,"['internal', 'kickIdlePlayersWarning1Text']",Shown when a player is in danger or being kicked for being idle (if the option is turned on in settings/advanced),${NAME} will be kicked in ${COUNT} seconds if still idle.,"${NAME} potkaisee ${COUNT} sekunnin kuluttua, jos se on edelleen käyttämättömänä."
817,d41d8cd98f00b204e9800998ecf8427e,"['internal', 'kickIdlePlayersWarning2Text']",Second part of the message shown when a player is in danger of being kicked for being idle (if the option is turned on in settings/advanced),(you can turn this off in Settings -> Advanced),(voit poistaa tämän käytöstä kohdasta Asetukset -> Lisäasetukset)
818,d41d8cd98f00b204e9800998ecf8427e,"['internal', 'leftGameText']",Shown when leaving a game/party that has a name,Left '${NAME}'.,Poistui paikasta ${NAME}.
819,d41d8cd98f00b204e9800998ecf8427e,"['internal', 'leftPartyText']",printed when leaving someone's party,Left ${NAME}'s party.,Poistui käyttäjän ${NAME} juhlista.
820,d41d8cd98f00b204e9800998ecf8427e,"['internal', 'noMusicFilesInFolderText']",,Folder contains no music files.,Kansio ei sisällä musiikkitiedostoja.
821,d41d8cd98f00b204e9800998ecf8427e,"['internal', 'playerJoinedPartyText']",printed when someone joins your party.,${NAME} joined the party!,${NAME} liittyi juhliin!
822,d41d8cd98f00b204e9800998ecf8427e,"['internal', 'playerLeftPartyText']",printed when someone leaves your party.,${NAME} left the party.,${NAME} lähti juhlista.
823,d41d8cd98f00b204e9800998ecf8427e,"['internal', 'rejectingInviteAlreadyInPartyText']",a message shown when you are invited to another party but are already in one,Rejecting invite (already in a party).,Hylätään kutsu (jo juhlissa).
824,d41d8cd98f00b204e9800998ecf8427e,"['internal', 'serverRestartingText']",Message a server sends to connected clients when restarting for maintenance or other reasons,Server is restarting. Please rejoin in a moment...,Palvelin käynnistyy uudelleen. Liity hetken kuluttua uudelleen...
825,d41d8cd98f00b204e9800998ecf8427e,"['internal', 'serverShuttingDownText']",,Server is shutting down...,Palvelin sulkeutuu...
826,d41d8cd98f00b204e9800998ecf8427e,"['internal', 'signInErrorText']",printed if there is an error signing into your account.,Error signing in.,Virhe kirjautumisessa.
827,d41d8cd98f00b204e9800998ecf8427e,"['internal', 'signInNoConnectionText']",printed if sign-in failed most likely due to a lack of internet-connection.,Unable to sign in. (no internet connection?),Kirjautuminen ei onnistu. (eikö internetyhteyttä?)
828,d41d8cd98f00b204e9800998ecf8427e,"['internal', 'telnetAccessDeniedText']",,"ERROR: user has not granted telnet access.
",VIRHE: käyttäjä ei ole myöntänyt Telnet-käyttöoikeutta.
829,d41d8cd98f00b204e9800998ecf8427e,"['internal', 'timeOutText']",shows when someone with UI control will lose it due to being idle (in seconds),(times out in ${TIME} seconds),(aikakatkaisu ${TIME} sekunnissa)
830,d41d8cd98f00b204e9800998ecf8427e,"['internal', 'touchScreenJoinWarningText']",printed in cases where it looks like someone with a touchpad on their controller joined the game as a touchscreen player instead of a controller (probably not what they intended),"You have joined with the touchscreen.
If this was a mistake, tap 'Menu->Leave Game' with it.","Olet liittynyt kosketusnäytöllä.
Jos tämä oli virhe, napauta 'Valikko->Poistu pelistä' sen kanssa."
831,d41d8cd98f00b204e9800998ecf8427e,"['internal', 'touchScreenText']",,TouchScreen,Kosketusnäyttö
832,d41d8cd98f00b204e9800998ecf8427e,"['internal', 'unableToCompleteTryAgainText']",,"Unable to complete this right now.
Please try again.","Tätä ei voi suorittaa juuri nyt.
Yritä uudelleen."
833,d41d8cd98f00b204e9800998ecf8427e,"['internal', 'unableToResolveHostText']",A message shown when trying to connect to a hostname (something like mybombsquadserver.com) when no ip address can be retrieved for it. (generally means the internet is down or the hostname is not valid),Error: unable to resolve host.,Virhe: isäntää ei voida ratkaista.
834,d41d8cd98f00b204e9800998ecf8427e,"['internal', 'unavailableNoConnectionText']",a generic error message shown when something is not available (most likely due to a lack of internet connection),This is currently unavailable (no internet connection?),Tämä ei ole tällä hetkellä saatavilla (ei Internet-yhteyttä?)
835,d41d8cd98f00b204e9800998ecf8427e,"['internal', 'vrOrientationResetCardboardText']",a message shown when pulling the lever on the Google Cardboard version of the game,"Use this to reset the VR orientation.
To play the game you'll need an external controller.","Käytä tätä nollataksesi VR-suunnan.
Pelin pelaamiseen tarvitset ulkoisen ohjaimen."
836,d41d8cd98f00b204e9800998ecf8427e,"['internal', 'vrOrientationResetText']","on the VR version of the game this is printed when setting the current direction the head is facing to be ""forward""",VR orientation reset.,VR-suunnan nollaus.
837,d41d8cd98f00b204e9800998ecf8427e,"['internal', 'willTimeOutText']","shown after the ""NAME currently has menu control"" message so the user knows that their control can time-out",(will time out if idle),"(aikakatkaisu, jos se on tyhjä)"
838,d41d8cd98f00b204e9800998ecf8427e,['inventoryOnlyAvailableOnlineText'],,Full inventory is only available while online.,Täysi varasto on saatavilla vain verkossa.
839,d41d8cd98f00b204e9800998ecf8427e,['inventoryText'],,Inventory,Varasto
840,d41d8cd98f00b204e9800998ecf8427e,['jumpBoldText'],,JUMP,HYPÄTÄ
841,d41d8cd98f00b204e9800998ecf8427e,['jumpText'],,Jump,Hypätä
842,d41d8cd98f00b204e9800998ecf8427e,['keepText'],,Keep,Pitää
843,d41d8cd98f00b204e9800998ecf8427e,['keepTheseSettingsText'],,Keep these settings?,Säilytetäänkö nämä asetukset?
844,d41d8cd98f00b204e9800998ecf8427e,['keyboardChangeInstructionsText'],,Double press space to change keyboards.,Vaihda näppäimistöä kaksoispainalluksella välilyöntiä.
845,d41d8cd98f00b204e9800998ecf8427e,['keyboardNoOthersAvailableText'],,No other keyboards available.,Muita näppäimistöjä ei ole saatavilla.
846,d41d8cd98f00b204e9800998ecf8427e,['keyboardSwitchText'],,"Switching keyboard to ""${NAME}"".","Vaihdetaan näppäimistöön ""${NAME}""."
847,d41d8cd98f00b204e9800998ecf8427e,['kickOccurredText'],Message the server sends when a player has been kicked out of the game/party,${NAME} was kicked.,${NAME} potkittiin.
848,d41d8cd98f00b204e9800998ecf8427e,['kickQuestionText'],Message the server sends when asking for votes whether or not to kick a player,Kick ${NAME}?,Potkia ${NAME}?
849,d41d8cd98f00b204e9800998ecf8427e,['kickText'],Label for a button to kick a player from a party/game,Kick,Potkia
850,d41d8cd98f00b204e9800998ecf8427e,['kickVoteCantKickAdminsText'],,Admins can't be kicked.,Järjestelmänvalvojia ei saa potkaista.
851,d41d8cd98f00b204e9800998ecf8427e,['kickVoteCantKickSelfText'],,You can't kick yourself.,Et voi potkia itseäsi.
852,d41d8cd98f00b204e9800998ecf8427e,['kickVoteFailedNotEnoughVotersText'],Error message shown when trying to start a vote with too few players present,Not enough players for a vote.,Ei tarpeeksi pelaajia äänestämään.
853,d41d8cd98f00b204e9800998ecf8427e,['kickVoteFailedText'],Message the server sends when a kick vote failed,Kick-vote failed.,Kick-äänestys epäonnistui.
854,d41d8cd98f00b204e9800998ecf8427e,['kickVoteStartedText'],Message shown when someone has started a vote to kick a player,A kick vote has been started for ${NAME}.,Kick-äänestys on aloitettu kohteelle ${NAME}.
855,d41d8cd98f00b204e9800998ecf8427e,['kickVoteText'],Label for a button to start a kick-vote for a player,Vote to Kick,Äänestä Kickiä
856,d41d8cd98f00b204e9800998ecf8427e,['kickVotingDisabledText'],,Kick voting is disabled.,Potkuäänestys on poistettu käytöstä.
857,d41d8cd98f00b204e9800998ecf8427e,['kickWithChatText'],Message sent to players on older versions of the game telling them how to kick with a chat message,Type ${YES} in chat for yes and ${NO} for no.,Kirjoita ${YES} chatissa kyllä ​​ja ${NO} jos ei.
858,d41d8cd98f00b204e9800998ecf8427e,['killsTallyText'],,${COUNT} kills,${COUNT} tappaa
859,d41d8cd98f00b204e9800998ecf8427e,['killsText'],,Kills,Tappaa
860,d41d8cd98f00b204e9800998ecf8427e,"['kioskWindow', 'easyText']","used in the kiosk-mode menu (a simple menu used for demoing the game)
Context Image: http://files.froemling.net/translateGuideImages/kiosk.png",Easy,Helppo
861,d41d8cd98f00b204e9800998ecf8427e,"['kioskWindow', 'epicModeText']","used in the kiosk-mode menu (a simple menu used for demoing the game)
Context Image: http://files.froemling.net/translateGuideImages/kiosk.png",Epic Mode,Eeppinen tila
862,d41d8cd98f00b204e9800998ecf8427e,"['kioskWindow', 'fullMenuText']","used in the kiosk-mode menu (a simple menu used for demoing the game)
Context Image: http://files.froemling.net/translateGuideImages/kiosk.png",Full Menu,Täysi valikko
863,d41d8cd98f00b204e9800998ecf8427e,"['kioskWindow', 'hardText']","used in the kiosk-mode menu (a simple menu used for demoing the game)
Context Image: http://files.froemling.net/translateGuideImages/kiosk.png",Hard,Kovaa
864,d41d8cd98f00b204e9800998ecf8427e,"['kioskWindow', 'mediumText']","used in the kiosk-mode menu (a simple menu used for demoing the game)
Context Image: http://files.froemling.net/translateGuideImages/kiosk.png",Medium,Keskikokoinen
865,d41d8cd98f00b204e9800998ecf8427e,"['kioskWindow', 'singlePlayerExamplesText']","used in the kiosk-mode menu (a simple menu used for demoing the game)
Context Image: http://files.froemling.net/translateGuideImages/kiosk.png",Single Player / Co-op Examples,Esimerkkejä yksinpelistä/yhteistyöstä
866,d41d8cd98f00b204e9800998ecf8427e,"['kioskWindow', 'versusExamplesText']","used in the kiosk-mode menu (a simple menu used for demoing the game)
Context Image: http://files.froemling.net/translateGuideImages/kiosk.png",Versus Examples,Vs. Esimerkkejä
867,d41d8cd98f00b204e9800998ecf8427e,['languageSetText'],printed when the user switches languages,"Language is now ""${LANGUAGE}"".","Kieli on nyt ""${LANGUAGE}""."
868,d41d8cd98f00b204e9800998ecf8427e,['lapNumberText'],shows the current and total laps in a race,Lap ${CURRENT}/${TOTAL},Kierros ${CURRENT}/${TOTAL}
869,d41d8cd98f00b204e9800998ecf8427e,['lastGamesText'],,(last ${COUNT} games),(viimeiset ${COUNT} peliä)
870,d41d8cd98f00b204e9800998ecf8427e,['leaderboardsText'],,Leaderboards,Tulostaulukot
871,d41d8cd98f00b204e9800998ecf8427e,"['league', 'allTimeText']","option under the League ""Show"" menu to show all-time best rankings instead of a single season
Context Image: http://files.froemling.net/translateGuideImages/league.png",All Time,Kaikki aika
872,d41d8cd98f00b204e9800998ecf8427e,"['league', 'currentSeasonText']","option under the League ""Show"" menu for the current season number
Context Image: http://files.froemling.net/translateGuideImages/league.png",Current Season (${NUMBER}),Nykyinen kausi (${NUMBER})
873,d41d8cd98f00b204e9800998ecf8427e,"['league', 'leagueFullText']","Used when printing the name of a league  ""Bronze League"", ""Gold League"", etc.",${NAME} League,${NAME} Liiga
874,d41d8cd98f00b204e9800998ecf8427e,"['league', 'leagueRankText']","title of the league rank section
Context Image: http://files.froemling.net/translateGuideImages/league.png",League Rank,Liigan sijoitus
875,d41d8cd98f00b204e9800998ecf8427e,"['league', 'leagueText']","the grouping the player is in
Context Image: http://files.froemling.net/translateGuideImages/league.png",League,Liiga
876,d41d8cd98f00b204e9800998ecf8427e,"['league', 'rankInLeagueText']","shows a player's rank in a given league; NAME will be Bronze/Gold/Silver/Diamond and SUFFIX will be the league number/id
Context Image: http://files.froemling.net/translateGuideImages/playerInfo.png","#${RANK}, ${NAME} League${SUFFIX}","#${RANK}, ${NAME} Liiga${SUFFIX}"
877,d41d8cd98f00b204e9800998ecf8427e,"['league', 'seasonEndedDaysAgoText']","shown when viewing a season that ended in the past
Context Image: http://files.froemling.net/translateGuideImages/league.png",Season ended ${NUMBER} days ago.,Kausi päättyi ${NUMBER} päivää sitten.
878,d41d8cd98f00b204e9800998ecf8427e,"['league', 'seasonEndsDaysText']","shown when viewing a season that will be ending in a number of days
Context Image: http://files.froemling.net/translateGuideImages/league.png",Season ends in ${NUMBER} days.,Kausi päättyy ${NUMBER} päivän kuluttua.
879,d41d8cd98f00b204e9800998ecf8427e,"['league', 'seasonEndsHoursText']","shown when viewing a season that will be ending in a number of hours
Context Image: http://files.froemling.net/translateGuideImages/league.png",Season ends in ${NUMBER} hours.,Kausi päättyy ${NUMBER} tunnin kuluttua.
880,d41d8cd98f00b204e9800998ecf8427e,"['league', 'seasonEndsMinutesText']","shown when viewing a season that will be ending in a number of minutes
Context Image: http://files.froemling.net/translateGuideImages/league.png",Season ends in ${NUMBER} minutes.,Kausi päättyy ${NUMBER} minuutin kuluttua.
881,d41d8cd98f00b204e9800998ecf8427e,"['league', 'seasonText']","shown for a numbered season (Season 1, Season 2, etc.)
Context Image: http://files.froemling.net/translateGuideImages/league.png",Season ${NUMBER},Kausi ${NUMBER}
882,d41d8cd98f00b204e9800998ecf8427e,"['league', 'tournamentLeagueText']","Message shown for certain tournaments that require you to reach a certain league (Gold, Silver, etc.) before you can enter them",You must reach ${NAME} league to enter this tournament.,"Sinun on saavutettava ${NAME} liiga, jotta voit osallistua tähän turnaukseen."
883,d41d8cd98f00b204e9800998ecf8427e,"['league', 'trophyCountsResetText']","shown to tell the player that trophy counts are per-season and will reset at the next one
Context Image: http://files.froemling.net/translateGuideImages/league.png",Trophy counts will reset next season.,Palkintojen määrä nollataan ensi kaudella.
884,d41d8cd98f00b204e9800998ecf8427e,"['league', 'upToDateBonusDescriptionText']",Description for a bonus players get for running a recent version of the game.,"Players running a recent version of the
game receive a ${PERCENT}% bonus here.","Pelaajat, joilla on uusin versio
peli saa ${PERCENT}% bonuksen täällä."
885,d41d8cd98f00b204e9800998ecf8427e,"['league', 'upToDateBonusText']",Label for a bonus players get for running a recent version of the game.,Up-To-Date Bonus,Ajantasainen bonus
886,d41d8cd98f00b204e9800998ecf8427e,['learnMoreText'],"Label for buttons leading to more info/etc.
Context Image: http://files.froemling.net/translateGuideImages/tokenStore.png",Learn More,Lisätietoja
887,d41d8cd98f00b204e9800998ecf8427e,['levelBestScoresText'],Title for a list showing the best scores for a given level (either largest or smallest depending on the level),Best scores on ${LEVEL},Parhaat pisteet: ${LEVEL}
888,d41d8cd98f00b204e9800998ecf8427e,['levelBestTimesText'],Title for a list showing the best times for a given level (either shortest times or longest depending on the level),Best times on ${LEVEL},Parhaat ajat ${LEVEL}:ssa
889,d41d8cd98f00b204e9800998ecf8427e,['levelIsLockedText'],,${LEVEL} is locked.,${LEVEL} on lukittu.
890,d41d8cd98f00b204e9800998ecf8427e,['levelMustBeCompletedFirstText'],,${LEVEL} must be completed first.,${LEVEL} on suoritettava ensin.
891,d41d8cd98f00b204e9800998ecf8427e,['levelText'],"standard term used when showing something's power/difficulty/etc. ie: ""Bob gained 33XP and reached Level 4""",Level ${NUMBER},Taso ${NUMBER}
892,d41d8cd98f00b204e9800998ecf8427e,['levelUnlockedText'],,Level Unlocked!,Taso avattu!
893,d41d8cd98f00b204e9800998ecf8427e,['livesBonusText'],,Lives Bonus,Live Bonus
894,d41d8cd98f00b204e9800998ecf8427e,['loadingText'],shown when a UI element is loading (possibly with 3 animated dots behind it),loading,lastaus
895,d41d8cd98f00b204e9800998ecf8427e,['loadingTryAgainText'],Error message when you try to do some action that is not quite ready yet. (currently shown when trying to pop up a character selector on a net game before it has loaded your info from the master server),Loading; try again in a moment...,Ladataan; yritä hetken kuluttua uudelleen...
896,d41d8cd98f00b204e9800998ecf8427e,['macControllerSubsystemBothText'],"Name of an option on the mac version to allow both Classic and Made-For-iOS/Mac type controllers at once (which generally causes problems; hence the ""not recommended"")",Both (not recommended),Molemmat (ei suositella)
897,d41d8cd98f00b204e9800998ecf8427e,['macControllerSubsystemClassicText'],"Name of an option on the mac version to enable ""Classic"" controller support (generic configurable usb/bluetooth devices) instead of using the newer Apple Made-For-iOS/Mac hardware controller support.",Classic,Klassinen
898,d41d8cd98f00b204e9800998ecf8427e,['macControllerSubsystemDescriptionText'],"Description on a setting on the mac version allowing switching between different types of controller support (""Classic"" generic hardware controllers vs newer Made-For-iOS/Mac controllers).",(try changing this if your controllers aren't working),"(kokeile muuttaa tätä, jos ohjaimet eivät toimi)"
899,d41d8cd98f00b204e9800998ecf8427e,['macControllerSubsystemMFiNoteText'],A warning that gets printed if it looks like a new-style iOS/Mac controller is connected but the user doesn't have those types of controllers enabled in controller settings,"Made-for-iOS/Mac controller detected;
You may want to enable these in Settings -> Controllers","Made-for-iOS/Mac-ohjain havaittu;
Haluat ehkä ottaa ne käyttöön kohdassa Asetukset -> Ohjaimet"
900,d41d8cd98f00b204e9800998ecf8427e,['macControllerSubsystemMFiText'],"Name of an option on the mac version to enable newer Made-For-iOS/Mac type controllers instead of ""Classic"" controller support (generic configurable usb/bluetooth devices).",Made-for-iOS/Mac,Made for iOS/Mac
901,d41d8cd98f00b204e9800998ecf8427e,['macControllerSubsystemTitleText'],"Title for a setting on the mac version allowing switching between different types of controller support (""Classic"" generic hardware controllers vs newer Made-For-iOS/Mac controllers).",Controller Support,Ohjaimen tuki
902,d41d8cd98f00b204e9800998ecf8427e,"['mainMenu', 'creditsText']",,Credits,Krediitit
903,d41d8cd98f00b204e9800998ecf8427e,"['mainMenu', 'demoMenuText']","an extra button in the main menu that goes back to the simple kiosk menu (only used in ""kiosk"" demo mode)",Demo Menu,Demo-valikko
904,d41d8cd98f00b204e9800998ecf8427e,"['mainMenu', 'endGameText']",,End Game,Loppu peli
905,d41d8cd98f00b204e9800998ecf8427e,"['mainMenu', 'endTestText']",,End Test,Lopeta testi
906,d41d8cd98f00b204e9800998ecf8427e,"['mainMenu', 'exitGameText']",,Exit Game,Poistu pelistä
907,d41d8cd98f00b204e9800998ecf8427e,"['mainMenu', 'exitToMenuText']",,Exit to menu?,Poistutaanko valikosta?
908,d41d8cd98f00b204e9800998ecf8427e,"['mainMenu', 'howToPlayText']",,How to Play,Kuinka pelata
909,d41d8cd98f00b204e9800998ecf8427e,"['mainMenu', 'justPlayerText']","clarifies that the ""Leave Game"" menu entry only applies to one player
Context Image: http://files.froemling.net/translateGuideImages/menu.png",(Just ${NAME}),(vain ${NAME})
910,d41d8cd98f00b204e9800998ecf8427e,"['mainMenu', 'leaveGameText']","the button for having the current player leave the game
Context Image: http://files.froemling.net/translateGuideImages/menu.png",Leave Game,Poistu pelistä
911,d41d8cd98f00b204e9800998ecf8427e,"['mainMenu', 'leavePartyConfirmText']",confirmation text when leaving a party,Really leave the party?,Poistutko todella juhlista?
912,d41d8cd98f00b204e9800998ecf8427e,"['mainMenu', 'leavePartyText']","button in the main menu to leave the current party when connected to a party
Context Image: http://files.froemling.net/translateGuideImages/menuParty.png",Leave Party,Poistu puolueesta
913,d41d8cd98f00b204e9800998ecf8427e,"['mainMenu', 'quitText']",label for button that quits out of the game,Quit,Lopettaa
914,d41d8cd98f00b204e9800998ecf8427e,"['mainMenu', 'resumeText']",label for main menu button to resume the game when it is paused,Resume,Jatkaa
915,d41d8cd98f00b204e9800998ecf8427e,"['mainMenu', 'settingsText']",,Settings,Asetukset
916,d41d8cd98f00b204e9800998ecf8427e,['makeItSoText'],alternative text for 'apply',Make it So,Tee niin
917,d41d8cd98f00b204e9800998ecf8427e,['mapSelectGetMoreMapsText'],"button in the map-select window which takes you to the store
Context Image: http://files.froemling.net/translateGuideImages/maps.png",Get More Maps...,Hanki lisää karttoja...
918,d41d8cd98f00b204e9800998ecf8427e,['mapSelectText'],,Select...,Valitse...
919,d41d8cd98f00b204e9800998ecf8427e,['mapSelectTitleText'],"label for maps for a certain game type; ie: ""Capture the Flag Maps""",${GAME} Maps,${GAME} Maps
920,d41d8cd98f00b204e9800998ecf8427e,['mapText'],,Map,Kartta
921,d41d8cd98f00b204e9800998ecf8427e,['maxConnectionsText'],Label for an option for setting the maximum number of devices/machines that can connect to a hosted party,Max Connections,Max liitännät
922,d41d8cd98f00b204e9800998ecf8427e,['maxPartySizeText'],Label for a control for how many people can be in a party,Max Party Size,Suurin juhlakoko
923,d41d8cd98f00b204e9800998ecf8427e,['maxPlayersText'],Label for an option for setting the maximum number of players that can join a game,Max Players,Max pelaajat
924,d41d8cd98f00b204e9800998ecf8427e,['merchText'],"Name of a link to game related merchanise for purchase such as shirts or hoodies or coffee cups.
Context Image: http://files.froemling.net/translateGuideImages/merch.png",Merch!,Kauppa!
925,d41d8cd98f00b204e9800998ecf8427e,['modeArcadeText'],"Label for a button to switch the game into ""Arcade"" mode (a simplified mode designed for stand-up arcade cabinets)",Arcade Mode,Arcade-tila
926,d41d8cd98f00b204e9800998ecf8427e,['modeClassicText'],"Label for a button to switch the game into ""Classic"" mode (the standard game everyone is familiar with)",Classic Mode,Klassinen tila
927,d41d8cd98f00b204e9800998ecf8427e,['modeDemoText'],"Label for a button to switch the game into ""Demo"" mode (a simple mode which provides a few examples of gameplay instead of the full experience)",Demo Mode,Demotila
928,d41d8cd98f00b204e9800998ecf8427e,['moreSoonText'],Shown in places where new UIs or features will be appearing soon.,More coming soon...,Lisää tulossa pian...
929,d41d8cd98f00b204e9800998ecf8427e,['mostDestroyedPlayerText'],Playful label for the player that got killed the most,Most Destroyed Player,Eniten tuhoutunut pelaaja
930,d41d8cd98f00b204e9800998ecf8427e,['mostValuablePlayerText'],label for the player on the winning team with the highest score,Most Valuable Player,Arvokkain pelaaja
931,d41d8cd98f00b204e9800998ecf8427e,['mostViolatedPlayerText'],label for the player that got killed the most,Most Violated Player,Eniten rikkonut pelaaja
932,d41d8cd98f00b204e9800998ecf8427e,['mostViolentPlayerText'],label for the player with the most kills,Most Violent Player,Väkivaltaisin pelaaja
933,d41d8cd98f00b204e9800998ecf8427e,['moveText'],"label for control help. ie: ""Move: dpad, Bomb: button-1, Jump: button-2""",Move,Liikkua
934,d41d8cd98f00b204e9800998ecf8427e,['multiKillText'],shown after getting more than 5 kills in a row,${COUNT}-KILL!!!,${COUNT}-TAPA!!!
935,d41d8cd98f00b204e9800998ecf8427e,['multiPlayerCountText'],,${COUNT} players,${COUNT} pelaajaa
936,d41d8cd98f00b204e9800998ecf8427e,['mustInviteFriendsText'],"This shows when starting a teams or free-for-all game to remind people that they have to join up with friends *first* in the ""gather"" panel","Note: you must invite friends in
the ""${GATHER}"" panel or attach
controllers to play multiplayer.","Huomaa: sinun on kutsuttava ystäviä sisään
""${GATHER}""-paneeli tai liitä
ohjaimet moninpelin pelaamiseen."
937,d41d8cd98f00b204e9800998ecf8427e,['nameBetrayedText'],,${NAME} betrayed ${VICTIM}.,${NAME} petti ${VICTIM}.
938,d41d8cd98f00b204e9800998ecf8427e,['nameDiedText'],,${NAME} died.,${NAME} kuoli.
939,d41d8cd98f00b204e9800998ecf8427e,['nameKilledText'],,${NAME} killed ${VICTIM}.,${NAME} tappoi ${VICTIM}.
940,d41d8cd98f00b204e9800998ecf8427e,['nameNotEmptyText'],,Name cannot be empty!,Nimi ei voi olla tyhjä!
941,d41d8cd98f00b204e9800998ecf8427e,['nameScoresText'],,${NAME} Scores!,${NAME} pistettä!
942,d41d8cd98f00b204e9800998ecf8427e,['nameSuicideKidFriendlyText'],"A ""less harsh"" statement when a player kills themself (used in kid-friendly mode)",${NAME} accidentally died.,${NAME} kuoli vahingossa.
943,d41d8cd98f00b204e9800998ecf8427e,['nameSuicideText'],,${NAME} committed suicide.,${NAME} teki itsemurhan.
944,d41d8cd98f00b204e9800998ecf8427e,['nameText'],"Label for a control to set the name of a party, playlist, or some other game entity.",Name,Nimi
945,d41d8cd98f00b204e9800998ecf8427e,['nativeText'],"Option when specifying to use a device's ""native"" screen resolution, etc.",Native,Alkuperäinen
946,d41d8cd98f00b204e9800998ecf8427e,['newExclaimText'],"Label for new and exciting things.
Context Image: http://files.froemling.net/translateGuideImages/new.png",New!,Uusi!
947,d41d8cd98f00b204e9800998ecf8427e,['newPersonalBestText'],shown when achieving a higher score than one had previously,New personal best!,Uusi henkilökohtainen ennätys!
948,d41d8cd98f00b204e9800998ecf8427e,['newTestBuildAvailableText'],shown after launch on test-builds when there is a newer test-build available,"A newer test build is available! (${VERSION} build ${BUILD}).
Get it at ${ADDRESS}","Uudempi testiversio on saatavilla! (${VERSION} rakennus ${BUILD}).
Hanki se osoitteesta ${ADDRESS}"
949,d41d8cd98f00b204e9800998ecf8427e,['newText'],"generic label for a command to create a new one of some item (playlist, soundtrack, player-profile, etc)",New,Uusi
950,d41d8cd98f00b204e9800998ecf8427e,['newVersionAvailableText'],shown after launch when there is an update to the game available,A newer version of ${APP_NAME} is available! (${VERSION}),Uudempi versio ${APP_NAME}:sta on saatavilla! (${VERSION})
951,d41d8cd98f00b204e9800998ecf8427e,['nextAchievementsText'],,Next Achievements:,Seuraavat saavutukset:
952,d41d8cd98f00b204e9800998ecf8427e,['nextLevelText'],,Next Level,Seuraava taso
953,d41d8cd98f00b204e9800998ecf8427e,['noAchievementsRemainingText'],,- none,- ei yhtään
954,d41d8cd98f00b204e9800998ecf8427e,['noContinuesText'],"Used when showing a ""pure"" list of high-scores: where no continues were used. ie: ""All Time"" vs ""All Time (no continues)""",(no continues),(ei jatkuu)
955,d41d8cd98f00b204e9800998ecf8427e,['noExternalStorageErrorText'],an error used for things like Android devices that have no SDCards,No external storage found on this device,Tästä laitteesta ei löytynyt ulkoista tallennustilaa
956,d41d8cd98f00b204e9800998ecf8427e,['noGameCircleText'],,Error: not logged into GameCircle,Virhe: ei kirjautunut GameCircleen
957,d41d8cd98f00b204e9800998ecf8427e,['noMessagesText'],,No messages.,Ei viestejä.
958,d41d8cd98f00b204e9800998ecf8427e,['noPluginsInstalledText'],,No Plugins Installed,Ei asennettuja laajennuksia
959,d41d8cd98f00b204e9800998ecf8427e,['noScoresYetText'],Shown when loading a score list with no scores on it yet.,No scores yet.,Ei vielä pisteitä.
960,d41d8cd98f00b204e9800998ecf8427e,['noServersFoundText'],,No servers found.,Palvelimia ei löytynyt.
961,d41d8cd98f00b204e9800998ecf8427e,['notEnoughPlayersRemainingText'],"shown if a tournament or other game requires a certain number of players and one or more of them leave, making the game unplayable",Not enough players remaining; exit and start a new game.,Ei tarpeeksi pelaajia jäljellä; poistu ja aloita uusi peli.
962,d41d8cd98f00b204e9800998ecf8427e,['notEnoughPlayersText'],,You need at least ${COUNT} players to start this game!,Tarvitset vähintään ${COUNT} pelaajaa aloittaaksesi tämän pelin!
963,d41d8cd98f00b204e9800998ecf8427e,['notEnoughTicketsText'],,Not enough tickets!,Ei tarpeeksi lippuja!
964,d41d8cd98f00b204e9800998ecf8427e,['noThanksText'],,No Thanks,Ei kiitos
965,d41d8cd98f00b204e9800998ecf8427e,['nothingIsSelectedErrorText'],shown when pressing edit/delete/etc button without a playlist/profile/etc selected,Nothing is selected!,Mitään ei ole valittu!
966,d41d8cd98f00b204e9800998ecf8427e,['notNowText'],,Not Now,Ei nyt
967,d41d8cd98f00b204e9800998ecf8427e,['noTournamentsInTestBuildText'],,WARNING: Tournament scores from this test build will be ignored.,VAROITUS: Turnauksen tulokset tästä testiversiosta jätetään huomiotta.
968,d41d8cd98f00b204e9800998ecf8427e,['notSignedInErrorText'],"error printed if you try to do something that requires being signed in to your account (Game-Center, Google Play, etc)",You must sign in to do this.,Sinun on kirjauduttava sisään tehdäksesi tämän.
969,d41d8cd98f00b204e9800998ecf8427e,['notSignedInGooglePlayErrorText'],An error message saying you must sign in *specifically* with Google Play (some features require this),You must sign in with Google Play to do this.,Sinun on kirjauduttava sisään Google Play -palveluun tehdäksesi tämän.
970,d41d8cd98f00b204e9800998ecf8427e,['notSignedInText'],"can be shown for UI bits that only function when the user is signed into their account (Game-Center, Google Play, etc)",not signed in,ei ole kirjautunut sisään
971,d41d8cd98f00b204e9800998ecf8427e,['notUsingAccountText'],Informs the user if the app is implicitly signed in with some account type (for example Steam or Google Play Games) but the app is not actually using that account. This tells the user they might need to press 'Sign in with Google Play' or 'Sign in with Steam' or whatnot if they actually want to use that account.,"Note: ignoring ${SERVICE} account.
Go to 'Account -> Sign in with ${SERVICE}' if you want to use it.","Huomautus: ohitetaan ${SERVICE}-tili.
Siirry kohtaan Tili -> Kirjaudu sisään ${SERVICE}:lla, jos haluat käyttää sitä."
972,d41d8cd98f00b204e9800998ecf8427e,['noValidMapsErrorText'],,No valid maps found for this game type.,Tälle pelityypille ei löytynyt kelvollisia karttoja.
973,d41d8cd98f00b204e9800998ecf8427e,['numberText'],"used when displaying a rank of some sort (ie: if a player is the third best in a list, their rank may show up as ""#3"" in english)
Context Image: http://files.froemling.net/translateGuideImages/powerRankings.png",#${NUMBER},#${NUMBER}
974,d41d8cd98f00b204e9800998ecf8427e,['offText'],,Off,Pois
975,d41d8cd98f00b204e9800998ecf8427e,['okText'],,Ok,Ok
976,d41d8cd98f00b204e9800998ecf8427e,['oneMomentText'],Shown when some operation will take a short bit of time to complete.,One Moment...,Yksi hetki...
977,d41d8cd98f00b204e9800998ecf8427e,['onslaughtRespawnText'],,${PLAYER} will respawn in wave ${WAVE},${PLAYER} syntyy uudelleen aallossa ${WAVE}
978,d41d8cd98f00b204e9800998ecf8427e,['onText'],,On,Päällä
979,d41d8cd98f00b204e9800998ecf8427e,['openMeText'],"Label shown next to a chest that is ready to be opened.
Context Image: http://files.froemling.net/translateGuideImages/chestOpenNow.png",Open Me!,Avaa minut!
980,d41d8cd98f00b204e9800998ecf8427e,['openNowText'],"Label for a button to open a chest or something similar now instead of waiting (generally for some cost).
Context Image: http://files.froemling.net/translateGuideImages/opennow.png",Open Now,Avaa nyt
981,d41d8cd98f00b204e9800998ecf8427e,['openText'],"Label for a button to open a chest or something similar.
Context Image: http://files.froemling.net/translateGuideImages/chestopen.png",Open,Avata
982,d41d8cd98f00b204e9800998ecf8427e,['orText'],"line showing two options.. ie:  ""to join, press JUMP ('K' or X)""",${A} or ${B},${A} tai ${B}
983,d41d8cd98f00b204e9800998ecf8427e,['otherText'],used for entering values outside of some main list of options,Other...,Muut...
984,d41d8cd98f00b204e9800998ecf8427e,['outOfText'],"show a ranking out of a certain number of items; ie: ""#3 out of 100""",(#${RANK} out of ${ALL}),(#${RANK}/${ALL})
985,d41d8cd98f00b204e9800998ecf8427e,['ownFlagAtYourBaseWarning'],,"Your own flag must be
at your base to score!","Oma lippu pitää olla
tukikohtaasi tekemään maalin!"
986,d41d8cd98f00b204e9800998ecf8427e,"['partyWindow', 'chatMessageText']","description for the party chat message text-entry box (for text-edit dialog pop-ups)
Context Image: http://files.froemling.net/translateGuideImages/party.png",Chat Message,Chat Viesti
987,d41d8cd98f00b204e9800998ecf8427e,"['partyWindow', 'emptyText']","shown in the party window in place of party-member names when nobody has joined
Context Image: http://files.froemling.net/translateGuideImages/party.png",Your party is empty,Puolueesi on tyhjä
988,d41d8cd98f00b204e9800998ecf8427e,"['partyWindow', 'hostText']","denotes the party-member who is hosting in the party window
Context Image: http://files.froemling.net/translateGuideImages/party.png",(host),(isäntä)
989,d41d8cd98f00b204e9800998ecf8427e,"['partyWindow', 'sendText']","label for the chat ""send"" button in the party window
Context Image: http://files.froemling.net/translateGuideImages/party.png",Send,Lähetä
990,d41d8cd98f00b204e9800998ecf8427e,"['partyWindow', 'titleText']","title for the party window
Context Image: http://files.froemling.net/translateGuideImages/party.png",Your Party,Sinun puolueesi
991,d41d8cd98f00b204e9800998ecf8427e,['pausedByHostText'],printed on a client when connected to a host who has paused the game,(paused by host),(isäntä keskeyttää)
992,d41d8cd98f00b204e9800998ecf8427e,['perfectWaveText'],shown when completing a wave without dying or missing an enemy or whatever,Perfect Wave!,Täydellinen aalto!
993,d41d8cd98f00b204e9800998ecf8427e,['pickUpText'],Name of the 'Pick Up' button.,Pick Up,Poimia
994,d41d8cd98f00b204e9800998ecf8427e,['playerCountAbbreviatedText'],"tacked on to level names to denote the player count; such as ""Infinite Onslaught 1p""",${COUNT}p,${COUNT}p
995,d41d8cd98f00b204e9800998ecf8427e,['playerDelayedJoinText'],"Shown when a player joins during a co-op game or whatnot, since they will not enter the game until the next round starts.",${PLAYER} will enter at the start of the next round.,${PLAYER} osallistuu seuraavan kierroksen alussa.
996,d41d8cd98f00b204e9800998ecf8427e,['playerInfoText'],label for a window that shows info about a player,Player Info,Pelaajan tiedot
997,d41d8cd98f00b204e9800998ecf8427e,['playerLeftText'],,${PLAYER} left the game.,${PLAYER} lähti pelistä.
998,d41d8cd98f00b204e9800998ecf8427e,['playerLimitReachedText'],,Player limit of ${COUNT} reached; no joiners allowed.,Pelaajien raja ${COUNT} saavutettu; ei liityjä sallittu.
999,d41d8cd98f00b204e9800998ecf8427e,"['playerProfilesWindow', 'cantDeleteAccountProfileText']",an error message printed if you try to delete your account player-profile (a special profile associated with your Game-Center/Google-Play/etc account),You can't delete your account profile.,Et voi poistaa tiliprofiiliasi.
1000,d41d8cd98f00b204e9800998ecf8427e,"['playerProfilesWindow', 'deleteButtonText']","button to delete a player profile
Context Image: http://files.froemling.net/translateGuideImages/profiles.png","Delete
Profile","Poista
Profiili"
1001,d41d8cd98f00b204e9800998ecf8427e,"['playerProfilesWindow', 'deleteConfirmText']",,Delete '${PROFILE}'?,Poistetaanko ${PROFILE}?
1002,d41d8cd98f00b204e9800998ecf8427e,"['playerProfilesWindow', 'editButtonText']","button to edit a player profile
Context Image: http://files.froemling.net/translateGuideImages/profiles.png","Edit
Profile","Muokkaa
Profiili"
1003,d41d8cd98f00b204e9800998ecf8427e,"['playerProfilesWindow', 'explanationText']","explanation at the top of the player-profiles window
Context Image: http://files.froemling.net/translateGuideImages/profiles.png",(custom player names and appearances for this account),(tämän tilin mukautetut pelaajien nimet ja esiintymiset)
1004,d41d8cd98f00b204e9800998ecf8427e,"['playerProfilesWindow', 'newButtonText']","button to create a new player profile
Context Image: http://files.froemling.net/translateGuideImages/profiles.png","New
Profile","Uusi
Profiili"
1005,d41d8cd98f00b204e9800998ecf8427e,"['playerProfilesWindow', 'titleText']","title for the player profiles window
Context Image: http://files.froemling.net/translateGuideImages/profiles.png",Player Profiles,Pelaajaprofiilit
1006,d41d8cd98f00b204e9800998ecf8427e,['playerText'],,Player,Pelaaja
1007,d41d8cd98f00b204e9800998ecf8427e,['playlistNotFoundText'],,playlist not found,soittolistaa ei löydy
1008,d41d8cd98f00b204e9800998ecf8427e,['playlistNoValidGamesErrorText'],This error message is printed if you try to play a teams or free-for-all playlist that contains only games that have not been unlocked or games that are missing.,This playlist contains no valid unlocked games.,Tämä soittolista ei sisällä kelvollisia lukitsemattomia pelejä.
1009,d41d8cd98f00b204e9800998ecf8427e,['playlistsText'],"label for the Playlists section of the Teams/Free-For-All windows
Context Image: http://files.froemling.net/translateGuideImages/freeForAllSelect.png",Playlists,Soittolistat
1010,d41d8cd98f00b204e9800998ecf8427e,['playlistText'],"label for controls for selecting a game playlist
Context Image: http://files.froemling.net/translateGuideImages/privateHost1.png",Playlist,Soittolista
1011,d41d8cd98f00b204e9800998ecf8427e,"['playModes', 'coopText']",cooperative mode: 1-4 players fighting against the computer,Co-op,Co-op
1012,d41d8cd98f00b204e9800998ecf8427e,"['playModes', 'freeForAllText']",every-man-for-himself play,Free-for-All,Kaikille ilmainen
1013,d41d8cd98f00b204e9800998ecf8427e,"['playModes', 'multiTeamText']","multi-team mode: several small teams facing off, such as 4 teams with 2 players each",Multi-Team,Multi-Team
1014,d41d8cd98f00b204e9800998ecf8427e,"['playModes', 'singlePlayerCoopText']","an alternate label for cooperative mode that emphasizes the fact that it can be played single-player (if there is no good translation for single player, feel free to leave this the same as Co-op)",Single Player / Co-op,Yksinpeli / Yhteistyö
1015,d41d8cd98f00b204e9800998ecf8427e,"['playModes', 'teamsText']",standard 2-teams mode: exactly 2 teams with any number of players on each.,Teams,Joukkueet
1016,d41d8cd98f00b204e9800998ecf8427e,['playText'],,Play,Pelata
1017,d41d8cd98f00b204e9800998ecf8427e,"['playWindow', 'oneToFourPlayersText']",,1-4 players,1-4 pelaajaa
1018,d41d8cd98f00b204e9800998ecf8427e,"['playWindow', 'titleText']",,Play,Pelata
1019,d41d8cd98f00b204e9800998ecf8427e,"['playWindow', 'twoToEightPlayersText']",,2-8 players,2-8 pelaajaa
1020,d41d8cd98f00b204e9800998ecf8427e,['pleaseRateText'],,"If you're enjoying ${APP_NAME}, please consider taking a
moment and rating it or writing a review.  This provides
useful feedback and helps support future development.

thanks!
-eric","Jos pidät ${APP_NAME}:sta, harkitse a
hetken ja arvioi sen tai kirjoitat arvostelun.  Tämä tarjoaa
hyödyllistä palautetta ja tukea tulevaa kehitystä.

Kiitos!
-erik"
1021,d41d8cd98f00b204e9800998ecf8427e,['pleaseWaitText'],message shown whenever the user is being asked to wait for some activity to complete.,Please wait...,Odota...
1022,d41d8cd98f00b204e9800998ecf8427e,['pluginClassLoadErrorText'],,Error loading plugin class '${PLUGIN}': ${ERROR},Virhe ladattaessa laajennusluokkaa ${PLUGIN}: ${ERROR}
1023,d41d8cd98f00b204e9800998ecf8427e,['pluginInitErrorText'],,Error initing plugin '${PLUGIN}': ${ERROR},Virhe käynnistettäessä laajennusta ${PLUGIN}: ${ERROR}
1024,d41d8cd98f00b204e9800998ecf8427e,['pluginsAutoEnableNewText'],,Auto Enable New Plugins,Ota uudet laajennukset käyttöön automaattisesti
1025,d41d8cd98f00b204e9800998ecf8427e,['pluginsDetectedText'],,"New plugin(s) detected. Restart to activate them, or configure them in settings.",Uusi(t) laajennus(t) havaittu. Aktivoi ne käynnistämällä uudelleen tai määritä ne asetuksissa.
1026,d41d8cd98f00b204e9800998ecf8427e,['pluginsDisableAllText'],,Disable All Plugins,Poista kaikki laajennukset käytöstä
1027,d41d8cd98f00b204e9800998ecf8427e,['pluginsEnableAllText'],,Enable All Plugins,Ota kaikki laajennukset käyttöön
1028,d41d8cd98f00b204e9800998ecf8427e,['pluginSettingsText'],,Plugin Settings,Plugin-asetukset
1029,d41d8cd98f00b204e9800998ecf8427e,['pluginsRemovedText'],,${NUM} plugin(s) no longer found.,${NUM} laajennusta ei enää löydy.
1030,d41d8cd98f00b204e9800998ecf8427e,['pluginsText'],,Plugins,Plugins
1031,d41d8cd98f00b204e9800998ecf8427e,['practiceText'],,Practice,Harjoitella
1032,d41d8cd98f00b204e9800998ecf8427e,['pressAnyButtonPlayAgainText'],,Press any button to play again...,Paina mitä tahansa painiketta pelataksesi uudelleen...
1033,d41d8cd98f00b204e9800998ecf8427e,['pressAnyButtonText'],,Press any button to continue...,Jatka painamalla mitä tahansa painiketta...
1034,d41d8cd98f00b204e9800998ecf8427e,['pressAnyButtonToJoinText'],,press any button to join...,paina mitä tahansa painiketta liittyäksesi...
1035,d41d8cd98f00b204e9800998ecf8427e,['pressAnyKeyButtonPlayAgainText'],,Press any key/button to play again...,Paina mitä tahansa näppäintä/painiketta pelataksesi uudelleen...
1036,d41d8cd98f00b204e9800998ecf8427e,['pressAnyKeyButtonText'],,Press any key/button to continue...,Jatka painamalla mitä tahansa näppäintä/painiketta...
1037,d41d8cd98f00b204e9800998ecf8427e,['pressAnyKeyText'],,Press any key...,Paina mitä tahansa näppäintä...
1038,d41d8cd98f00b204e9800998ecf8427e,['pressJumpToFlyText'],,** Press jump repeatedly to fly **,** Paina hyppy toistuvasti lentääksesi **
1039,d41d8cd98f00b204e9800998ecf8427e,['pressPunchToJoinText'],,press PUNCH to join...,paina PUNCH liittyäksesi...
1040,d41d8cd98f00b204e9800998ecf8427e,['pressToOverrideCharacterText'],,press ${BUTTONS} to override your character,paina ${BUTTONS} ohittaaksesi hahmosi
1041,d41d8cd98f00b204e9800998ecf8427e,['pressToSelectProfileText'],Shows when joining a game; instructs the player to press up or down to switch between their player profiles,press ${BUTTONS} to select a player,paina ${BUTTONS} valitaksesi soitin
1042,d41d8cd98f00b204e9800998ecf8427e,['pressToSelectTeamText'],,press ${BUTTONS} to select a team,paina ${BUTTONS} valitaksesi joukkueen
1043,d41d8cd98f00b204e9800998ecf8427e,"['promoCodeWindow', 'codeText']",,Code,Koodi
1044,d41d8cd98f00b204e9800998ecf8427e,"['promoCodeWindow', 'enterText']",,Enter,Enter
1045,d41d8cd98f00b204e9800998ecf8427e,['promoSubmitErrorText'],,Error submitting code; check your internet connection,Virhe koodin lähettämisessä; tarkista Internet-yhteytesi
1046,d41d8cd98f00b204e9800998ecf8427e,"['ps3ControllersWindow', 'macInstructionsText']",,"Switch off the power on the back of your PS3, make sure
Bluetooth is enabled on your Mac, then connect your controller
to your Mac via a USB cable to pair the two. From then on, you
can use the controller's home button to connect it to your Mac
in either wired (USB) or wireless (Bluetooth) mode.

On some Macs you may be prompted for a passcode when pairing.
If this happens, see the following tutorial or google for help.




PS3 controllers connected wirelessly should show up in the device
list in System Preferences->Bluetooth. You may need to remove them
from that list when you want to use them with your PS3 again.

Also make sure to disconnect them from Bluetooth when not in
use or their batteries will continue to drain.

Bluetooth should handle up to 7 connected devices,
though your mileage may vary.","Katkaise virta PS3:n takaosasta, varmista
Bluetooth on käytössä Macissasi ja yhdistä sitten ohjain
Mac-tietokoneellesi USB-kaapelilla muodostaaksesi pariliitoksen. Siitä lähtien sinä
voi käyttää ohjaimen kotipainiketta liittääksesi sen Maciin
joko langallisessa (USB) tai langattomassa (Bluetooth) tilassa.

Joissakin Maceissa sinua voidaan pyytää antamaan salasana pariliitoksen muodostamisen yhteydessä.
Jos näin tapahtuu, katso seuraava opetusohjelma tai google saadaksesi apua.




Langattomasti yhdistettyjen PS3-ohjainten pitäisi näkyä laitteessa
luettelo kohdassa Järjestelmäasetukset->Bluetooth. Saatat joutua poistamaan ne
luettelosta, kun haluat käyttää niitä uudelleen PS3:n kanssa.

Muista myös irrottaa ne Bluetoothista, kun ne eivät ole päällä
käyttää tai niiden akut tyhjenevät edelleen.

Bluetoothin pitäisi käsitellä jopa 7 yhdistettyä laitetta,
vaikka kilometrimääräsi voi vaihdella."
1047,d41d8cd98f00b204e9800998ecf8427e,"['ps3ControllersWindow', 'ouyaInstructionsText']",,"To use a PS3 controller with your OUYA, simply connect it with a USB cable
once to pair it.  Doing this may disconnect your other controllers, so
you should then restart your OUYA and unplug the USB cable.

From then on you should be able to use the controller's HOME button to
connect it wirelessly. When you are done playing, hold the HOME button
for 10 seconds to turn the controller off; otherwise it may remain on
and waste batteries.","Jos haluat käyttää PS3-ohjainta OUYA:n kanssa, liitä se USB-kaapelilla
kerran muodostaaksesi parin.  Tämä saattaa katkaista muut ohjaimet, joten
käynnistä OUYA uudelleen ja irrota USB-kaapeli.

Siitä lähtien sinun pitäisi pystyä käyttämään ohjaimen HOME-painiketta
yhdistä se langattomasti. Kun olet lopettanut pelaamisen, pidä HOME-painiketta painettuna
10 sekunnin ajan ohjaimen sammuttamiseksi; muuten se voi jäädä päälle
ja käytetyt paristot."
1048,d41d8cd98f00b204e9800998ecf8427e,"['ps3ControllersWindow', 'pairingTutorialText']",,pairing tutorial video,pariliitoksen opetusvideo
1049,d41d8cd98f00b204e9800998ecf8427e,"['ps3ControllersWindow', 'titleText']",,Using PS3 Controllers with ${APP_NAME}:,PS3-ohjainten käyttäminen ${APP_NAME}:n kanssa:
1050,d41d8cd98f00b204e9800998ecf8427e,['punchBoldText'],,PUNCH,BOOLI
1051,d41d8cd98f00b204e9800998ecf8427e,['punchText'],,Punch,Booli
1052,d41d8cd98f00b204e9800998ecf8427e,['purchaseForText'],,Purchase for ${PRICE},Osta hintaan ${PRICE}
1053,d41d8cd98f00b204e9800998ecf8427e,['purchaseGameText'],,Purchase Game,Osta peli
1054,d41d8cd98f00b204e9800998ecf8427e,['purchaseNeverAvailableText'],Error message shown when trying to make purchases on platforms that don't support purchases at all.,"Sorry, purchases are not available on this build.
Try signing into your account on another platform and making purchases from there.","Valitettavasti tämän koontiversion ostot eivät ole mahdollisia.
Kokeile kirjautua tilillesi toisella alustalla ja tehdä ostoksia sieltä."
1055,d41d8cd98f00b204e9800998ecf8427e,['purchaseNotAvailableText'],"Error message shown when trying to make purchases that are temporarily not available (possibly due to no internet, store downtime, etc).",This purchase is not available.,Tämä ostos ei ole saatavilla.
1056,d41d8cd98f00b204e9800998ecf8427e,['purchasingText'],shown while waiting for a purchase to go through,Purchasing...,Ostaminen...
1057,d41d8cd98f00b204e9800998ecf8427e,['quitGameText'],,Quit ${APP_NAME}?,Lopetetaanko ${APP_NAME}?
1058,d41d8cd98f00b204e9800998ecf8427e,['quittingIn5SecondsText'],,Quitting in 5 seconds...,Lopetetaan 5 sekunnissa...
1059,d41d8cd98f00b204e9800998ecf8427e,['randomPlayerNamesText'],"Optionally specify a set of random player names to use for this language, separated by commas.  If DEFAULT_NAMES is included in the list, the game's default names will remain as well.  So to add a few names you would do something like ""DEFAULT_NAMES, Bill, Joe"" ..or to completely replace them it would be ""Bill, Joe, Fred, Zack"".  (Try to provide at least 10 names in that case; 25 or more preferably).  Most languages can simply just use ""DEFAULT_NAMES"" here.",DEFAULT_NAMES,DEFAULT_NAMES
1060,d41d8cd98f00b204e9800998ecf8427e,['randomText'],,Random,Satunnainen
1061,d41d8cd98f00b204e9800998ecf8427e,['rankText'],"used in tournaments, high score lists, etc (Rank of #1, #2, #3, etc)",Rank,Sijoitus
1062,d41d8cd98f00b204e9800998ecf8427e,['ratingText'],,Rating,Luokitus
1063,d41d8cd98f00b204e9800998ecf8427e,['reachWave2Text'],shown when you die on wave 1 and your score doesn't get ranked,Reach wave 2 to rank.,Saavuta aalto 2 saadaksesi paremmuusjärjestyksen.
1064,d41d8cd98f00b204e9800998ecf8427e,['readyText'],shown when a player is ready to start the game,ready,valmis
1065,d41d8cd98f00b204e9800998ecf8427e,['recentText'],"Name of an option to show high-scores or otherwise which occurred recently.  Generally the options are ""Recent"" and ""All Time"".",Recent,Viimeaikaiset
1066,d41d8cd98f00b204e9800998ecf8427e,"['remote_app', 'app_name']",The full name of the BombSquad Remote app.  (an app allowing mobile devices to be used as controllers),BombSquad Remote,BombSquad kaukosäädin
1067,d41d8cd98f00b204e9800998ecf8427e,"['remote_app', 'app_name_short']",The short name for the BombSquad Remote app.  (an app allowing mobile devices to be used as controllers).  This will show up on the app icon and other places where space is limited,BSRemote,BSRemote
1068,d41d8cd98f00b204e9800998ecf8427e,"['remote_app', 'button_position']",Label for controls adjusting button positions in the BombSquad Remote app,Button Position,Painikkeen asento
1069,d41d8cd98f00b204e9800998ecf8427e,"['remote_app', 'button_size']",Label for controls adjusting button sizes in the BombSquad Remote app,Button Size,Painikkeen koko
1070,d41d8cd98f00b204e9800998ecf8427e,"['remote_app', 'cant_resolve_host']","Error message in the BombSquad Remote app when a hostname is given in the ""Connect by address"" box but the host can't be found.",Can't resolve host.,Isäntää ei voi ratkaista.
1071,d41d8cd98f00b204e9800998ecf8427e,"['remote_app', 'capturing']",Title of a dialog in the BombSquad Remote app shown while waiting for the user to press a button to be assigned a a control,Capturing…,Tallennetaan…
1072,d41d8cd98f00b204e9800998ecf8427e,"['remote_app', 'connected']",Printed in the BombSquad Remote app when successfully connected to a game,Connected.,Yhdistetty.
1073,d41d8cd98f00b204e9800998ecf8427e,"['remote_app', 'description']","Simple description for the BombSquad remote app (for app-stores, etc)","Use your phone or tablet as a controller with BombSquad.
Up to 8 devices can connect at once for epic local multiplayer madness on a single TV or tablet.","Käytä puhelinta tai tablettia ohjaimena BombSquadin kanssa.
Jopa 8 laitetta voidaan yhdistää kerralla eeppiseen paikalliseen moninpelihulluuteen yhdellä televisiolla tai tabletilla."
1074,d41d8cd98f00b204e9800998ecf8427e,"['remote_app', 'disconnected']",Printed in the BombSquad Remote app when ejected from a game by the server,Disconnected by server.,Palvelin katkaisi yhteyden.
1075,d41d8cd98f00b204e9800998ecf8427e,"['remote_app', 'dpad_fixed']","The ""fixed"" option for directional-pads in the BombSquad Remote app - this means the dpad doesn't move around (as opposed to the ""floating"" option)",fixed,korjattu
1076,d41d8cd98f00b204e9800998ecf8427e,"['remote_app', 'dpad_floating']","The ""floating"" option for directional-pads in the BombSquad Remote app - this means the dpad follows your thumb around (as opposed to the ""fixed"" option where it does not)",floating,kelluva
1077,d41d8cd98f00b204e9800998ecf8427e,"['remote_app', 'dpad_position']",Label for controls adjusting the directional-pad position in the BombSquad Remote app,D-Pad Position,D-tyynyn asento
1078,d41d8cd98f00b204e9800998ecf8427e,"['remote_app', 'dpad_size']",Label for controls adjusting the directional-pad size in the BombSquad Remote app,D-Pad Size,D-Padin koko
1079,d41d8cd98f00b204e9800998ecf8427e,"['remote_app', 'dpad_type']","Label for controls adjusting the directional-pad type in the BombSquad Remote app - directional-pad type can be either ""floating"" or ""fixed""",D-Pad Type,D-Pad-tyyppi
1080,d41d8cd98f00b204e9800998ecf8427e,"['remote_app', 'enter_an_address']",Title for a dialog in the BombSquad Remote app used to connect to a game by address,Enter an Address,Anna osoite
1081,d41d8cd98f00b204e9800998ecf8427e,"['remote_app', 'game_full']",Error message printed by the BombSquad Remote app when attempting to connect to a full or closed game,The game is full or not accepting connections.,Peli on täynnä tai ei hyväksy yhteyksiä.
1082,d41d8cd98f00b204e9800998ecf8427e,"['remote_app', 'game_shut_down']",Message printed by the BombSquad Remote app when the game that it was connected to shuts down,The game has shut down.,Peli on pysähtynyt.
1083,d41d8cd98f00b204e9800998ecf8427e,"['remote_app', 'hardware_buttons']",Title for a dialog allowing editing of hardware controls in the BombSquad Remote app,Hardware Buttons,Laitteiston painikkeet
1084,d41d8cd98f00b204e9800998ecf8427e,"['remote_app', 'join_by_address']",Label for a button in the BombSquad Remote app allowing connecting to a game by address,Join by Address…,Liity osoitteen mukaan…
1085,d41d8cd98f00b204e9800998ecf8427e,"['remote_app', 'lag']",Text shown on the lag-meter in the BombSquad Remote app,Lag: ${SECONDS} seconds,Viive: ${SECONDS} sekuntia
1086,d41d8cd98f00b204e9800998ecf8427e,"['remote_app', 'reset']",Label for a button which resets some option to default values,Reset to default,Palauta oletusarvo
1087,d41d8cd98f00b204e9800998ecf8427e,"['remote_app', 'run1']","Label for a button which maps to ""run"" in the BombSquad Remote app",Run 1,Suorita 1
1088,d41d8cd98f00b204e9800998ecf8427e,"['remote_app', 'run2']","Label for a second button which maps to ""run"" in the BombSquad Remote app",Run 2,Suorita 2
1089,d41d8cd98f00b204e9800998ecf8427e,"['remote_app', 'searching']",Text shown in the BombSquad Remote app while it is scanning the network for games,Searching for BombSquad games…,Etsitään BombSquad-pelejä…
1090,d41d8cd98f00b204e9800998ecf8427e,"['remote_app', 'searching_caption']",Description shown in the BombSquad Remote app while it is scanning the network for games,"Tap on the name of a game to join it.
Make sure you are on the same wifi network as the game.","Napauta pelin nimeä liittyäksesi siihen.
Varmista, että olet samassa wifi-verkossa kuin peli."
1091,d41d8cd98f00b204e9800998ecf8427e,"['remote_app', 'start']","Label for a button which maps to ""start"" in the BombSquad Remote app",Start,Aloita
1092,d41d8cd98f00b204e9800998ecf8427e,"['remote_app', 'version_mismatch']",An error message printed in the BombSquad remote app when trying to connect to an incorrect version of the game,"Version mismatch.
Make sure BombSquad and BombSquad Remote
are the latest versions and try again.","Versio ei täsmää.
Varmista, että BombSquad ja BombSquad Remote
ovat uusimmat versiot ja yritä uudelleen."
1093,d41d8cd98f00b204e9800998ecf8427e,['remoteAppInfoShortText'],,"${APP_NAME} is most fun when played with family & friends.
Connect one or more hardware controllers or install the
${REMOTE_APP_NAME} app on phones or tablets to use them
as controllers.","${APP_NAME} on hauskinta, kun sitä pelataan perheen ja ystävien kanssa.
Liitä yksi tai useampi laitteistoohjain tai asenna
${REMOTE_APP_NAME}-sovellus puhelimissa tai tableteissa käyttääksesi niitä
ohjaajiksi."
1094,d41d8cd98f00b204e9800998ecf8427e,['removeInGameAdsText'],a message shown after an in-game ad is shown telling how to get rid of them (by upgrading to BombSquad Pro),"Unlock ""${PRO}"" in the store to remove in-game ads.","Avaa ""${PRO}"" kaupassa poistaaksesi pelin sisäiset mainokset."
1095,d41d8cd98f00b204e9800998ecf8427e,['removeInGameAdsTokenPurchaseText'],,LIMITED TIME OFFER: Purchase ANY token pack to remove in-game ads.,RAJOITETTU TARJOUS: Osta MITÄ tahansa merkkipaketti poistaaksesi pelin sisäiset mainokset.
1096,d41d8cd98f00b204e9800998ecf8427e,['renameText'],Name of a button to rename a replay file or some other item,Rename,Nimeä uudelleen
1097,d41d8cd98f00b204e9800998ecf8427e,['replayEndText'],"shown in the main menu while viewing a replay as the option to end it
Context Image: http://files.froemling.net/translateGuideImages/replayEnd.png",End Replay,Lopeta toisto
1098,d41d8cd98f00b204e9800998ecf8427e,['replayNameDefaultText'],Name for the default replay that is automatically saved each game,Last Game Replay,Viimeisen pelin uusinta
1099,d41d8cd98f00b204e9800998ecf8427e,['replayReadErrorText'],Shown whenever there is any error while reading a replay file.,Error reading replay file.,Virhe toistotiedoston lukemisessa.
1100,d41d8cd98f00b204e9800998ecf8427e,['replayRenameWarningText'],"shown in the replays window so the user knows to rename the ""Last Replay"" file
Context Image: http://files.froemling.net/translateGuideImages/watch.png","Rename ""${REPLAY}"" after a game if you want to keep it; otherwise it will be overwritten.","Nimeä ""${REPLAY}"" uudelleen pelin jälkeen, jos haluat säilyttää sen; muuten se kirjoitetaan päälle."
1101,d41d8cd98f00b204e9800998ecf8427e,['replaysText'],Title of a button or window for watching replays of previously played games,Replays,Toistoja
1102,d41d8cd98f00b204e9800998ecf8427e,['replayVersionErrorText'],Shown when trying to view a replay that was made with an older version of the game or whatnot,"Sorry, this replay was made in a different
version of the game and can't be used.","Anteeksi, tämä toisto tehtiin eri
pelin versio, eikä sitä voi käyttää."
1103,d41d8cd98f00b204e9800998ecf8427e,['replayWatchText'],label for a button to play back a selected replay,Watch Replay,Katso Replay
1104,d41d8cd98f00b204e9800998ecf8427e,['replayWriteErrorText'],Shown whenever there is any error while writing a replay file.,Error writing replay file.,Virhe kirjoitettaessa toistotiedostoa.
1105,d41d8cd98f00b204e9800998ecf8427e,['reportPlayerExplanationText'],"Instructions included at the start of ""report-this-player"" emails","Use this email to report cheating, inappropriate language, or other bad behavior.
Please describe below:","Käytä tätä sähköpostiviestiä ilmoittaaksesi huijaamisesta, sopimattomasta kielenkäytöstä tai muusta huonosta käytöksestä.
Kuvaile alla:"
1106,d41d8cd98f00b204e9800998ecf8427e,['reportThisPlayerCheatingText'],"One of the ""reason"" options after pressing the ""Report This Player"" button.
Context Image: http://files.froemling.net/translateGuideImages/reportThisPlayer.png",Cheating,Huijaaminen
1107,d41d8cd98f00b204e9800998ecf8427e,['reportThisPlayerLanguageText'],"One of the ""reason"" options after pressing the ""Report This Player"" button.
Context Image: http://files.froemling.net/translateGuideImages/reportThisPlayer.png",Inappropriate Language,Sopimaton kieli
1108,d41d8cd98f00b204e9800998ecf8427e,['reportThisPlayerReasonText'],"Label asking what the reason is for pressing the ""Report This Player"" button.
Context Image: http://files.froemling.net/translateGuideImages/reportThisPlayer.png",What would you like to report?,Mitä haluaisit raportoida?
1109,d41d8cd98f00b204e9800998ecf8427e,['reportThisPlayerText'],"Label for a button used to report abusive/cheating players
Context Image: http://files.froemling.net/translateGuideImages/playerInfo.png",Report This Player,Ilmoita tästä pelaajasta
1110,d41d8cd98f00b204e9800998ecf8427e,['requestingText'],"When purchasing an item that costs 0 tickets, this is printed instead of ""Purchasing...""",Requesting...,Pyydetään...
1111,d41d8cd98f00b204e9800998ecf8427e,['restartText'],,Restart,Käynnistä uudelleen
1112,d41d8cd98f00b204e9800998ecf8427e,['retryText'],"Label for a ""Retry"" button which can be used to try a failed operation again.",Retry,Yritä uudelleen
1113,d41d8cd98f00b204e9800998ecf8427e,['revertText'],Used on buttons when there is the option to cancel changes and revert to previous settings.,Revert,Palauta
1114,d41d8cd98f00b204e9800998ecf8427e,['runText'],"label for the 'run' action (as in 'moving faster than a walk','sprinting', etc)",Run,Juokse
1115,d41d8cd98f00b204e9800998ecf8427e,['saveText'],,Save,Tallentaa
1116,d41d8cd98f00b204e9800998ecf8427e,['scanScriptsErrorText'],message printed if the game finds errors in mod scripts while scanning them.,Error(s) scanning scripts. See log for details.,Virhe(t) skriptien skannauksessa. Katso lisätietoja lokista.
1117,d41d8cd98f00b204e9800998ecf8427e,['scanScriptsMultipleModulesNeedUpdatesText'],,${PATH} and ${NUM} other module(s) need to be updated for api ${API}.,${PATH} ja ${NUM} muuta moduulia on päivitettävä sovellusliittymälle ${API}.
1118,d41d8cd98f00b204e9800998ecf8427e,['scanScriptsSingleModuleNeedsUpdatesText'],,${PATH} needs to be updated for api ${API}.,${PATH} on päivitettävä sovellusliittymälle ${API}.
1119,d41d8cd98f00b204e9800998ecf8427e,['scoreChallengesText'],,Score Challenges,Pisteet haasteet
1120,d41d8cd98f00b204e9800998ecf8427e,['scoreListUnavailableText'],,Score list unavailable.,Tulosluettelo ei ole saatavilla.
1121,d41d8cd98f00b204e9800998ecf8427e,['scoreText'],,Score,Pisteet
1122,d41d8cd98f00b204e9800998ecf8427e,"['scoreUnits', 'millisecondsText']",the score unit referring to time in 1/1000ths of a second,Milliseconds,Millisekuntia
1123,d41d8cd98f00b204e9800998ecf8427e,"['scoreUnits', 'pointsText']",the standard score unit,Points,Pisteet
1124,d41d8cd98f00b204e9800998ecf8427e,"['scoreUnits', 'secondsText']",the score unit referring to time in seconds,Seconds,Sekuntia
1125,d41d8cd98f00b204e9800998ecf8427e,['scoreWasText'],showing what your old best score was in a score screen,(was ${COUNT}),(oli ${COUNT})
1126,d41d8cd98f00b204e9800998ecf8427e,['selectText'],,Select,Valitse
1127,d41d8cd98f00b204e9800998ecf8427e,['sendInfoDescriptionText'],,"Sends account and app state info to the developer.
Please include your name or reason for sending.","Lähettää tilin ja sovelluksen tilatiedot kehittäjälle.
Liitä mukaan nimesi tai lähetyksen syy."
1128,d41d8cd98f00b204e9800998ecf8427e,['seriesWinLine1PlayerText'],"middle line of the ""PLAYER/WINS THE/SERIES!"" announcement at the end of a free-for-all game",WINS THE,VOITTAA
1129,d41d8cd98f00b204e9800998ecf8427e,['seriesWinLine1TeamText'],"middle line of the ""TEAM/WINS THE/SERIES!"" announcement at the end of a team game",WINS THE,VOITTAA
1130,d41d8cd98f00b204e9800998ecf8427e,['seriesWinLine1Text'],deprecated - fill out seriesWinLine1PlayerText and seriesWinLine1TeamText instead,WINS THE,VOITTAA
1131,d41d8cd98f00b204e9800998ecf8427e,['seriesWinLine2Text'],"line 3 of the ""FOOBAR/WINS THE/SERIES!"" announcement at the end of a game",SERIES!,SARJA!
1132,d41d8cd98f00b204e9800998ecf8427e,"['settingsWindow', 'accountText']",,Account,Tili
1133,d41d8cd98f00b204e9800998ecf8427e,"['settingsWindow', 'advancedText']",,Advanced,Edistynyt
1134,d41d8cd98f00b204e9800998ecf8427e,"['settingsWindow', 'audioText']",,Audio,Audio
1135,d41d8cd98f00b204e9800998ecf8427e,"['settingsWindow', 'controllersText']",,Controllers,Ohjaimet
1136,d41d8cd98f00b204e9800998ecf8427e,"['settingsWindow', 'graphicsText']",,Graphics,Grafiikka
1137,d41d8cd98f00b204e9800998ecf8427e,"['settingsWindow', 'playerProfilesMovedText']","""Player Profiles"" used to be under Settings; this tells players that it moved.",Note: Player Profiles have moved to the Account window in the main menu.,Huomautus: Pelaajaprofiilit ovat siirtyneet päävalikon Tili-ikkunaan.
1138,d41d8cd98f00b204e9800998ecf8427e,"['settingsWindow', 'titleText']",,Settings,Asetukset
1139,d41d8cd98f00b204e9800998ecf8427e,"['settingsWindowAdvanced', 'alwaysUseInternalKeyboardDescriptionText']","description for the option to always use BombSquad's internal on-screen keyboard
Context Image: http://files.froemling.net/translateGuideImages/advanced1.png","(a simple, controller-friendly on-screen keyboard for text editing)","(yksinkertainen, ohjainystävällinen näyttönäppäimistö tekstin muokkaamiseen)"
1140,d41d8cd98f00b204e9800998ecf8427e,"['settingsWindowAdvanced', 'alwaysUseInternalKeyboardText']","label for the option to always use BombSquad's internal on-screen keyboard
Context Image: http://files.froemling.net/translateGuideImages/advanced1.png",Always use internal keyboard,Käytä aina sisäistä näppäimistöä
1141,d41d8cd98f00b204e9800998ecf8427e,"['settingsWindowAdvanced', 'benchmarksText']","label for the button to go to the game's benchmarks/stress-tests window
Context Image: http://files.froemling.net/translateGuideImages/advanced3.png",Benchmarks & Stress-Tests,Vertailuarvot ja stressitestit
1142,d41d8cd98f00b204e9800998ecf8427e,"['settingsWindowAdvanced', 'devToolsText']",,Dev Tools,Kehittäjätyökalut
1143,d41d8cd98f00b204e9800998ecf8427e,"['settingsWindowAdvanced', 'disableCameraGyroscopeMotionText']",,Disable camera gyroscope motion,Poista kameran gyroskoopin liike käytöstä
1144,d41d8cd98f00b204e9800998ecf8427e,"['settingsWindowAdvanced', 'disableCameraShakeText']",,Disable camera shake,Poista kameran tärinä käytöstä
1145,d41d8cd98f00b204e9800998ecf8427e,"['settingsWindowAdvanced', 'disableThisNotice']","if the user has opted to be notified when their language needs updates, this message is included with the notification to remind them how they can turn notifications off.",(you can disable this notice in advanced settings),(voit poistaa tämän ilmoituksen käytöstä lisäasetuksissa)
1146,d41d8cd98f00b204e9800998ecf8427e,"['settingsWindowAdvanced', 'enterPromoCodeText']",,Enter Code,Syötä koodi
1147,d41d8cd98f00b204e9800998ecf8427e,"['settingsWindowAdvanced', 'forTestingText']","shown in windows such as network-testing or VR-testing which are just used for debugging and development
Context Image: http://files.froemling.net/translateGuideImages/netTesting.png",Note: these values are only for testing and will be lost when the app exits.,"Huomaa: nämä arvot ovat vain testausta varten ja menetetään, kun sovellus suljetaan."
1148,d41d8cd98f00b204e9800998ecf8427e,"['settingsWindowAdvanced', 'helpTranslateText']","shown in the translation section of the advanced settings window
Context Image: http://files.froemling.net/translateGuideImages/advanced1.png","${APP_NAME}'s non-English translations are a community
supported effort.  If you'd like to contribute or correct
a translation, follow the link below. Thanks in advance!","${APP_NAME}:n muut kuin englanninkieliset käännökset ovat yhteisö
tuettu yritys.  Jos haluat osallistua tai korjata
käännös, seuraa alla olevaa linkkiä. Kiitos jo etukäteen!"
1149,d41d8cd98f00b204e9800998ecf8427e,"['settingsWindowAdvanced', 'insecureConnectionsDescriptionText']",,"not recommended, but may allow online play
from restricted countries or networks","ei suositella, mutta voi sallia online-pelin
rajoitetuista maista tai verkoista"
1150,d41d8cd98f00b204e9800998ecf8427e,"['settingsWindowAdvanced', 'insecureConnectionsText']",,Use insecure connections,Käytä epävarmoja liitäntöjä
1151,d41d8cd98f00b204e9800998ecf8427e,"['settingsWindowAdvanced', 'kickIdlePlayersText']",,Kick idle players,Potkaise joutilaita pelaajia
1152,d41d8cd98f00b204e9800998ecf8427e,"['settingsWindowAdvanced', 'kidFriendlyModeText']",,"Kid-Friendly Mode (reduced violence, etc)",Lapsiystävällinen tila (vähemmän väkivaltaa jne.)
1153,d41d8cd98f00b204e9800998ecf8427e,"['settingsWindowAdvanced', 'languageText']",,Language,Kieli
1154,d41d8cd98f00b204e9800998ecf8427e,"['settingsWindowAdvanced', 'moddingGuideText']",,Modding Guide,Modausopas
1155,d41d8cd98f00b204e9800998ecf8427e,"['settingsWindowAdvanced', 'moddingToolsText']",,Modding Tools,Muokkaustyökalut
1156,d41d8cd98f00b204e9800998ecf8427e,"['settingsWindowAdvanced', 'mustRestartText']",printed on-screen when changing any setting that requires a restart to take effect,You must restart the game for this to take effect.,"Sinun on käynnistettävä peli uudelleen, jotta tämä tulee voimaan."
1157,d41d8cd98f00b204e9800998ecf8427e,"['settingsWindowAdvanced', 'netTestingText']","label for the net-testing window, which is used for debugging net-play
Context Image: http://files.froemling.net/translateGuideImages/advanced3.png",Network Testing,Verkkotestaus
1158,d41d8cd98f00b204e9800998ecf8427e,"['settingsWindowAdvanced', 'resetText']","label for a button to reset test settings, etc
Context Image: http://files.froemling.net/translateGuideImages/netTesting.png",Reset,Nollaa
1159,d41d8cd98f00b204e9800998ecf8427e,"['settingsWindowAdvanced', 'sendInfoText']",,Send Info,Lähetä Info
1160,d41d8cd98f00b204e9800998ecf8427e,"['settingsWindowAdvanced', 'showBombTrajectoriesText']",Name of an option for showing a guide for where a thrown bomb will go,Show Bomb Trajectories,Näytä pommin lentoradat
1161,d41d8cd98f00b204e9800998ecf8427e,"['settingsWindowAdvanced', 'showDemosWhenIdleText']",,Show demos when idle,Näytä demot tyhjäkäynnillä
1162,d41d8cd98f00b204e9800998ecf8427e,"['settingsWindowAdvanced', 'showDeprecatedLoginTypesText']",,Show deprecated login types,Näytä käytöstä poistetut kirjautumistyypit
1163,d41d8cd98f00b204e9800998ecf8427e,"['settingsWindowAdvanced', 'showDevConsoleButtonText']",,Show dev console button,Näytä kehittäjäkonsolin painike
1164,d41d8cd98f00b204e9800998ecf8427e,"['settingsWindowAdvanced', 'showInGamePingText']",,Show in-game ping,Näytä pelin sisäinen ping
1165,d41d8cd98f00b204e9800998ecf8427e,"['settingsWindowAdvanced', 'showPlayerNamesText']",,Show Player Names,Näytä pelaajien nimet
1166,d41d8cd98f00b204e9800998ecf8427e,"['settingsWindowAdvanced', 'showUserModsText']",,Show Mods Folder,Näytä Modit-kansio
1167,d41d8cd98f00b204e9800998ecf8427e,"['settingsWindowAdvanced', 'titleText']",,Advanced,Edistynyt
1168,d41d8cd98f00b204e9800998ecf8427e,"['settingsWindowAdvanced', 'translationEditorButtonText']",,${APP_NAME} Translation Editor,${APP_NAME} Käännöseditori
1169,d41d8cd98f00b204e9800998ecf8427e,"['settingsWindowAdvanced', 'translationFetchErrorText']","shown under the ""BombSquad Translation Editor"" button if there is no internet connection
Context Image: http://files.froemling.net/translateGuideImages/advanced1.png",translation status unavailable,käännöstila ei ole saatavilla
1170,d41d8cd98f00b204e9800998ecf8427e,"['settingsWindowAdvanced', 'translationFetchingStatusText']","shown under the ""BombSquad Translation Editor"" button while checking the up-to-date status of languages
Context Image: http://files.froemling.net/translateGuideImages/advanced1.png",checking translation status...,tarkistetaan käännöksen tilaa...
1171,d41d8cd98f00b204e9800998ecf8427e,"['settingsWindowAdvanced', 'translationInformMe']",option the user can enable via checkbox if they want to be informed in the game that their language needs translation updates,Inform me when my language needs updates,"Ilmoita minulle, kun kieleni tarvitsee päivityksiä"
1172,d41d8cd98f00b204e9800998ecf8427e,"['settingsWindowAdvanced', 'translationNoUpdateNeededText']",,The current language is up to date; woohoo!,Nykyinen kieli on ajan tasalla; woohoo!
1173,d41d8cd98f00b204e9800998ecf8427e,"['settingsWindowAdvanced', 'translationUpdateNeededText']",,** The current language needs updates!! **,** Nykyinen kieli kaipaa päivityksiä!! **
1174,d41d8cd98f00b204e9800998ecf8427e,"['settingsWindowAdvanced', 'vrTestingText']","an extra button that shows up in the VR version with some debugging/testing options for VR
Context Image: http://files.froemling.net/translateGuideImages/advanced3b.png",VR Testing,VR-testaus
1175,d41d8cd98f00b204e9800998ecf8427e,['shareText'],"generic label for a command to share some item (playlist, soundtrack, player-profile, etc)",Share,Jakaa
1176,d41d8cd98f00b204e9800998ecf8427e,['sharingText'],message printed while in the process of sharing something (such as a playlist),Sharing...,Jaetaan...
1177,d41d8cd98f00b204e9800998ecf8427e,['showText'],"Label for a button or menu to show something (different seasons in this case)
Context Image: http://files.froemling.net/translateGuideImages/league.png",Show,Show
1178,d41d8cd98f00b204e9800998ecf8427e,['signInForPromoCodeText'],message printed if a player tries to use a code while not signed in,You must sign in to an account for codes to take effect.,"Sinun on kirjauduttava sisään tilille, jotta koodit tulevat voimaan."
1179,d41d8cd98f00b204e9800998ecf8427e,['singleGamePlaylistNameText'],"The name for an automatically-generated playlist containing just one game type, such as ""Just Hockey"" or ""Just Capture the Flag""",Just ${GAME},Vain ${GAME}
1180,d41d8cd98f00b204e9800998ecf8427e,['singlePlayerCountText'],,1 player,1 pelaaja
1181,d41d8cd98f00b204e9800998ecf8427e,['sizeLargeText'],,Large,Suuri
1182,d41d8cd98f00b204e9800998ecf8427e,['sizeMediumText'],,Medium,Keskikokoinen
1183,d41d8cd98f00b204e9800998ecf8427e,['sizeSmallText'],,Small,Pieni
1184,d41d8cd98f00b204e9800998ecf8427e,['soloNameFilterText'],"used for Solo-mode games, so a game name like 'Elimination' becomes 'Solo Elimination'.  Solo mode is where each team only has one player alive at a time (so the others get to cheer and wait for their turn).",Solo ${NAME},Yksin ${NAME}
1185,d41d8cd98f00b204e9800998ecf8427e,"['soundtrackTypeNames', 'CharSelect']",,Character Selection,Hahmon valinta
1186,d41d8cd98f00b204e9800998ecf8427e,"['soundtrackTypeNames', 'Chosen One']",,Chosen One,Valittu Yksi
1187,d41d8cd98f00b204e9800998ecf8427e,"['soundtrackTypeNames', 'Epic']",,Epic Mode Games,Epic Mode -pelit
1188,d41d8cd98f00b204e9800998ecf8427e,"['soundtrackTypeNames', 'Epic Race']",,Epic Race,Eeppinen kilpailu
1189,d41d8cd98f00b204e9800998ecf8427e,"['soundtrackTypeNames', 'FlagCatcher']",,Capture the Flag,Kaappaa lippu
1190,d41d8cd98f00b204e9800998ecf8427e,"['soundtrackTypeNames', 'Flying']",,Happy Thoughts,Onnellisia Ajatuksia
1191,d41d8cd98f00b204e9800998ecf8427e,"['soundtrackTypeNames', 'Football']",,Football,Jalkapallo
1192,d41d8cd98f00b204e9800998ecf8427e,"['soundtrackTypeNames', 'ForwardMarch']",,Assault,Hyökkäys
1193,d41d8cd98f00b204e9800998ecf8427e,"['soundtrackTypeNames', 'GrandRomp']",,Conquest,Valloitus
1194,d41d8cd98f00b204e9800998ecf8427e,"['soundtrackTypeNames', 'Hockey']",,Hockey,Jääkiekko
1195,d41d8cd98f00b204e9800998ecf8427e,"['soundtrackTypeNames', 'Keep Away']",,Keep Away,Pitää poissa
1196,d41d8cd98f00b204e9800998ecf8427e,"['soundtrackTypeNames', 'Marching']",,Runaround,Veruke
1197,d41d8cd98f00b204e9800998ecf8427e,"['soundtrackTypeNames', 'Menu']",,Main Menu,Päävalikko
1198,d41d8cd98f00b204e9800998ecf8427e,"['soundtrackTypeNames', 'Onslaught']",,Onslaught,Hyökkäys
1199,d41d8cd98f00b204e9800998ecf8427e,"['soundtrackTypeNames', 'Race']",,Race,Rotu
1200,d41d8cd98f00b204e9800998ecf8427e,"['soundtrackTypeNames', 'Scary']",,King of the Hill,Kukkulan kuningas
1201,d41d8cd98f00b204e9800998ecf8427e,"['soundtrackTypeNames', 'Scores']",,Score Screen,Pisteet-näyttö
1202,d41d8cd98f00b204e9800998ecf8427e,"['soundtrackTypeNames', 'Survival']",,Elimination,Eliminointi
1203,d41d8cd98f00b204e9800998ecf8427e,"['soundtrackTypeNames', 'ToTheDeath']",,Death Match,Kuoleman ottelu
1204,d41d8cd98f00b204e9800998ecf8427e,"['soundtrackTypeNames', 'Victory']",,Final Score Screen,Lopulliset pisteet -näyttö
1205,d41d8cd98f00b204e9800998ecf8427e,['spaceKeyText'],"space bar on the on-screen-keyboard
Context Image: http://files.froemling.net/translateGuideImages/onScreenKeyboard.png",space,tilaa
1206,d41d8cd98f00b204e9800998ecf8427e,['statsText'],label for a button taking you to some form of statistics page (showing wins/losses/etc),Stats,Tilastot
1207,d41d8cd98f00b204e9800998ecf8427e,['stopRemindingMeText'],"Label for a button to stop reminding the player to do something (open chests, etc.)
Context Image: http://files.froemling.net/translateGuideImages/chestOpenNow.png",Stop Reminding Me,Lopeta muistuttaminen
1208,d41d8cd98f00b204e9800998ecf8427e,['storagePermissionAccessText'],Some features require asking the user for permission to access local storage.  This message is shown before asking.,This requires storage access,Tämä vaatii pääsyn tallennustilaan
1209,d41d8cd98f00b204e9800998ecf8427e,"['store', 'alreadyOwnText']",,You already own ${NAME}!,Omistat jo ${NAME}:n!
1210,d41d8cd98f00b204e9800998ecf8427e,"['store', 'bombSquadProNameText']","Name of ""BombSquad Pro"", which is the main paid upgrade in the game; it disables ads, gives you double tickets, etc.",${APP_NAME} Pro,${APP_NAME} Pro
1211,d41d8cd98f00b204e9800998ecf8427e,"['store', 'bombSquadProNewDescriptionText']","Description for ""BombSquad Pro"", which disables in-game ads and includes a number of things like tickets and characters (which are shown as icons under this description)
Context Image: http://files.froemling.net/translateGuideImages/bsPro.png","• Removes in-game ads and nag-screens
• Unlocks more game settings
• Also includes:","• Poistaa pelin sisäiset mainokset ja naarmuttavat näytöt
• Avaa lisää peliasetuksia
• Sisältää myös:"
1212,d41d8cd98f00b204e9800998ecf8427e,"['store', 'buyText']",label for a button which purchases something,Buy,Ostaa
1213,d41d8cd98f00b204e9800998ecf8427e,"['store', 'charactersText']","""Characters"" tab in the store, where addition characters are available to unlock.
Context Image: http://files.froemling.net/translateGuideImages/store.png",Characters,Hahmot
1214,d41d8cd98f00b204e9800998ecf8427e,"['store', 'comingSoonText']",,Coming Soon...,Tulossa pian...
1215,d41d8cd98f00b204e9800998ecf8427e,"['store', 'extrasText']","""Extras"" tab in the store, where things like ""BombSquad Pro"" are available to unlock.
Context Image: http://files.froemling.net/translateGuideImages/store.png",Extras,Ekstrat
1216,d41d8cd98f00b204e9800998ecf8427e,"['store', 'featuredText']",Label for a section of special featured items,Featured,Esittelyssä
1217,d41d8cd98f00b204e9800998ecf8427e,"['store', 'holidaySpecialText']","name of the store section containing limited-time holiday stuff (like Santa, etc)",Holiday Special,Loma erikois
1218,d41d8cd98f00b204e9800998ecf8427e,"['store', 'howToSwitchCharactersText']",,"(go to ""${SETTINGS} -> ${PLAYER_PROFILES}"" to assign & customize characters)","(siirry kohtaan ""${SETTINGS} -> ${PLAYER_PROFILES}"" määrittääksesi ja muokataksesi merkkejä)"
1219,d41d8cd98f00b204e9800998ecf8427e,"['store', 'howToUseIconsText']","explanation in the store for the ""Icons"" section",(create global player profiles (in the inventory window) to use these),(luo maailmanlaajuiset pelaajaprofiilit (varastoikkunassa) käyttääksesi niitä)
1220,d41d8cd98f00b204e9800998ecf8427e,"['store', 'howToUseMapsText']","explanation in the store for the ""Maps"" section",(use these maps in your own teams/free-for-all playlists),(käytä näitä karttoja omissa joukkueissasi/ilmaissoittolistoissasi)
1221,d41d8cd98f00b204e9800998ecf8427e,"['store', 'iconsText']",Title for the store section containing icons which can be assigned to global player profiles,Icons,Kuvakkeet
1222,d41d8cd98f00b204e9800998ecf8427e,"['store', 'loadErrorText']",,"Unable to load page.
Check your internet connection.","Sivua ei voi ladata.
Tarkista Internet-yhteytesi."
1223,d41d8cd98f00b204e9800998ecf8427e,"['store', 'loadingText']",,loading,lastaus
1224,d41d8cd98f00b204e9800998ecf8427e,"['store', 'mapsText']","""Maps"" tab in the store, where addition maps are available to unlock.
Context Image: http://files.froemling.net/translateGuideImages/store.png",Maps,Kartat
1225,d41d8cd98f00b204e9800998ecf8427e,"['store', 'miniGamesText']","""MiniGames"" tab in the store, where addition games are available to unlock.
Context Image: http://files.froemling.net/translateGuideImages/store.png",MiniGames,Minipelit
1226,d41d8cd98f00b204e9800998ecf8427e,"['store', 'oneTimeOnlyText']",used when a sale or other event will occur only once,(one time only),(vain kerran)
1227,d41d8cd98f00b204e9800998ecf8427e,"['store', 'purchaseAlreadyInProgressText']",,A purchase of this item is already in progress.,Tämän tuotteen osto on jo käynnissä.
1228,d41d8cd98f00b204e9800998ecf8427e,"['store', 'purchaseConfirmText']",,Purchase ${ITEM}?,Ostaako ${ITEM}?
1229,d41d8cd98f00b204e9800998ecf8427e,"['store', 'purchaseNotValidError']",,"Purchase not valid.
Contact ${EMAIL} if this is an error.","Osto ei kelpaa.
Ota yhteyttä ${EMAIL}, jos tämä on virhe."
1230,d41d8cd98f00b204e9800998ecf8427e,"['store', 'purchaseText']",label on a button to confirm buying something,Purchase,Ostaa
1231,d41d8cd98f00b204e9800998ecf8427e,"['store', 'saleBundleText']","Title for a sale that includes multiple things, such as a character and a ticket-pack, multiple maps, etc.",Bundle Sale!,Pakettimyynti!
1232,d41d8cd98f00b204e9800998ecf8427e,"['store', 'saleExclaimText']",title announcing there is a sale (a discounted item),Sale!,Myynti!
1233,d41d8cd98f00b204e9800998ecf8427e,"['store', 'salePercentText']","Description for a sale of some percent: ""(40% off)"", etc.",(${PERCENT}% off),(${PERCENT} % alennus)
1234,d41d8cd98f00b204e9800998ecf8427e,"['store', 'saleText']","Shown when something in the store is on sale
Context Image: http://files.froemling.net/translateGuideImages/sale.png",SALE,MYYNTI
1235,d41d8cd98f00b204e9800998ecf8427e,"['store', 'searchText']",,Search,Haku
1236,d41d8cd98f00b204e9800998ecf8427e,"['store', 'starterPackText']",Name for a group of skins or other things that can be purchased together - generally meant for new players.,Starter Pack,Aloituspaketti
1237,d41d8cd98f00b204e9800998ecf8427e,"['store', 'teamsFreeForAllGamesText']",a header in the store for games that can be played in either Teams or Free-for-All mode,Teams / Free-for-All Games,Joukkueet / Ilmaiset pelit kaikille
1238,d41d8cd98f00b204e9800998ecf8427e,"['store', 'totalWorthText']","line of text showing the total value for some set of items
Context Image: http://files.froemling.net/translateGuideImages/bsPro.png",*** ${TOTAL_WORTH} value! ***,*** ${TOTAL_WORTH} arvo! ***
1239,d41d8cd98f00b204e9800998ecf8427e,"['store', 'upgradeQuestionText']",A window can pop up asking the user if they want to upgrade to BombSquad Pro - this is the title at the top of the window,Upgrade?,Päivitys?
1240,d41d8cd98f00b204e9800998ecf8427e,"['store', 'winterSpecialText']",,Winter Special,Talven erikoistarjous
1241,d41d8cd98f00b204e9800998ecf8427e,"['store', 'youOwnThisText']",a label for items in the store that you already own,- you own this -,- omistat tämän -
1242,d41d8cd98f00b204e9800998ecf8427e,"['store', 'yourCharactersText']",Label for a section showing characters owned by the player.,Your Characters,Sinun hahmosi
1243,d41d8cd98f00b204e9800998ecf8427e,"['store', 'yourIconsText']",Label for a section showing icons owned by the player.,Your Icons,Sinun kuvakkeet
1244,d41d8cd98f00b204e9800998ecf8427e,"['store', 'yourMapsText']",Label for a section showing maps owned by the player.,Your Maps,Omat kartat
1245,d41d8cd98f00b204e9800998ecf8427e,"['store', 'yourMiniGamesText']",Label for a section showing mini-games owned by the player.,Your MiniGames,Minipelisi
1246,d41d8cd98f00b204e9800998ecf8427e,"['storeDescriptions', 'blowUpYourFriendsText']",,Blow up your friends.,Räjäytä ystäväsi.
1247,d41d8cd98f00b204e9800998ecf8427e,"['storeDescriptions', 'competeInMiniGamesText']",text for a store image referring to the large number of mini-game types in the game,Compete in mini-games ranging from racing to flying.,Kilpaile minipeleissä kilpa-ajoista lentämiseen.
1248,d41d8cd98f00b204e9800998ecf8427e,"['storeDescriptions', 'customize2Text']",,"Customize characters, mini-games, and even the soundtrack.","Mukauta hahmoja, minipelejä ja jopa ääniraitaa."
1249,d41d8cd98f00b204e9800998ecf8427e,"['storeDescriptions', 'customizeText']",,Customize characters and create your own mini-game playlists.,Mukauta hahmoja ja luo omia minipelisoittolistoja.
1250,d41d8cd98f00b204e9800998ecf8427e,"['storeDescriptions', 'sportsMoreFunText']",,Sports are more fun with explosives.,Urheilu on hauskempaa räjähteiden kanssa.
1251,d41d8cd98f00b204e9800998ecf8427e,"['storeDescriptions', 'teamUpAgainstComputerText']",,Team up against the computer.,Joukkueita tietokonetta vastaan.
1252,d41d8cd98f00b204e9800998ecf8427e,['storeDescriptionText'],"Used as a description for the game in app-stores, etc.","8 Player Party Game Madness!

Blow up your friends (or the computer) in a tournament of explosive mini-games such as Capture-the-Flag, Bomber-Hockey, and Epic-Slow-Motion-Death-Match!

Simple controls and extensive controller support make it easy for up to 8 people to get in on the action; you can even use your mobile devices as controllers via the free ‘BombSquad Remote’ app!

Bombs Away!

Check out www.froemling.net/bombsquad for more info.
","8 pelaajan juhlapeli Madness!

Räjäytä ystäväsi (tai tietokoneesi) räjähtävien minipelien turnauksessa, kuten Capture-the-Flag, Bomber-Hockey ja Epic-Slow-Motion-Death-Match!

Yksinkertaiset säätimet ja laaja ohjaintuki tekevät jopa 8 henkilön helpoksi päästä mukaan toimintaan. voit jopa käyttää mobiililaitteitasi ohjaimina ilmaisen BombSquad Remote -sovelluksen kautta!

Pommit pois!

Katso lisätietoja osoitteesta www.froemling.net/bombsquad."
1253,d41d8cd98f00b204e9800998ecf8427e,['storeText'],"name of a store where things are bought (as in 'app-store', etc)",Store,Store
1254,d41d8cd98f00b204e9800998ecf8427e,['submitText'],label for a button to submit some value (such as a special code) to the server,Submit,Lähetä
1255,d41d8cd98f00b204e9800998ecf8427e,['submittingPromoCodeText'],message printed when sending a code to the server and waiting for a response,Submitting Code...,Lähetetään koodia...
1256,d41d8cd98f00b204e9800998ecf8427e,['successText'],,Success!,Menestys!
1257,d41d8cd98f00b204e9800998ecf8427e,['supportEmailText'],"Shows the user who to contact for problems
Context Image: http://files.froemling.net/translateGuideImages/advancedEnterCode.png","If you are experiencing any problems with the
app, please email ${EMAIL}.","Jos sinulla on ongelmia
sovellus, lähetä sähköpostia osoitteeseen ${EMAIL}."
1258,d41d8cd98f00b204e9800998ecf8427e,['teamNamesColorText'],label on a button that takes you to a screen to customize team names/colors (instead of the default Red/Blue),Team Names/Colors...,Joukkueiden nimet/värit...
1259,d41d8cd98f00b204e9800998ecf8427e,['telnetAccessGrantedText'],,Telnet access enabled.,Telnet-yhteys käytössä.
1260,d41d8cd98f00b204e9800998ecf8427e,['telnetAccessText'],,Telnet access detected; allow?,Telnet-yhteys havaittu; sallia?
1261,d41d8cd98f00b204e9800998ecf8427e,['testBuildErrorText'],an error printed when running an out-of-date test build,This test build is no longer active; please check for a new version.,Tämä testiversio ei ole enää aktiivinen; tarkista uusi versio.
1262,d41d8cd98f00b204e9800998ecf8427e,['testBuildText'],label for a special build of the game used for testing,Test Build,Testirakenne
1263,d41d8cd98f00b204e9800998ecf8427e,['testBuildValidatedText'],printed when a test-build of the game is verified as valid and up-to-date,Test Build Validated; Enjoy!,Testirakenne vahvistettu; Nauti!
1264,d41d8cd98f00b204e9800998ecf8427e,['testBuildValidateErrorText'],printed when a test-build of the game can't be validated; most likely due to not having a net-connection,Unable to validate test build. (no net connection?),Testikoontiversion vahvistaminen epäonnistui. (ei nettiyhteyttä?)
1265,d41d8cd98f00b204e9800998ecf8427e,['thankYouText'],,Thank you for your support! Enjoy the game!!,Kiitos tuestanne! Nauti pelistä!!
1266,d41d8cd98f00b204e9800998ecf8427e,['threeKillText'],shown after getting 3 kills in a row,TRIPLE KILL!!,KOLMOINEN TAPA!!
1267,d41d8cd98f00b204e9800998ecf8427e,['ticketsDescriptionText'],,"Tickets can be used to unlock characters,
maps, minigames, and more in the store.

Tickets can be found in chests won through
campaigns, tournaments, and achievements.","Lippuja voidaan käyttää hahmojen lukituksen avaamiseen,
karttoja, minipelejä ja paljon muuta kaupassa.

Liput löytyvät läpi voitetuista arkuista
kampanjoita, turnauksia ja saavutuksia."
1268,d41d8cd98f00b204e9800998ecf8427e,['timeBonusText'],,Time Bonus,Aika bonus
1269,d41d8cd98f00b204e9800998ecf8427e,['timeElapsedText'],,Time Elapsed,Aika Kulunut
1270,d41d8cd98f00b204e9800998ecf8427e,['timeExpiredText'],,Time Expired,Aika umpeutunut
1271,d41d8cd98f00b204e9800998ecf8427e,['timeSuffixDaysText'],"The ""days"" portion of a time string. In English, 2 days 10 hours 4 minutes and 3 seconds would be ""2d 10h 4m 3s"" as a time string",${COUNT}d,${COUNT}d
1272,d41d8cd98f00b204e9800998ecf8427e,['timeSuffixHoursText'],"The ""hours"" portion of a time string. In English, 2 days 10 hours 4 minutes and 3 seconds would be ""2d 10h 4m 3s"" as a time string",${COUNT}h,${COUNT}h
1273,d41d8cd98f00b204e9800998ecf8427e,['timeSuffixMinutesText'],"The ""minutes"" portion of a time string. In English, 2 days 10 hours 4 minutes and 3 seconds would be ""2d 10h 4m 3s"" as a time string",${COUNT}m,${COUNT}m
1274,d41d8cd98f00b204e9800998ecf8427e,['timeSuffixSecondsText'],"The ""seconds"" portion of a time string. In English, 2 days 10 hours 4 minutes and 3 seconds would be ""2d 10h 4m 3s"" as a time string",${COUNT}s,${COUNT}s
1275,d41d8cd98f00b204e9800998ecf8427e,['tipText'],label for a tip (hint) for how to play or whatnot,Tip,Kärki
1276,d41d8cd98f00b204e9800998ecf8427e,['titleText'],title of the game,BombSquad,BombSquad
1277,d41d8cd98f00b204e9800998ecf8427e,['titleVRText'],Title of the VR (Virtual Reality) version of the game,BombSquad VR,BombSquad VR
1278,d41d8cd98f00b204e9800998ecf8427e,"['tokens', 'getTokensText']","Label for UI to purchase tokens
Context Image: http://files.froemling.net/translateGuideImages/tokenStore.png",Get Tokens,Hanki Tokens
1279,d41d8cd98f00b204e9800998ecf8427e,"['tokens', 'notEnoughTokensText']",Error message shown when the user does not have enough tokens for something,Not enough tokens!,Ei tarpeeksi tokeneja!
1280,d41d8cd98f00b204e9800998ecf8427e,"['tokens', 'numTokensText']","Label to show some number of tokens
Context Image: http://files.froemling.net/translateGuideImages/tokenStore.png",${COUNT} Tokens,${COUNT} Tokens
1281,d41d8cd98f00b204e9800998ecf8427e,"['tokens', 'openNowDescriptionText']","Short note explaining to the player that they can use the tokens they have to open a chest without waiting.
Context Image: http://files.froemling.net/translateGuideImages/chestOpenNow.png","You have enough tokens to
open this now - you don't
need to wait.","Sinulla on tarpeeksi tunnuksia
avaa tämä nyt - älä
täytyy odottaa."
1282,d41d8cd98f00b204e9800998ecf8427e,"['tokens', 'shinyNewCurrencyText']","Light hearted description of tokens as a new currency
Context Image: http://files.froemling.net/translateGuideImages/tokenStore.png",BombSquad's shiny new currency.,BombSquadin uusi kiiltävä valuutta.
1283,d41d8cd98f00b204e9800998ecf8427e,"['tokens', 'tokenPack1Text']",Name for the first (the smallest) of four token pack sizes.,Small Token Pack,Pieni Token Pack
1284,d41d8cd98f00b204e9800998ecf8427e,"['tokens', 'tokenPack2Text']",Name for the second of four token pack sizes.,Medium Token Pack,Medium Token Pack
1285,d41d8cd98f00b204e9800998ecf8427e,"['tokens', 'tokenPack3Text']",Name for the third of four token pack sizes.,Large Token Pack,Suuri Token Pack
1286,d41d8cd98f00b204e9800998ecf8427e,"['tokens', 'tokenPack4Text']",Name for the fourth (the largest) of four token pack sizes.,Jumbo Token Pack,Jumbo Token Pack
1287,d41d8cd98f00b204e9800998ecf8427e,"['tokens', 'tokensDescriptionText']",,"Tokens are used to speed up chest unlocks
and for other game and account features.

You can win tokens in the game or buy them
in packs. Or buy a Gold Pass for infinite
tokens and never hear about them again.","Tokeneita käytetään nopeuttamaan rintakehän lukituksen avaamista
ja muihin peli- ja tiliominaisuuksiin.

Voit voittaa pelimerkkejä tai ostaa niitä
pakkauksissa. Tai osta Gold Pass äärettömään hintaan
rahakkeita eivätkä koskaan kuule niistä enää."
1288,d41d8cd98f00b204e9800998ecf8427e,"['tokens', 'youHaveGoldPassText']","Shown to users with a Gold Pass when they go to the get-tokens page, explaining why there are no token packs there.","You have a Gold Pass.
All token purchases are free.
Enjoy!","Sinulla on Gold Pass.
Kaikki token-ostot ovat ilmaisia.
Nauti!"
1289,d41d8cd98f00b204e9800998ecf8427e,['topFriendsText'],,Top Friends,Parhaat ystävät
1290,d41d8cd98f00b204e9800998ecf8427e,['tournamentCheckingStateText'],an error message shown when trying to enter a tournament before its information has been loaded,Checking tournament state; please wait...,Turnauksen tilan tarkistaminen; ole hyvä ja odota...
1291,d41d8cd98f00b204e9800998ecf8427e,['tournamentEndedText'],error shown if trying to enter a tournament that has ended,This tournament has ended. A new one will start soon.,Tämä turnaus on päättynyt. Uusi alkaa pian.
1292,d41d8cd98f00b204e9800998ecf8427e,['tournamentEntryText'],"title for the window that lets you enter a tournament by paying tickets/watching an ad/etc
Context Image: http://files.froemling.net/translateGuideImages/tournamentEntry.png",Tournament Entry,Turnauksen sisäänpääsy
1293,d41d8cd98f00b204e9800998ecf8427e,['tournamentFinalStandingsText'],"Label for a button to see final standings for a tournament.
Context Image: http://files.froemling.net/translateGuideImages/tourneynote.png",Final Standings,Lopullinen sijoitukset
1294,d41d8cd98f00b204e9800998ecf8427e,['tournamentResultsRecentText'],Label for a button which shows you how you finished in recent tournaments that you entered.,Recent Tournament Results,Viimeaikaiset turnauksen tulokset
1295,d41d8cd98f00b204e9800998ecf8427e,['tournamentsDisabledWorkspaceText'],,"Tournaments are disabled when workspaces are active.
To re-enable tournaments, disable your workspace and restart.","Turnaukset ovat poissa käytöstä, kun työtilat ovat aktiivisia.
Ota turnaukset uudelleen käyttöön poistamalla työtila käytöstä ja käynnistämällä se uudelleen."
1296,d41d8cd98f00b204e9800998ecf8427e,['tournamentStandingsText'],label for best-score lists during a tournament (showing who is winning the tournament),Tournament Standings,Turnauksen sijoitukset
1297,d41d8cd98f00b204e9800998ecf8427e,['tournamentsText'],label for a list of more than one tournament,Tournaments,Turnaukset
1298,d41d8cd98f00b204e9800998ecf8427e,['tournamentText'],,Tournament,Turnaus
1299,d41d8cd98f00b204e9800998ecf8427e,['tournamentTimeExpiredText'],A message shown when a game ends due to the current tournament ending.,Tournament Time Expired,Turnausaika umpeutunut
1300,d41d8cd98f00b204e9800998ecf8427e,"['translations', 'characterNames', 'Agent Johnson']","The name of the agent character (reminiscent of Agent Smith from The Matrix, the guys from Men in Black, etc.)",Agent Johnson,Agentti Johnson
1301,d41d8cd98f00b204e9800998ecf8427e,"['translations', 'characterNames', 'B-9000']",Name of shiny cyborg character (looks like a cross between robocop and daft punk),B-9000,B-9000
1302,d41d8cd98f00b204e9800998ecf8427e,"['translations', 'characterNames', 'Bernard']","Bernard is a bear; feel free to use any name that sounds good on a bear.
Context Image: http://files.froemling.net/translateGuideImages/bernard.png",Bernard,Bernard
1303,d41d8cd98f00b204e9800998ecf8427e,"['translations', 'characterNames', 'Bones']","Name of a skeleton character. Feel free to translate this to the native word for ""Bones"" or just leave it as-is.",Bones,Luut
1304,d41d8cd98f00b204e9800998ecf8427e,"['translations', 'characterNames', 'Butch']",Name of the cowboy character,Butch,Butch
1305,d41d8cd98f00b204e9800998ecf8427e,"['translations', 'characterNames', 'Easter Bunny']",Name of the bunny character,Easter Bunny,Pääsiäispupu
1306,d41d8cd98f00b204e9800998ecf8427e,"['translations', 'characterNames', 'Flopsy']",The name of the cute fluffy bunny rabbit character,Flopsy,Flopsy
1307,d41d8cd98f00b204e9800998ecf8427e,"['translations', 'characterNames', 'Frosty']",The name of snowman character,Frosty,Huurteinen
1308,d41d8cd98f00b204e9800998ecf8427e,"['translations', 'characterNames', 'Gretel']",Name of the valkyrie/opera-singer character,Gretel,Kerttu
1309,d41d8cd98f00b204e9800998ecf8427e,"['translations', 'characterNames', 'Grumbledorf']","Name of wizard character (reminiscent of Gandalf, Dumbledore, etc)",Grumbledorf,Grumbledorf
1310,d41d8cd98f00b204e9800998ecf8427e,"['translations', 'characterNames', 'Jack Morgan']",The name of the pirate character,Jack Morgan,Jack Morgan
1311,d41d8cd98f00b204e9800998ecf8427e,"['translations', 'characterNames', 'Kronk']",The name of the barbarian character,Kronk,Kronk
1312,d41d8cd98f00b204e9800998ecf8427e,"['translations', 'characterNames', 'Lee']",Name of female martial-artist character (reminiscent of Uma Thurman's character in Kill Bill),Lee,Lee
1313,d41d8cd98f00b204e9800998ecf8427e,"['translations', 'characterNames', 'Lucky']",Name of the leprechaun character,Lucky,Onnekas
1314,d41d8cd98f00b204e9800998ecf8427e,"['translations', 'characterNames', 'Mel']",,Mel,Mel
1315,d41d8cd98f00b204e9800998ecf8427e,"['translations', 'characterNames', 'Middle-Man']",Name of the superhero character (can be any goofy sounding superhero name),Middle-Man,Välikäsi
1316,d41d8cd98f00b204e9800998ecf8427e,"['translations', 'characterNames', 'Minimus']",Name of the roman gladiator character,Minimus,Minimus
1317,d41d8cd98f00b204e9800998ecf8427e,"['translations', 'characterNames', 'Pascal']",The name of the penguin character,Pascal,Pascal
1318,d41d8cd98f00b204e9800998ecf8427e,"['translations', 'characterNames', 'Pixel']",Name of the fairy/pixie character,Pixel,Pikseli
1319,d41d8cd98f00b204e9800998ecf8427e,"['translations', 'characterNames', 'Sammy Slam']",Name of the professional wrestler character,Sammy Slam,Sammy Slam
1320,d41d8cd98f00b204e9800998ecf8427e,"['translations', 'characterNames', 'Santa Claus']",the Christmas guy,Santa Claus,joulupukki
1321,d41d8cd98f00b204e9800998ecf8427e,"['translations', 'characterNames', 'Snake Shadow']",The name of the ninja character,Snake Shadow,Käärme varjo
1322,d41d8cd98f00b204e9800998ecf8427e,"['translations', 'characterNames', 'Spaz']",Name of the default soldier-looking character,Spaz,Spaz
1323,d41d8cd98f00b204e9800998ecf8427e,"['translations', 'characterNames', 'Taobao Mascot']",Taobao Mascot (specific to the Taobao version of the game in China),Taobao Mascot,Taobao maskotti
1324,d41d8cd98f00b204e9800998ecf8427e,"['translations', 'characterNames', 'Todd McBurton']","Name of 80's action hero character (reminiscent to Jack Burton, Rambo, John McClaine, & other 80's action heroes)",Todd McBurton,Todd McBurton
1325,d41d8cd98f00b204e9800998ecf8427e,"['translations', 'characterNames', 'Zoe']",Name of the female soldier character (throws impact bombs as an enemy),Zoe,Zoe
1326,d41d8cd98f00b204e9800998ecf8427e,"['translations', 'characterNames', 'Zola']","Name of female warrior/amazon/assassin-ish character (reminiscent of Xena Warrior Princess, Wonder-Woman, etc.)",Zola,Zola
1327,d41d8cd98f00b204e9800998ecf8427e,"['translations', 'coopLevelNames', '${GAME} Training']",A generic name for a really simple introductory level of some particular game type.,${GAME} Training,${GAME} Koulutus
1328,d41d8cd98f00b204e9800998ecf8427e,"['translations', 'coopLevelNames', 'Infinite ${GAME}']",A generic name for a neverending level of some particular game type.,Infinite ${GAME},Ääretön ${GAME}
1329,d41d8cd98f00b204e9800998ecf8427e,"['translations', 'coopLevelNames', 'Infinite Onslaught']",,Infinite Onslaught,Infinite Onslaught
1330,d41d8cd98f00b204e9800998ecf8427e,"['translations', 'coopLevelNames', 'Infinite Runaround']",,Infinite Runaround,Infinite Runaround
1331,d41d8cd98f00b204e9800998ecf8427e,"['translations', 'coopLevelNames', 'Onslaught Training']",,Onslaught Training,Onslaught-koulutus
1332,d41d8cd98f00b204e9800998ecf8427e,"['translations', 'coopLevelNames', 'Pro ${GAME}']",A generic name for a difficult level of a particular game type. (less difficult than Uber but more difficult than Rookie),Pro ${GAME},Pro ${GAME}
1333,d41d8cd98f00b204e9800998ecf8427e,"['translations', 'coopLevelNames', 'Pro Football']",,Pro Football,Pro Football
1334,d41d8cd98f00b204e9800998ecf8427e,"['translations', 'coopLevelNames', 'Pro Onslaught']",,Pro Onslaught,Pro Onslaught
1335,d41d8cd98f00b204e9800998ecf8427e,"['translations', 'coopLevelNames', 'Pro Runaround']",,Pro Runaround,Pro Runaround
1336,d41d8cd98f00b204e9800998ecf8427e,"['translations', 'coopLevelNames', 'Rookie ${GAME}']",A generic name for an easy level of a particular game type. (more difficult than Training; less difficult than Pro),Rookie ${GAME},Aloittelija ${GAME}
1337,d41d8cd98f00b204e9800998ecf8427e,"['translations', 'coopLevelNames', 'Rookie Football']",,Rookie Football,Rookie Football
1338,d41d8cd98f00b204e9800998ecf8427e,"['translations', 'coopLevelNames', 'Rookie Onslaught']",,Rookie Onslaught,Rookie Onslaught
1339,d41d8cd98f00b204e9800998ecf8427e,"['translations', 'coopLevelNames', 'The Last Stand']",,The Last Stand,Viimeinen kanta
1340,d41d8cd98f00b204e9800998ecf8427e,"['translations', 'coopLevelNames', 'Uber ${GAME}']",A generic name for an extremely difficult level of a particular game type),Uber ${GAME},Uber ${GAME}
1341,d41d8cd98f00b204e9800998ecf8427e,"['translations', 'coopLevelNames', 'Uber Football']",,Uber Football,Uber Football
1342,d41d8cd98f00b204e9800998ecf8427e,"['translations', 'coopLevelNames', 'Uber Onslaught']",,Uber Onslaught,Uber Onslaught
1343,d41d8cd98f00b204e9800998ecf8427e,"['translations', 'coopLevelNames', 'Uber Runaround']",,Uber Runaround,Uber Runaround
1344,d41d8cd98f00b204e9800998ecf8427e,"['translations', 'displayItemNames', '${C} Tickets']","A display showing some number of tickets.
Context Image: http://files.froemling.net/translateGuideImages/ticketdisplay.png",${C} Tickets,${C} Liput
1345,d41d8cd98f00b204e9800998ecf8427e,"['translations', 'displayItemNames', '${C} Tokens']","A display showing some number of tokens.
Context Image: http://files.froemling.net/translateGuideImages/tokendisplay.png",${C} Tokens,${C} Tokens
1346,d41d8cd98f00b204e9800998ecf8427e,"['translations', 'displayItemNames', 'Chest']","Short label for a ""Generic"" chest.
Context Image: http://files.froemling.net/translateGuideImages/chestopen.png",Chest,Rintakehä
1347,d41d8cd98f00b204e9800998ecf8427e,"['translations', 'displayItemNames', 'L1 Chest']","Short label for a ""Level 1"" chest.
Context Image: http://files.froemling.net/translateGuideImages/chestopen.png",L1 Chest,L1 Rinta
1348,d41d8cd98f00b204e9800998ecf8427e,"['translations', 'displayItemNames', 'L2 Chest']","Short label for a ""Level 2"" chest.
Context Image: http://files.froemling.net/translateGuideImages/chestopen.png",L2 Chest,L2 Rinta
1349,d41d8cd98f00b204e9800998ecf8427e,"['translations', 'displayItemNames', 'L3 Chest']","Short label for a ""Level 3"" chest.
Context Image: http://files.froemling.net/translateGuideImages/chestopen.png",L3 Chest,L3 Rinta
1350,d41d8cd98f00b204e9800998ecf8427e,"['translations', 'displayItemNames', 'L4 Chest']","Short label for a ""Level 4"" chest.
Context Image: http://files.froemling.net/translateGuideImages/chestopen.png",L4 Chest,L4 Rinta
1351,d41d8cd98f00b204e9800998ecf8427e,"['translations', 'displayItemNames', 'L5 Chest']","Short label for a ""Level 5"" chest.
Context Image: http://files.froemling.net/translateGuideImages/chestopen.png",L5 Chest,L5 Rinta
1352,d41d8cd98f00b204e9800998ecf8427e,"['translations', 'displayItemNames', 'L6 Chest']","Short label for a ""Level 6"" chest.
Context Image: http://files.froemling.net/translateGuideImages/chestopen.png",L6 Chest,L6 Rinta
1353,d41d8cd98f00b204e9800998ecf8427e,"['translations', 'displayItemNames', 'Unknown Chest']","Short label for a chest of an unknown type.
Context Image: http://files.froemling.net/translateGuideImages/chestopen.png",Unknown Chest,Tuntematon rintakehä
1354,d41d8cd98f00b204e9800998ecf8427e,"['translations', 'gameDescriptions', 'Be the chosen one for a length of time to win.\nKill the chosen one to become it.']",,"Be the chosen one for a length of time to win.
Kill the chosen one to become it.","Ole valittu pitkäksi aikaa voittaaksesi.
Tapa valittu tullaksesi sellaiseksi."
1355,d41d8cd98f00b204e9800998ecf8427e,"['translations', 'gameDescriptions', 'Bomb as many targets as you can.']",,Bomb as many targets as you can.,Pommi niin monta maalia kuin pystyt.
1356,d41d8cd98f00b204e9800998ecf8427e,"['translations', 'gameDescriptions', 'carry the flag for ${ARG1} seconds']",${ARG1} will be replaced by a game setting value (generally a number),carry the flag for ${ARG1} seconds,kantaa lippua ${ARG1} sekuntia
1357,d41d8cd98f00b204e9800998ecf8427e,"['translations', 'gameDescriptions', 'Carry the flag for ${ARG1} seconds.']",${ARG1} will be replaced by a game setting value (generally a number),Carry the flag for ${ARG1} seconds.,Kanna lippua ${ARG1} sekuntia.
1358,d41d8cd98f00b204e9800998ecf8427e,"['translations', 'gameDescriptions', 'Carry the flag for a set length of time.']",,Carry the flag for a set length of time.,Kanna lippua tietyn ajan.
1359,d41d8cd98f00b204e9800998ecf8427e,"['translations', 'gameDescriptions', 'Crush ${ARG1} of your enemies.']",${ARG1} will be replaced by a game setting value (generally a number),Crush ${ARG1} of your enemies.,Murskaa ${ARG1} vihollisesi.
1360,d41d8cd98f00b204e9800998ecf8427e,"['translations', 'gameDescriptions', 'Defeat all enemies.']",,Defeat all enemies.,Voita kaikki viholliset.
1361,d41d8cd98f00b204e9800998ecf8427e,"['translations', 'gameDescriptions', 'Dodge the falling bombs.']",,Dodge the falling bombs.,Vältä putoavia pommeja.
1362,d41d8cd98f00b204e9800998ecf8427e,"['translations', 'gameDescriptions', 'Final glorious epic slow motion battle to the death.']",,Final glorious epic slow motion battle to the death.,Viimeinen loistava eeppinen hidastettu taistelu kuolemaan.
1363,d41d8cd98f00b204e9800998ecf8427e,"['translations', 'gameDescriptions', 'Gather eggs!']","Description for the ""Easter Egg Hunt"" mini-game.",Gather eggs!,Kerää munat!
1364,d41d8cd98f00b204e9800998ecf8427e,"['translations', 'gameDescriptions', 'Get the flag to the enemy end zone.']",,Get the flag to the enemy end zone.,Vie lippu vihollisen maalialueelle.
1365,d41d8cd98f00b204e9800998ecf8427e,"['translations', 'gameDescriptions', 'How fast can you defeat the ninjas?']","Description for Ninja-Fight, a mini-game where you try to defeat a group of ninjas as fast as you can.",How fast can you defeat the ninjas?,Kuinka nopeasti voit voittaa ninjat?
1366,d41d8cd98f00b204e9800998ecf8427e,"['translations', 'gameDescriptions', 'kill ${ARG1} enemies']",${ARG1} will be replaced by a game setting value (generally a number),kill ${ARG1} enemies,tappaa ${ARG1} vihollista
1367,d41d8cd98f00b204e9800998ecf8427e,"['translations', 'gameDescriptions', 'Kill a set number of enemies to win.']",,Kill a set number of enemies to win.,Tapa tietty määrä vihollisia voittaaksesi.
1368,d41d8cd98f00b204e9800998ecf8427e,"['translations', 'gameDescriptions', 'last one standing wins']",,last one standing wins,viimeinen seisova voittaa
1369,d41d8cd98f00b204e9800998ecf8427e,"['translations', 'gameDescriptions', 'Last one standing wins.']",,Last one standing wins.,Viimeinen seisova voittaa.
1370,d41d8cd98f00b204e9800998ecf8427e,"['translations', 'gameDescriptions', 'Last remaining alive wins.']",,Last remaining alive wins.,Viimeinen elossa oleva voittaa.
1371,d41d8cd98f00b204e9800998ecf8427e,"['translations', 'gameDescriptions', 'last team standing wins']",,last team standing wins,viimeinen joukkue voittaa
1372,d41d8cd98f00b204e9800998ecf8427e,"['translations', 'gameDescriptions', 'Last team standing wins.']",,Last team standing wins.,Viimeinen seisova joukkue voittaa.
1373,d41d8cd98f00b204e9800998ecf8427e,"['translations', 'gameDescriptions', 'Prevent enemies from reaching the exit.']",,Prevent enemies from reaching the exit.,Estä vihollisia pääsemästä uloskäynnille.
1374,d41d8cd98f00b204e9800998ecf8427e,"['translations', 'gameDescriptions', 'Reach the enemy flag to score.']",,Reach the enemy flag to score.,Saavuta vihollisen lippu tehdäksesi maalin.
1375,d41d8cd98f00b204e9800998ecf8427e,"['translations', 'gameDescriptions', 'return ${ARG1} flags']",${ARG1} will be replaced by a game setting value (generally a number),return ${ARG1} flags,palauttaa ${ARG1} lippua
1376,d41d8cd98f00b204e9800998ecf8427e,"['translations', 'gameDescriptions', 'return 1 flag']",,return 1 flag,palauta 1 lippu
1377,d41d8cd98f00b204e9800998ecf8427e,"['translations', 'gameDescriptions', 'Return the enemy flag to score.']",,Return the enemy flag to score.,Palauta vihollisen lippu tehdäksesi maalin.
1378,d41d8cd98f00b204e9800998ecf8427e,"['translations', 'gameDescriptions', 'run ${ARG1} laps']",${ARG1} will be replaced by a game setting value (generally a number),run ${ARG1} laps,juokse ${ARG1} kierrosta
1379,d41d8cd98f00b204e9800998ecf8427e,"['translations', 'gameDescriptions', 'Run ${ARG1} laps.']",${ARG1} will be replaced by a game setting value (generally a number),Run ${ARG1} laps.,Juokse ${ARG1} kierrosta.
1380,d41d8cd98f00b204e9800998ecf8427e,"['translations', 'gameDescriptions', 'Run ${ARG1} laps. Your entire team has to finish.']",${ARG1} will be replaced by a game setting value (generally a number),Run ${ARG1} laps. Your entire team has to finish.,Juokse ${ARG1} kierrosta. Koko tiimisi on saatava maaliin.
1381,d41d8cd98f00b204e9800998ecf8427e,"['translations', 'gameDescriptions', 'run 1 lap']",,run 1 lap,juosta 1 kierros
1382,d41d8cd98f00b204e9800998ecf8427e,"['translations', 'gameDescriptions', 'Run 1 lap.']",,Run 1 lap.,Juokse 1 kierros.
1383,d41d8cd98f00b204e9800998ecf8427e,"['translations', 'gameDescriptions', 'Run 1 lap. Your entire team has to finish.']",,Run 1 lap. Your entire team has to finish.,Juokse 1 kierros. Koko tiimisi on saatava maaliin.
1384,d41d8cd98f00b204e9800998ecf8427e,"['translations', 'gameDescriptions', 'Run real fast!']",,Run real fast!,Juokse todella nopeasti!
1385,d41d8cd98f00b204e9800998ecf8427e,"['translations', 'gameDescriptions', 'score ${ARG1} goals']",${ARG1} will be replaced by a game setting value (generally a number),score ${ARG1} goals,tehdä ${ARG1} maalia
1386,d41d8cd98f00b204e9800998ecf8427e,"['translations', 'gameDescriptions', 'Score ${ARG1} goals.']",${ARG1} will be replaced by a game setting value (generally a number),Score ${ARG1} goals.,Tee ${ARG1} maalia.
1387,d41d8cd98f00b204e9800998ecf8427e,"['translations', 'gameDescriptions', 'score ${ARG1} touchdowns']",${ARG1} will be replaced by a game setting value (generally a number),score ${ARG1} touchdowns,tee ${ARG1} touchdownia
1388,d41d8cd98f00b204e9800998ecf8427e,"['translations', 'gameDescriptions', 'Score ${ARG1} touchdowns.']",${ARG1} will be replaced by a game setting value (generally a number),Score ${ARG1} touchdowns.,Tee ${ARG1} kosketuspistettä.
1389,d41d8cd98f00b204e9800998ecf8427e,"['translations', 'gameDescriptions', 'score a goal']",,score a goal,tehdä maalin
1390,d41d8cd98f00b204e9800998ecf8427e,"['translations', 'gameDescriptions', 'Score a goal.']",,Score a goal.,Tee maali.
1391,d41d8cd98f00b204e9800998ecf8427e,"['translations', 'gameDescriptions', 'score a touchdown']",,score a touchdown,tehdä touchdownin
1392,d41d8cd98f00b204e9800998ecf8427e,"['translations', 'gameDescriptions', 'Score a touchdown.']",,Score a touchdown.,Tee touchdown.
1393,d41d8cd98f00b204e9800998ecf8427e,"['translations', 'gameDescriptions', 'Score some goals.']",,Score some goals.,Tee joitakin maaleja.
1394,d41d8cd98f00b204e9800998ecf8427e,"['translations', 'gameDescriptions', 'secure all ${ARG1} flags']",${ARG1} will be replaced by a game setting value (generally a number),secure all ${ARG1} flags,suojata kaikki ${ARG1} liput
1395,d41d8cd98f00b204e9800998ecf8427e,"['translations', 'gameDescriptions', 'Secure all ${ARG1} flags.']",${ARG1} will be replaced by a game setting value (generally a number),Secure all ${ARG1} flags.,Suojaa kaikki ${ARG1} lippua.
1396,d41d8cd98f00b204e9800998ecf8427e,"['translations', 'gameDescriptions', 'Secure all flags on the map to win.']",,Secure all flags on the map to win.,Varmista kaikki liput kartalla voittaaksesi.
1397,d41d8cd98f00b204e9800998ecf8427e,"['translations', 'gameDescriptions', 'secure the flag for ${ARG1} seconds']",${ARG1} will be replaced by a game setting value (generally a number),secure the flag for ${ARG1} seconds,kiinnitä lippu ${ARG1} sekunniksi
1398,d41d8cd98f00b204e9800998ecf8427e,"['translations', 'gameDescriptions', 'Secure the flag for ${ARG1} seconds.']",${ARG1} will be replaced by a game setting value (generally a number),Secure the flag for ${ARG1} seconds.,Kiinnitä lippu ${ARG1} sekunniksi.
1399,d41d8cd98f00b204e9800998ecf8427e,"['translations', 'gameDescriptions', 'Secure the flag for a set length of time.']",,Secure the flag for a set length of time.,Kiinnitä lippu tietyksi ajaksi.
1400,d41d8cd98f00b204e9800998ecf8427e,"['translations', 'gameDescriptions', 'Steal the enemy flag ${ARG1} times.']",${ARG1} will be replaced by a game setting value (generally a number),Steal the enemy flag ${ARG1} times.,Varasta vihollisen lippu ${ARG1} kertaa.
1401,d41d8cd98f00b204e9800998ecf8427e,"['translations', 'gameDescriptions', 'Steal the enemy flag.']",,Steal the enemy flag.,Varasta vihollisen lippu.
1402,d41d8cd98f00b204e9800998ecf8427e,"['translations', 'gameDescriptions', 'There can be only one.']",,There can be only one.,Niitä voi olla vain yksi.
1403,d41d8cd98f00b204e9800998ecf8427e,"['translations', 'gameDescriptions', 'touch ${ARG1} flags']",${ARG1} will be replaced by a game setting value (generally a number),touch ${ARG1} flags,kosketa ${ARG1} lippua
1404,d41d8cd98f00b204e9800998ecf8427e,"['translations', 'gameDescriptions', 'touch 1 flag']",,touch 1 flag,kosketa 1 lippua
1405,d41d8cd98f00b204e9800998ecf8427e,"['translations', 'gameDescriptions', 'Touch the enemy flag ${ARG1} times.']",${ARG1} will be replaced by a game setting value (generally a number),Touch the enemy flag ${ARG1} times.,Kosketa vihollisen lippua ${ARG1} kertaa.
1406,d41d8cd98f00b204e9800998ecf8427e,"['translations', 'gameDescriptions', 'Touch the enemy flag.']",,Touch the enemy flag.,Kosketa vihollisen lippua.
1407,d41d8cd98f00b204e9800998ecf8427e,"['translations', 'gameNames', 'Assault']",,Assault,Hyökkäys
1408,d41d8cd98f00b204e9800998ecf8427e,"['translations', 'gameNames', 'Capture the Flag']",,Capture the Flag,Kaappaa lippu
1409,d41d8cd98f00b204e9800998ecf8427e,"['translations', 'gameNames', 'Chosen One']",,Chosen One,Valittu Yksi
1410,d41d8cd98f00b204e9800998ecf8427e,"['translations', 'gameNames', 'Conquest']",,Conquest,Valloitus
1411,d41d8cd98f00b204e9800998ecf8427e,"['translations', 'gameNames', 'Death Match']",,Death Match,Kuoleman ottelu
1412,d41d8cd98f00b204e9800998ecf8427e,"['translations', 'gameNames', 'Easter Egg Hunt']",An Easter-themed mini-game where you try to gather Easter-Eggs.,Easter Egg Hunt,Pääsiäismunien metsästys
1413,d41d8cd98f00b204e9800998ecf8427e,"['translations', 'gameNames', 'Elimination']",,Elimination,Eliminointi
1414,d41d8cd98f00b204e9800998ecf8427e,"['translations', 'gameNames', 'Football']",,Football,Jalkapallo
1415,d41d8cd98f00b204e9800998ecf8427e,"['translations', 'gameNames', 'Hockey']",,Hockey,Jääkiekko
1416,d41d8cd98f00b204e9800998ecf8427e,"['translations', 'gameNames', 'Keep Away']",,Keep Away,Pitää poissa
1417,d41d8cd98f00b204e9800998ecf8427e,"['translations', 'gameNames', 'King of the Hill']",,King of the Hill,Kukkulan kuningas
1418,d41d8cd98f00b204e9800998ecf8427e,"['translations', 'gameNames', 'Meteor Shower']",,Meteor Shower,Meteorisadetta
1419,d41d8cd98f00b204e9800998ecf8427e,"['translations', 'gameNames', 'Ninja Fight']",name of a mini-game where you try to defeat a group of ninjas as fast as you can.,Ninja Fight,Ninja Fight
1420,d41d8cd98f00b204e9800998ecf8427e,"['translations', 'gameNames', 'Onslaught']",,Onslaught,Hyökkäys
1421,d41d8cd98f00b204e9800998ecf8427e,"['translations', 'gameNames', 'Race']",,Race,Rotu
1422,d41d8cd98f00b204e9800998ecf8427e,"['translations', 'gameNames', 'Runaround']",,Runaround,Veruke
1423,d41d8cd98f00b204e9800998ecf8427e,"['translations', 'gameNames', 'Target Practice']",Name for a new mini-game where you throw bombs at targets on the ground.,Target Practice,Tavoitekäytäntö
1424,d41d8cd98f00b204e9800998ecf8427e,"['translations', 'gameNames', 'The Last Stand']",,The Last Stand,Viimeinen kanta
1425,d41d8cd98f00b204e9800998ecf8427e,"['translations', 'inputDeviceNames', 'Keyboard']",,Keyboard,Näppäimistö
1426,d41d8cd98f00b204e9800998ecf8427e,"['translations', 'inputDeviceNames', 'Keyboard P2']",refers to the second player sharing a single keyboard,Keyboard P2,Näppäimistö P2
1427,d41d8cd98f00b204e9800998ecf8427e,"['translations', 'languages', 'Arabic']",,Arabic,arabia
1428,d41d8cd98f00b204e9800998ecf8427e,"['translations', 'languages', 'Belarussian']",,Belarussian,Valko-Venäjän
1429,d41d8cd98f00b204e9800998ecf8427e,"['translations', 'languages', 'ChineseSimplified']",,Chinese - Simplified,kiina - yksinkertaistettu
1430,d41d8cd98f00b204e9800998ecf8427e,"['translations', 'languages', 'ChineseTraditional']",,Chinese - Traditional,kiina - perinteinen
1431,d41d8cd98f00b204e9800998ecf8427e,"['translations', 'languages', 'Croatian']",,Croatian,kroatialainen
1432,d41d8cd98f00b204e9800998ecf8427e,"['translations', 'languages', 'Czech']",,Czech,Tšekki
1433,d41d8cd98f00b204e9800998ecf8427e,"['translations', 'languages', 'Danish']",,Danish,tanskalainen
1434,d41d8cd98f00b204e9800998ecf8427e,"['translations', 'languages', 'Dutch']",,Dutch,hollantilainen
1435,d41d8cd98f00b204e9800998ecf8427e,"['translations', 'languages', 'English']",,English,englanti
1436,d41d8cd98f00b204e9800998ecf8427e,"['translations', 'languages', 'Esperanto']",,Esperanto,esperanto
1437,d41d8cd98f00b204e9800998ecf8427e,"['translations', 'languages', 'Filipino']",,Filipino,filippiiniläinen
1438,d41d8cd98f00b204e9800998ecf8427e,"['translations', 'languages', 'Finnish']",,Finnish,suomalainen
1439,d41d8cd98f00b204e9800998ecf8427e,"['translations', 'languages', 'French']",,French,ranskalainen
1440,d41d8cd98f00b204e9800998ecf8427e,"['translations', 'languages', 'German']",,German,saksaksi
1441,d41d8cd98f00b204e9800998ecf8427e,"['translations', 'languages', 'Gibberish']",a nonsensical language just used for testing,Gibberish,höpöhöpöä
1442,d41d8cd98f00b204e9800998ecf8427e,"['translations', 'languages', 'Greek']",,Greek,kreikkalainen
1443,d41d8cd98f00b204e9800998ecf8427e,"['translations', 'languages', 'Hindi']",,Hindi,hindi
1444,d41d8cd98f00b204e9800998ecf8427e,"['translations', 'languages', 'Hungarian']",,Hungarian,Unkari
1445,d41d8cd98f00b204e9800998ecf8427e,"['translations', 'languages', 'Indonesian']",,Indonesian,Indonesialainen
1446,d41d8cd98f00b204e9800998ecf8427e,"['translations', 'languages', 'Italian']",,Italian,italialainen
1447,d41d8cd98f00b204e9800998ecf8427e,"['translations', 'languages', 'Japanese']",,Japanese,japanilainen
1448,d41d8cd98f00b204e9800998ecf8427e,"['translations', 'languages', 'Kazakh']",,Kazakh,Kazakstan
1449,d41d8cd98f00b204e9800998ecf8427e,"['translations', 'languages', 'Korean']",,Korean,korealainen
1450,d41d8cd98f00b204e9800998ecf8427e,"['translations', 'languages', 'Malay']",,Malay,malaiji
1451,d41d8cd98f00b204e9800998ecf8427e,"['translations', 'languages', 'Persian']",,Persian,persialainen
1452,d41d8cd98f00b204e9800998ecf8427e,"['translations', 'languages', 'PirateSpeak']",,Pirate Speak,Pirate Puhu
1453,d41d8cd98f00b204e9800998ecf8427e,"['translations', 'languages', 'Polish']",,Polish,Kiillottaa
1454,d41d8cd98f00b204e9800998ecf8427e,"['translations', 'languages', 'PortugueseBrazil']",,Portuguese - Brazil,portugali - Brasilia
1455,d41d8cd98f00b204e9800998ecf8427e,"['translations', 'languages', 'PortuguesePortugal']",,Portuguese - Portugal,portugali - Portugali
1456,d41d8cd98f00b204e9800998ecf8427e,"['translations', 'languages', 'Romanian']",,Romanian,romanialainen
1457,d41d8cd98f00b204e9800998ecf8427e,"['translations', 'languages', 'Russian']",,Russian,venäjäksi
1458,d41d8cd98f00b204e9800998ecf8427e,"['translations', 'languages', 'Serbian']",,Serbian,serbia
1459,d41d8cd98f00b204e9800998ecf8427e,"['translations', 'languages', 'Slovak']",,Slovak,Slovakian
1460,d41d8cd98f00b204e9800998ecf8427e,"['translations', 'languages', 'SpanishLatinAmerica']",,Spanish - Latin America,espanja - Latinalainen Amerikka
1461,d41d8cd98f00b204e9800998ecf8427e,"['translations', 'languages', 'SpanishSpain']",,Spanish - Spain,espanja - Espanja
1462,d41d8cd98f00b204e9800998ecf8427e,"['translations', 'languages', 'Swedish']",,Swedish,ruotsinkielinen
1463,d41d8cd98f00b204e9800998ecf8427e,"['translations', 'languages', 'Tamil']",,Tamil,tamili
1464,d41d8cd98f00b204e9800998ecf8427e,"['translations', 'languages', 'Thai']",,Thai,thaimaalainen
1465,d41d8cd98f00b204e9800998ecf8427e,"['translations', 'languages', 'Turkish']",,Turkish,turkkilainen
1466,d41d8cd98f00b204e9800998ecf8427e,"['translations', 'languages', 'Ukrainian']",,Ukrainian,ukrainalainen
1467,d41d8cd98f00b204e9800998ecf8427e,"['translations', 'languages', 'Venetian']",,Venetian,venetsialainen
1468,d41d8cd98f00b204e9800998ecf8427e,"['translations', 'languages', 'Vietnamese']",,Vietnamese,vietnam
1469,d41d8cd98f00b204e9800998ecf8427e,"['translations', 'leagueNames', 'Bronze']",,Bronze,Pronssi
1470,d41d8cd98f00b204e9800998ecf8427e,"['translations', 'leagueNames', 'Diamond']",,Diamond,Timantti
1471,d41d8cd98f00b204e9800998ecf8427e,"['translations', 'leagueNames', 'Gold']",,Gold,Kulta
1472,d41d8cd98f00b204e9800998ecf8427e,"['translations', 'leagueNames', 'Silver']",,Silver,Hopea
1473,d41d8cd98f00b204e9800998ecf8427e,"['translations', 'mapsNames', 'Big G']",,Big G,Iso G
1474,d41d8cd98f00b204e9800998ecf8427e,"['translations', 'mapsNames', 'Bridgit']",,Bridgit,Bridgit
1475,d41d8cd98f00b204e9800998ecf8427e,"['translations', 'mapsNames', 'Courtyard']",,Courtyard,Piha
1476,d41d8cd98f00b204e9800998ecf8427e,"['translations', 'mapsNames', 'Crag Castle']",,Crag Castle,Cragin linna
1477,d41d8cd98f00b204e9800998ecf8427e,"['translations', 'mapsNames', 'Doom Shroom']",,Doom Shroom,Doom Shroom
1478,d41d8cd98f00b204e9800998ecf8427e,"['translations', 'mapsNames', 'Football Stadium']",,Football Stadium,Jalkapallostadion
1479,d41d8cd98f00b204e9800998ecf8427e,"['translations', 'mapsNames', 'Happy Thoughts']",,Happy Thoughts,Onnellisia Ajatuksia
1480,d41d8cd98f00b204e9800998ecf8427e,"['translations', 'mapsNames', 'Hockey Stadium']",,Hockey Stadium,Jääkiekkostadion
1481,d41d8cd98f00b204e9800998ecf8427e,"['translations', 'mapsNames', 'Lake Frigid']",Name of a new map which is a frozen lake; feel free to use whatever is a good name for a frozen lake..,Lake Frigid,Kylmäjärvi
1482,d41d8cd98f00b204e9800998ecf8427e,"['translations', 'mapsNames', 'Monkey Face']",,Monkey Face,Apinan kasvot
1483,d41d8cd98f00b204e9800998ecf8427e,"['translations', 'mapsNames', 'Rampage']",,Rampage,Riehua
1484,d41d8cd98f00b204e9800998ecf8427e,"['translations', 'mapsNames', 'Roundabout']",,Roundabout,Liikenneympyrä
1485,d41d8cd98f00b204e9800998ecf8427e,"['translations', 'mapsNames', 'Step Right Up']",,Step Right Up,Astu oikealle ylös
1486,d41d8cd98f00b204e9800998ecf8427e,"['translations', 'mapsNames', 'The Pad']",,The Pad,Pad
1487,d41d8cd98f00b204e9800998ecf8427e,"['translations', 'mapsNames', 'Tip Top']",,Tip Top,Tip Top
1488,d41d8cd98f00b204e9800998ecf8427e,"['translations', 'mapsNames', 'Tower D']",,Tower D,Torni D
1489,d41d8cd98f00b204e9800998ecf8427e,"['translations', 'mapsNames', 'Zigzag']",,Zigzag,Siksak
1490,d41d8cd98f00b204e9800998ecf8427e,"['translations', 'playlistNames', 'Just Epic']",name of a playlist containing only epic-mode (slow motion) games,Just Epic,Pelkkää eeppistä
1491,d41d8cd98f00b204e9800998ecf8427e,"['translations', 'playlistNames', 'Just Sports']","name of a playlist containing only sports games (hockey, football)",Just Sports,Pelkkää urheilua
1492,d41d8cd98f00b204e9800998ecf8427e,"['translations', 'scoreNames', 'Flags']",,Flags,Liput
1493,d41d8cd98f00b204e9800998ecf8427e,"['translations', 'scoreNames', 'Goals']",,Goals,Maalit
1494,d41d8cd98f00b204e9800998ecf8427e,"['translations', 'scoreNames', 'Score']",,Score,Pisteet
1495,d41d8cd98f00b204e9800998ecf8427e,"['translations', 'scoreNames', 'Survived']",,Survived,Selviytyi
1496,d41d8cd98f00b204e9800998ecf8427e,"['translations', 'scoreNames', 'Time']",,Time,Aika
1497,d41d8cd98f00b204e9800998ecf8427e,"['translations', 'scoreNames', 'Time Held']",,Time Held,Aika pidetty
1498,d41d8cd98f00b204e9800998ecf8427e,"['translations', 'serverResponses', 'A code has already been used on this account.']",error printed by the server when a player tries to use a code but has already used another one of the same type,A code has already been used on this account.,Tällä tilillä on jo käytetty koodi.
1499,d41d8cd98f00b204e9800998ecf8427e,"['translations', 'serverResponses', 'A reward has already been given for that address.']",error message shown when multiple friend codes are used at the same IP address - in that case a reward is not handed out (attempting to stop exploits),A reward has already been given for that address.,Tästä osoitteesta on jo myönnetty palkinto.
1500,d41d8cd98f00b204e9800998ecf8427e,"['translations', 'serverResponses', 'Account linking successful!']",,Account linking successful!,Tilin yhdistäminen onnistui!
1501,d41d8cd98f00b204e9800998ecf8427e,"['translations', 'serverResponses', 'Account unlinking successful!']",printed when an account is successfully unlinked from the current one,Account unlinking successful!,Tilin linkityksen poistaminen onnistui!
1502,d41d8cd98f00b204e9800998ecf8427e,"['translations', 'serverResponses', 'Accounts are already linked.']",,Accounts are already linked.,Tilit on jo linkitetty.
1503,d41d8cd98f00b204e9800998ecf8427e,"['translations', 'serverResponses', 'Ad view could not be verified.\nPlease be sure you are running an official and up-to-date version of the game.']",,"Ad view could not be verified.
Please be sure you are running an official and up-to-date version of the game.","Mainosnäkymää ei voitu vahvistaa.
Varmista, että käytät virallista ja ajan tasalla olevaa versiota pelistä."
1504,d41d8cd98f00b204e9800998ecf8427e,"['translations', 'serverResponses', 'An error has occurred.']",,An error has occurred.,Tapahtui virhe.
1505,d41d8cd98f00b204e9800998ecf8427e,"['translations', 'serverResponses', 'An error has occurred; (${ERROR})']",Printed when some generic error occurs. ${ERROR} is replaced with a brief description of the error.,An error has occurred; (${ERROR}),Tapahtui virhe; (${ERROR})
1506,d41d8cd98f00b204e9800998ecf8427e,"['translations', 'serverResponses', 'An error has occurred; please contact support. (${ERROR})']",Printed when a serious error occurs that support should know about. ${ERROR} is replaced with a brief description of the error.,An error has occurred; please contact support. (${ERROR}),Tapahtui virhe; ota yhteyttä tukeen. (${ERROR})
1507,d41d8cd98f00b204e9800998ecf8427e,"['translations', 'serverResponses', 'An error has occurred; please contact support@froemling.net.']",,An error has occurred; please contact support@froemling.net.,Tapahtui virhe; ota yhteyttä support@froemling.net.
1508,d41d8cd98f00b204e9800998ecf8427e,"['translations', 'serverResponses', 'An error has occurred; please try again later.']",,An error has occurred; please try again later.,Tapahtui virhe; yritä myöhemmin uudelleen.
1509,d41d8cd98f00b204e9800998ecf8427e,"['translations', 'serverResponses', 'Are you sure you want to link these accounts?\n\n${ACCOUNT1}\n${ACCOUNT2}\n\nThis cannot be undone!']","Shown in a confirmation dialog when linking accounts, just to make sure the user wants to go through with it","Are you sure you want to link these accounts?

${ACCOUNT1}
${ACCOUNT2}

This cannot be undone!","Haluatko varmasti linkittää nämä tilit?

${ACCOUNT1}
${ACCOUNT2}

Tätä ei voi kumota!"
1510,d41d8cd98f00b204e9800998ecf8427e,"['translations', 'serverResponses', 'BombSquad Pro unlocked!']","Shown when purchasing or otherwise unlocking ""BombSquad Pro"".",BombSquad Pro unlocked!,BombSquad Pro avattu!
1511,d41d8cd98f00b204e9800998ecf8427e,"['translations', 'serverResponses', ""Can't link 2 accounts of this type.""]",,Can't link 2 accounts of this type.,Kahta tämäntyyppistä tiliä ei voi linkittää.
1512,d41d8cd98f00b204e9800998ecf8427e,"['translations', 'serverResponses', ""Can't link 2 diamond league accounts.""]",,Can't link 2 diamond league accounts.,Ei voi linkittää kahta Diamond League -tiliä.
1513,d41d8cd98f00b204e9800998ecf8427e,"['translations', 'serverResponses', ""Can't link; would surpass maximum of ${COUNT} linked accounts.""]",,Can't link; would surpass maximum of ${COUNT} linked accounts.,Ei voi linkittää; ylittäisi enintään ${COUNT} linkitettyä tiliä.
1514,d41d8cd98f00b204e9800998ecf8427e,"['translations', 'serverResponses', 'Cheating detected; scores and prizes suspended for ${COUNT} days.']",Message sent to a player caught cheating.,Cheating detected; scores and prizes suspended for ${COUNT} days.,Huijaus havaittu; tulokset ja palkinnot keskeytetty ${COUNT} päiväksi.
1515,d41d8cd98f00b204e9800998ecf8427e,"['translations', 'serverResponses', 'Could not establish a secure connection.']",,Could not establish a secure connection.,Suojattua yhteyttä ei voitu muodostaa.
1516,d41d8cd98f00b204e9800998ecf8427e,"['translations', 'serverResponses', 'Daily maximum reached.']","Printed when something has been done as much as it can be done in one day (requesting friend codes, etc.)",Daily maximum reached.,Päivittäinen maksimi saavutettu.
1517,d41d8cd98f00b204e9800998ecf8427e,"['translations', 'serverResponses', 'Daily sign-in reward']","Title of inbox message granting a reward for signing into the game once per day
Context Image: http://files.froemling.net/translateGuideImages/dailyReward.png",Daily sign-in reward,Päivittäinen kirjautumispalkinto
1518,d41d8cd98f00b204e9800998ecf8427e,"['translations', 'serverResponses', 'Down for maintenance - check back soon.']",,Down for maintenance - check back soon.,Huollon vuoksi – tarkista pian uudelleen.
1519,d41d8cd98f00b204e9800998ecf8427e,"['translations', 'serverResponses', 'Entering tournament...']",message shown while entering a tournement,Entering tournament...,Turnaukseen osallistuminen...
1520,d41d8cd98f00b204e9800998ecf8427e,"['translations', 'serverResponses', 'Error talking to server.']",,Error talking to server.,Virhe palvelimelle puhumisessa.
1521,d41d8cd98f00b204e9800998ecf8427e,"['translations', 'serverResponses', 'Invalid code.']",Error message printed by the server when some sort of code (friend code or otherwise) is incorrect,Invalid code.,Virheellinen koodi.
1522,d41d8cd98f00b204e9800998ecf8427e,"['translations', 'serverResponses', 'Invalid payment; purchase canceled.']",Error message shown when someone is attempting to hack the purchase system,Invalid payment; purchase canceled.,Virheellinen maksu; ostos peruttu.
1523,d41d8cd98f00b204e9800998ecf8427e,"['translations', 'serverResponses', 'Invalid promo code.']",a message printed if an invalid promo code is entered,Invalid promo code.,Virheellinen tarjouskoodi.
1524,d41d8cd98f00b204e9800998ecf8427e,"['translations', 'serverResponses', 'Invalid purchase.']",a message printed if an error occurs during purchasing (this shouldn't happen normally),Invalid purchase.,Virheellinen ostos.
1525,d41d8cd98f00b204e9800998ecf8427e,"['translations', 'serverResponses', 'Invalid tournament entry; score will be ignored.']",,Invalid tournament entry; score will be ignored.,Virheellinen pääsy turnaukseen; pisteet jätetään huomioimatta.
1526,d41d8cd98f00b204e9800998ecf8427e,"['translations', 'serverResponses', 'Item unlocked!']",Generic message when a code or some action unlocks a character/map/etc.,Item unlocked!,Kohteen lukitus avattu!
1527,d41d8cd98f00b204e9800998ecf8427e,"['translations', 'serverResponses', 'Link account ${ACCOUNT} to this account?\nAll existing data on ${ACCOUNT} will be lost.\nThis can not be undone.  Are you sure?']",,"Link account ${ACCOUNT} to this account?
All existing data on ${ACCOUNT} will be lost.
This can not be undone.  Are you sure?","Linkitetäänkö tili ${ACCOUNT} tähän tiliin?
Kaikki ${ACCOUNT}:n nykyiset tiedot menetetään.
Tätä ei voi kumota.  Oletko varma?"
1528,d41d8cd98f00b204e9800998ecf8427e,"['translations', 'serverResponses', ""LINKING DENIED. ${ACCOUNT} contains\nsignificant data that would ALL BE LOST.\nYou can link in the opposite order if you'd like\n(and lose THIS account's data instead)""]",An error printed when a user tries to do an account linking that would result in them losing the more valuable of the two accounts.  This is generally an accident.,"LINKING DENIED. ${ACCOUNT} contains
significant data that would ALL BE LOST.
You can link in the opposite order if you'd like
(and lose THIS account's data instead)","LINKITTÄMINEN KIELLETTY. ${ACCOUNT} sisältää
merkittävää dataa, joka KAIKKI ON MENETETTY.
Voit halutessasi linkittää päinvastaisessa järjestyksessä
(ja menettää sen sijaan TÄMÄN tilin tiedot)"
1529,d41d8cd98f00b204e9800998ecf8427e,"['translations', 'serverResponses', 'Longer streaks lead to better rewards.']","Tells the user that signing in multiple days in a row leads to better rewards.
Context Image: http://files.froemling.net/translateGuideImages/dailyReward.png",Longer streaks lead to better rewards.,Pidemmät sarjat johtavat parempiin palkintoihin.
1530,d41d8cd98f00b204e9800998ecf8427e,"['translations', 'serverResponses', 'Max number of playlists reached.']",,Max number of playlists reached.,Soittolistojen enimmäismäärä saavutettu.
1531,d41d8cd98f00b204e9800998ecf8427e,"['translations', 'serverResponses', 'Max number of profiles reached.']",,Max number of profiles reached.,Profiilien enimmäismäärä saavutettu.
1532,d41d8cd98f00b204e9800998ecf8427e,"['translations', 'serverResponses', 'Maximum friend code rewards reached.']",Shown if too many friend codes generated from one account get used (the user gets no more ticket rewards beyond that point),Maximum friend code rewards reached.,Ystäväkoodipalkkioiden enimmäismäärä saavutettu.
1533,d41d8cd98f00b204e9800998ecf8427e,"['translations', 'serverResponses', 'Message is too long.']",,Message is too long.,Viesti on liian pitkä.
1534,d41d8cd98f00b204e9800998ecf8427e,"['translations', 'serverResponses', 'New tournament result!']",Message shown when a new tournament result inbox message arrives.,New tournament result!,Uusi turnaustulos!
1535,d41d8cd98f00b204e9800998ecf8427e,"['translations', 'serverResponses', 'No servers are available. Please try again soon.']",,No servers are available. Please try again soon.,Palvelimia ei ole saatavilla. Yritä pian uudelleen.
1536,d41d8cd98f00b204e9800998ecf8427e,"['translations', 'serverResponses', 'No slots available. Free a slot and try again.']","Error message shown when all chest slots are full, preventing another chest from being added.
Context Image: http://files.froemling.net/translateGuideImages/noslots.png",No slots available. Free a slot and try again.,Ei paikkoja saatavilla. Vapauta paikka ja yritä uudelleen.
1537,d41d8cd98f00b204e9800998ecf8427e,"['translations', 'serverResponses', 'Profile ""${NAME}"" upgraded successfully.']",printed when a local player profile is successfully upgraded to a global one,"Profile ""${NAME}"" upgraded successfully.","Profiili ""${NAME}"" päivitetty onnistuneesti."
1538,d41d8cd98f00b204e9800998ecf8427e,"['translations', 'serverResponses', 'Profile could not be upgraded.']",printed if there is a problem upgrading a local profile to a global one,Profile could not be upgraded.,Profiilia ei voitu päivittää.
1539,d41d8cd98f00b204e9800998ecf8427e,"['translations', 'serverResponses', 'Purchase successful!']",,Purchase successful!,Osto onnistui!
1540,d41d8cd98f00b204e9800998ecf8427e,"['translations', 'serverResponses', 'Received ${COUNT} tickets for signing in.\nCome back tomorrow to receive ${TOMORROW_COUNT}.']",,"Received ${COUNT} tickets for signing in.
Come back tomorrow to receive ${TOMORROW_COUNT}.","Vastaanotettu ${COUNT} lippua sisäänkirjautumiseen.
Tule takaisin huomenna vastaanottamaan ${TOMORROW_COUNT}."
1541,d41d8cd98f00b204e9800998ecf8427e,"['translations', 'serverResponses', 'Server functionality is no longer supported in this version of the game;\nPlease update to a newer version.']",,"Server functionality is no longer supported in this version of the game;
Please update to a newer version.","Palvelintoimintoja ei enää tueta tässä pelin versiossa.
Päivitä uudempaan versioon."
1542,d41d8cd98f00b204e9800998ecf8427e,"['translations', 'serverResponses', 'Sorry, there are no uses remaining on this code.']",message printed when trying to use a code that has already reached its maximum use count,"Sorry, there are no uses remaining on this code.",Valitettavasti tälle koodille ei ole enää käyttöä.
1543,d41d8cd98f00b204e9800998ecf8427e,"['translations', 'serverResponses', 'Sorry, this code has already been used.']",Error printed when a submitted code has already been used.,"Sorry, this code has already been used.",Valitettavasti tämä koodi on jo käytetty.
1544,d41d8cd98f00b204e9800998ecf8427e,"['translations', 'serverResponses', 'Sorry, this code has expired.']",Error printed when a submitted code has expired.,"Sorry, this code has expired.",Valitettavasti tämä koodi on vanhentunut.
1545,d41d8cd98f00b204e9800998ecf8427e,"['translations', 'serverResponses', 'Sorry, this code only works for new accounts.']",Error when someone tries to use a new-user code on an account that is not new.,"Sorry, this code only works for new accounts.",Valitettavasti tämä koodi toimii vain uusille tileille.
1546,d41d8cd98f00b204e9800998ecf8427e,"['translations', 'serverResponses', 'Sorry, this has expired.']",,"Sorry, this has expired.","Anteeksi, tämä on vanhentunut."
1547,d41d8cd98f00b204e9800998ecf8427e,"['translations', 'serverResponses', 'Still searching for nearby servers; please try again soon.']",,Still searching for nearby servers; please try again soon.,Etsitään edelleen lähellä olevia palvelimia; yritä pian uudelleen.
1548,d41d8cd98f00b204e9800998ecf8427e,"['translations', 'serverResponses', 'Streak: ${NUM} days']","Shows the user how many days their sign-in reward streak is.
Context Image: http://files.froemling.net/translateGuideImages/dailyReward.png",Streak: ${NUM} days,Putki: ${NUM} päivää
1549,d41d8cd98f00b204e9800998ecf8427e,"['translations', 'serverResponses', 'Temporarily unavailable; please try again later.']",printed when some functionality is temporarily disabled for some reason,Temporarily unavailable; please try again later.,Tilapäisesti poissa käytöstä; yritä myöhemmin uudelleen.
1550,d41d8cd98f00b204e9800998ecf8427e,"['translations', 'serverResponses', 'The tournament ended before you finished.']",message shown if a score is submitted after a tournament ends,The tournament ended before you finished.,Turnaus päättyi ennen kuin lopetit.
1551,d41d8cd98f00b204e9800998ecf8427e,"['translations', 'serverResponses', 'There is nothing here.']",,There is nothing here.,Täällä ei ole mitään.
1552,d41d8cd98f00b204e9800998ecf8427e,"['translations', 'serverResponses', 'This account cannot be unlinked for ${NUM} days.']",,This account cannot be unlinked for ${NUM} days.,Tämän tilin yhteyttä ei voi poistaa ${NUM} päivään.
1553,d41d8cd98f00b204e9800998ecf8427e,"['translations', 'serverResponses', 'This code cannot be used on the account that created it.']",error printed by the server if a player tries to use a friend-code they generated themselves,This code cannot be used on the account that created it.,"Tätä koodia ei voi käyttää tilillä, jolla se on luotu."
1554,d41d8cd98f00b204e9800998ecf8427e,"['translations', 'serverResponses', 'This is currently unavailable; please try again later.']",,This is currently unavailable; please try again later.,Tämä ei ole tällä hetkellä saatavilla; yritä myöhemmin uudelleen.
1555,d41d8cd98f00b204e9800998ecf8427e,"['translations', 'serverResponses', 'This requires version ${VERSION} or newer.']",message shown if something is unavailable in the current version of the game,This requires version ${VERSION} or newer.,Tämä vaatii version ${VERSION} tai uudemman.
1556,d41d8cd98f00b204e9800998ecf8427e,"['translations', 'serverResponses', 'Tournaments disabled due to rooted device.']",,Tournaments disabled due to rooted device.,Turnaukset poistettu käytöstä rootatun laitteen takia.
1557,d41d8cd98f00b204e9800998ecf8427e,"['translations', 'serverResponses', 'Tournaments require ${VERSION} or newer']",error message shown when tournaments are disabled due to an out-of-date version of the game being used,Tournaments require ${VERSION} or newer,Turnaukset vaativat ${VERSION} tai uudemman
1558,d41d8cd98f00b204e9800998ecf8427e,"['translations', 'serverResponses', 'Under construction - check back soon.']",,Under construction - check back soon.,Rakenteilla – tarkista pian uudelleen.
1559,d41d8cd98f00b204e9800998ecf8427e,"['translations', 'serverResponses', 'Unlink ${ACCOUNT} from this account?\nAll data on ${ACCOUNT} will be reset.\n(except for achievements in some cases)']",,"Unlink ${ACCOUNT} from this account?
All data on ${ACCOUNT} will be reset.
(except for achievements in some cases)","Poistetaanko ${ACCOUNT} linkitys tästä tilistä?
Kaikki ${ACCOUNT}:n tiedot nollataan.
(joissakin tapauksissa saavutuksia lukuun ottamatta)"
1560,d41d8cd98f00b204e9800998ecf8427e,"['translations', 'serverResponses', 'Wait reduced!']","Message printed after the player does something (watches an ad, etc) to reduce the wait time to open a chest.
Context Image: http://files.froemling.net/translateGuideImages/reducewait.png",Wait reduced!,Odota vähennetty!
1561,d41d8cd98f00b204e9800998ecf8427e,"['translations', 'serverResponses', 'WARNING: complaints of hacking have been issued against your account.\nAccounts found to be hacking will be banned.  Please play fair.']",,"WARNING: complaints of hacking have been issued against your account.
Accounts found to be hacking will be banned.  Please play fair.","VAROITUS: tiliäsi vastaan ​​on tehty hakkerointivalituksia.
Hakkeroiduiksi havaitut tilit estetään.  Ole hyvä ja pelaa reilusti."
1562,d41d8cd98f00b204e9800998ecf8427e,"['translations', 'serverResponses', 'Warning: This version of the game is limited to old account data; things may appear missing or out of date.\nPlease upgrade to a newer version of the game to see your latest account data.']",,"Warning: This version of the game is limited to old account data; things may appear missing or out of date.
Please upgrade to a newer version of the game to see your latest account data.","Varoitus: Tämä pelin versio on rajoitettu vanhaan tilitietoon; asiat voivat näyttää puuttuvan tai vanhentuneilta.
Päivitä pelin uudempaan versioon nähdäksesi uusimmat tilitietosi."
1563,d41d8cd98f00b204e9800998ecf8427e,"['translations', 'serverResponses', 'Would you like to link your device account to this one?\n\nYour device account is ${ACCOUNT1}\nThis account is ${ACCOUNT2}\n\nThis will allow you to keep your existing progress.\nWarning: this cannot be undone!\n']","Shown if a user has significant progress in a device account and then logs in to a ""real"" one (Google Play, etc) - this offers to link the accounts so they can keep their progress","Would you like to link your device account to this one?

Your device account is ${ACCOUNT1}
This account is ${ACCOUNT2}

This will allow you to keep your existing progress.
Warning: this cannot be undone!
","Haluatko linkittää laitteesi tilisi tähän?

Laitteesi tilisi on ${ACCOUNT1}
Tämä tili on ${ACCOUNT2}

Näin voit säilyttää nykyisen edistymisesi.
Varoitus: tätä ei voi kumota!"
1564,d41d8cd98f00b204e9800998ecf8427e,"['translations', 'serverResponses', 'You already own this!']",a message printed if you try to buy something you already own,You already own this!,Omistat jo tämän!
1565,d41d8cd98f00b204e9800998ecf8427e,"['translations', 'serverResponses', 'You can join in ${COUNT} seconds.']","In some cases the game may prevent players from joining immediately after they just left, etc. (to avoid exploits).  This is the message they see if they try.",You can join in ${COUNT} seconds.,Voit liittyä ${COUNT} sekunnin kuluttua.
1566,d41d8cd98f00b204e9800998ecf8427e,"['translations', 'serverResponses', ""You don't have enough tickets for this!""]",a message printed if you try to buy something you don't have enough tickets to buy.,You don't have enough tickets for this!,Sinulla ei ole tarpeeksi lippuja tähän!
1567,d41d8cd98f00b204e9800998ecf8427e,"['translations', 'serverResponses', ""You don't own that.""]",Error message from the server when someone tries to equip a character/icon/etc that they haven't purchased.,You don't own that.,Et omista sitä.
1568,d41d8cd98f00b204e9800998ecf8427e,"['translations', 'serverResponses', 'You got ${COUNT} tickets!']",,You got ${COUNT} tickets!,Sinulla on ${COUNT} lippua!
1569,d41d8cd98f00b204e9800998ecf8427e,"['translations', 'serverResponses', 'You got ${COUNT} tokens!']",,You got ${COUNT} tokens!,Sinulla on ${COUNT} merkkiä!
1570,d41d8cd98f00b204e9800998ecf8427e,"['translations', 'serverResponses', 'You got a ${ITEM}!']",shown when receiving a random non-ticket item such as a trophy. ${ITEM} will generally be replaced by an icon,You got a ${ITEM}!,Sinulla on ${ITEM}!
1571,d41d8cd98f00b204e9800998ecf8427e,"['translations', 'serverResponses', 'You got a chest!']",,You got a chest!,Sinulla on rintakehä!
1572,d41d8cd98f00b204e9800998ecf8427e,"['translations', 'serverResponses', 'You got an achievement reward!']","For for message notifications about things earned due to completing achievements.
Context Image: http://files.froemling.net/translateGuideImages/achreward.png",You got an achievement reward!,Sait saavutuspalkinnon!
1573,d41d8cd98f00b204e9800998ecf8427e,"['translations', 'serverResponses', 'You have been promoted to a new league; congratulations!']",,You have been promoted to a new league; congratulations!,Sinut on ylennetty uuteen liigaan; onnittelut!
1574,d41d8cd98f00b204e9800998ecf8427e,"['translations', 'serverResponses', 'You lost a chest! (All your chest slots were full)']",,You lost a chest! (All your chest slots were full),Menetit rinnan! (Kaikki rintakehäsi olivat täynnä)
1575,d41d8cd98f00b204e9800998ecf8427e,"['translations', 'serverResponses', 'You must sign in to do this.']",,You must sign in to do this.,Sinun on kirjauduttava sisään tehdäksesi tämän.
1576,d41d8cd98f00b204e9800998ecf8427e,"['translations', 'serverResponses', 'You must update the app to view this.']",,You must update the app to view this.,Sinun on päivitettävä sovellus nähdäksesi tämän.
1577,d41d8cd98f00b204e9800998ecf8427e,"['translations', 'serverResponses', 'You must update to a newer version of the app to do this.']",,You must update to a newer version of the app to do this.,Sinun on päivitettävä sovellus uudempaan versioon tehdäksesi tämän.
1578,d41d8cd98f00b204e9800998ecf8427e,"['translations', 'serverResponses', 'You must update to the newest version of the game to do this.']",,You must update to the newest version of the game to do this.,Sinun on päivitettävä pelin uusimpaan versioon tehdäksesi tämän.
1579,d41d8cd98f00b204e9800998ecf8427e,"['translations', 'serverResponses', 'You must wait a few seconds before entering a new code.']",the server will give you this response if you enter too many codes too fast (to prevent hack attempts),You must wait a few seconds before entering a new code.,Sinun on odotettava muutama sekunti ennen uuden koodin syöttämistä.
1580,d41d8cd98f00b204e9800998ecf8427e,"['translations', 'serverResponses', 'You placed #${RANK} in a tournament!']",,You placed #${RANK} in a tournament!,Sijoitit #${RANK} turnauksessa!
1581,d41d8cd98f00b204e9800998ecf8427e,"['translations', 'serverResponses', 'You ranked #${RANK} in the last tournament. Thanks for playing!']",,You ranked #${RANK} in the last tournament. Thanks for playing!,Sijoituit #${RANK}:lle viime turnauksessa. Kiitos pelaamisesta!
1582,d41d8cd98f00b204e9800998ecf8427e,"['translations', 'serverResponses', 'Your account was rejected. Are you signed in?']",A message shown if a server rejects you due to your account. This can be caused by not being signed in or by having a banned account.,Your account was rejected. Are you signed in?,Tilisi hylättiin. Oletko kirjautunut sisään?
1583,d41d8cd98f00b204e9800998ecf8427e,"['translations', 'serverResponses', 'Your ad views are not registering. Ad options will be limited for a while.']","A warning message shown if the game claims to have watched rewarded ads but the ad server has no record of it. This generally means someone is attempting to hack the game to fake ad views, and will result in the game removing rewarded ad options for a while.",Your ad views are not registering. Ad options will be limited for a while.,Mainosten katselukerrat eivät rekisteröidy. Mainosvaihtoehdot ovat rajoitettuja jonkin aikaa.
1584,d41d8cd98f00b204e9800998ecf8427e,"['translations', 'serverResponses', 'Your copy of the game has been modified.\nPlease revert any changes and try again.']",,"Your copy of the game has been modified.
Please revert any changes and try again.","Pelisi kopiota on muokattu.
Peruuta muutokset ja yritä uudelleen."
1585,d41d8cd98f00b204e9800998ecf8427e,"['translations', 'serverResponses', 'Your friend code was used by ${ACCOUNT}']",message printed when one of your friend-codes gets used by somebody,Your friend code was used by ${ACCOUNT},${ACCOUNT} käytti ystäväkoodiasi
1586,d41d8cd98f00b204e9800998ecf8427e,"['translations', 'settingNames', '1 Minute']",,1 Minute,1 minuutti
1587,d41d8cd98f00b204e9800998ecf8427e,"['translations', 'settingNames', '1 Second']",,1 Second,1 sekunti
1588,d41d8cd98f00b204e9800998ecf8427e,"['translations', 'settingNames', '10 Minutes']",,10 Minutes,10 minuuttia
1589,d41d8cd98f00b204e9800998ecf8427e,"['translations', 'settingNames', '2 Minutes']",,2 Minutes,2 minuuttia
1590,d41d8cd98f00b204e9800998ecf8427e,"['translations', 'settingNames', '2 Seconds']",,2 Seconds,2 sekuntia
1591,d41d8cd98f00b204e9800998ecf8427e,"['translations', 'settingNames', '20 Minutes']",,20 Minutes,20 minuuttia
1592,d41d8cd98f00b204e9800998ecf8427e,"['translations', 'settingNames', '4 Seconds']",,4 Seconds,4 sekuntia
1593,d41d8cd98f00b204e9800998ecf8427e,"['translations', 'settingNames', '5 Minutes']",,5 Minutes,5 minuuttia
1594,d41d8cd98f00b204e9800998ecf8427e,"['translations', 'settingNames', '8 Seconds']",,8 Seconds,8 sekuntia
1595,d41d8cd98f00b204e9800998ecf8427e,"['translations', 'settingNames', 'Allow Negative Scores']",,Allow Negative Scores,Salli negatiiviset pisteet
1596,d41d8cd98f00b204e9800998ecf8427e,"['translations', 'settingNames', 'Balance Total Lives']",an option to give two teams the same number of total lives even if there are different numbers of players on them,Balance Total Lives,Tasapainoa elämiä yhteensä
1597,d41d8cd98f00b204e9800998ecf8427e,"['translations', 'settingNames', 'Bomb Spawning']",name of a control for if or when to randomly spawn bombs on some game types,Bomb Spawning,Pommin kuteminen
1598,d41d8cd98f00b204e9800998ecf8427e,"['translations', 'settingNames', 'Chosen One Gets Gloves']",,Chosen One Gets Gloves,Valittu saa hanskat
1599,d41d8cd98f00b204e9800998ecf8427e,"['translations', 'settingNames', 'Chosen One Gets Shield']",,Chosen One Gets Shield,Valittu saa suojan
1600,d41d8cd98f00b204e9800998ecf8427e,"['translations', 'settingNames', 'Chosen One Time']",,Chosen One Time,Valittu Kerran
1601,d41d8cd98f00b204e9800998ecf8427e,"['translations', 'settingNames', 'Enable Impact Bombs']",,Enable Impact Bombs,Ota Impact Bombs käyttöön
1602,d41d8cd98f00b204e9800998ecf8427e,"['translations', 'settingNames', 'Enable Triple Bombs']",,Enable Triple Bombs,Ota Triple Bombs käyttöön
1603,d41d8cd98f00b204e9800998ecf8427e,"['translations', 'settingNames', 'Entire Team Must Finish']",Option for teams-mode race where the whole team has to cross the finish line to win,Entire Team Must Finish,Koko joukkueen on lopetettava
1604,d41d8cd98f00b204e9800998ecf8427e,"['translations', 'settingNames', 'Epic Mode']",,Epic Mode,Eeppinen tila
1605,d41d8cd98f00b204e9800998ecf8427e,"['translations', 'settingNames', 'Flag Idle Return Time']",,Flag Idle Return Time,Merkitse tyhjäkäynnin paluuaika
1606,d41d8cd98f00b204e9800998ecf8427e,"['translations', 'settingNames', 'Flag Touch Return Time']",,Flag Touch Return Time,Lippu Kosketa Paluuaika
1607,d41d8cd98f00b204e9800998ecf8427e,"['translations', 'settingNames', 'Hold Time']",,Hold Time,Pidä aika
1608,d41d8cd98f00b204e9800998ecf8427e,"['translations', 'settingNames', 'Kills to Win Per Player']",,Kills to Win Per Player,Tappaa voittaakseen pelaajaa kohden
1609,d41d8cd98f00b204e9800998ecf8427e,"['translations', 'settingNames', 'Laps']",laps as in a race,Laps,Kierroksia
1610,d41d8cd98f00b204e9800998ecf8427e,"['translations', 'settingNames', 'Lives Per Player']",,Lives Per Player,Lives per pelaaja
1611,d41d8cd98f00b204e9800998ecf8427e,"['translations', 'settingNames', 'Long']",,Long,Pitkä
1612,d41d8cd98f00b204e9800998ecf8427e,"['translations', 'settingNames', 'Longer']",,Longer,pidempään
1613,d41d8cd98f00b204e9800998ecf8427e,"['translations', 'settingNames', 'Mine Spawning']",,Mine Spawning,Mine Spawning
1614,d41d8cd98f00b204e9800998ecf8427e,"['translations', 'settingNames', 'No Mines']",,No Mines,Ei miinoja
1615,d41d8cd98f00b204e9800998ecf8427e,"['translations', 'settingNames', 'None']",,None,Ei mitään
1616,d41d8cd98f00b204e9800998ecf8427e,"['translations', 'settingNames', 'Normal']",,Normal,Normaali
1617,d41d8cd98f00b204e9800998ecf8427e,"['translations', 'settingNames', 'Pro Mode']","name of an option to enable harder, more ""pro"" features on a mini-game",Pro Mode,Pro-tila
1618,d41d8cd98f00b204e9800998ecf8427e,"['translations', 'settingNames', 'Respawn Times']",,Respawn Times,Respawn Times
1619,d41d8cd98f00b204e9800998ecf8427e,"['translations', 'settingNames', 'Score to Win']",,Score to Win,Pisteet voittoon
1620,d41d8cd98f00b204e9800998ecf8427e,"['translations', 'settingNames', 'Short']",,Short,Lyhyt
1621,d41d8cd98f00b204e9800998ecf8427e,"['translations', 'settingNames', 'Shorter']",,Shorter,Lyhyempi
1622,d41d8cd98f00b204e9800998ecf8427e,"['translations', 'settingNames', 'Solo Mode']",,Solo Mode,Yksinkertainen tila
1623,d41d8cd98f00b204e9800998ecf8427e,"['translations', 'settingNames', 'Target Count']",Controls the number of targets visible at once in the target-practice mini-game,Target Count,Tavoitemäärä
1624,d41d8cd98f00b204e9800998ecf8427e,"['translations', 'settingNames', 'Time Limit']",,Time Limit,Määräaika
1625,d41d8cd98f00b204e9800998ecf8427e,"['translations', 'statements', '${TEAM} is disqualified because ${PLAYER} left']",,${TEAM} is disqualified because ${PLAYER} left,"${TEAM} on hylätty, koska ${PLAYER} lähti"
1626,d41d8cd98f00b204e9800998ecf8427e,"['translations', 'statements', 'Killing ${NAME} for skipping part of the track!']",printed to the screen when killing someone who has skipped part of the track in the race mini-game,Killing ${NAME} for skipping part of the track!,Tappaa ${NAME} kappaleen osan ohittamisesta!
1627,d41d8cd98f00b204e9800998ecf8427e,"['translations', 'statements', 'Warning to ${NAME}:  turbo / button-spamming knocks you out.']",A warning printed when a player is caught using a turbo controller and automatically knocked out because of it.,Warning to ${NAME}:  turbo / button-spamming knocks you out.,Varoitus ${NAME}: turbo / painikkeiden roskaposti tyrmää sinut.
1628,d41d8cd98f00b204e9800998ecf8427e,"['translations', 'teamNames', 'Bad Guys']",,Bad Guys,Pahat kaverit
1629,d41d8cd98f00b204e9800998ecf8427e,"['translations', 'teamNames', 'Blue']",,Blue,Sininen
1630,d41d8cd98f00b204e9800998ecf8427e,"['translations', 'teamNames', 'Good Guys']",,Good Guys,Hyvät kaverit
1631,d41d8cd98f00b204e9800998ecf8427e,"['translations', 'teamNames', 'Red']",,Red,Punainen
1632,d41d8cd98f00b204e9800998ecf8427e,"['translations', 'tips', 'A perfectly timed running-jumping-spin-punch can kill in a single hit\nand earn you lifelong respect from your friends.']",,"A perfectly timed running-jumping-spin-punch can kill in a single hit
and earn you lifelong respect from your friends.","Täydellisesti ajoitettu juoksu-hyppy-pyöritys-lyönti voi tappaa yhdellä osumalla
ja ansaitset elinikäisen kunnioituksen ystäviltäsi."
1633,d41d8cd98f00b204e9800998ecf8427e,"['translations', 'tips', 'Always remember to floss.']",just a joke,Always remember to floss.,Muista aina käyttää hammaslankaa.
1634,d41d8cd98f00b204e9800998ecf8427e,"['translations', 'tips', 'Create player profiles for yourself and your friends with\nyour preferred names and appearances instead of using random ones.']",,"Create player profiles for yourself and your friends with
your preferred names and appearances instead of using random ones.","Luo pelaajaprofiileja itsellesi ja ystävillesi
haluamasi nimet ja ulkoasut satunnaisten nimien sijaan."
1635,d41d8cd98f00b204e9800998ecf8427e,"['translations', 'tips', 'Curse boxes turn you into a ticking time bomb.\nThe only cure is to quickly grab a health-pack.']",,"Curse boxes turn you into a ticking time bomb.
The only cure is to quickly grab a health-pack.","Kirouslaatikot tekevät sinusta tikittävän aikapommin.
Ainoa parannuskeino on nopeasti napata terveyspakkaus."
1636,d41d8cd98f00b204e9800998ecf8427e,"['translations', 'tips', ""Despite their looks, all characters' abilities are identical,\nso just pick whichever one you most closely resemble.""]",,"Despite their looks, all characters' abilities are identical,
so just pick whichever one you most closely resemble.","Ulkonäöstään huolimatta kaikkien hahmojen kyvyt ovat samat,
joten valitse vain se, jota muistutat eniten."
1637,d41d8cd98f00b204e9800998ecf8427e,"['translations', 'tips', ""Don't get too cocky with that energy shield; you can still get yourself thrown off a cliff.""]",,Don't get too cocky with that energy shield; you can still get yourself thrown off a cliff.,Älä ole liian ylimielinen tuon energiakilven kanssa; voit silti saada itsesi alas kalliolta.
1638,d41d8cd98f00b204e9800998ecf8427e,"['translations', 'tips', ""Don't run all the time.  Really.  You will fall off cliffs.""]",,Don't run all the time.  Really.  You will fall off cliffs.,Älä juokse koko ajan.  Todella.  Pudotat kallioilta.
1639,d41d8cd98f00b204e9800998ecf8427e,"['translations', 'tips', ""Don't spin for too long; you'll become dizzy and fall.""]","Tip for a new ""dizzy"" feature being added soon to prevent players from just spinning constantly",Don't spin for too long; you'll become dizzy and fall.,Älä pyöritä liian kauan; sinua huimaa ja putoat.
1640,d41d8cd98f00b204e9800998ecf8427e,"['translations', 'tips', 'Hold any button to run.  (Trigger buttons work well if you have them)']",,Hold any button to run.  (Trigger buttons work well if you have them),"Pidä mitä tahansa painiketta painettuna ajaaksesi.  (Liipaisupainikkeet toimivat hyvin, jos sinulla on niitä)"
1641,d41d8cd98f00b204e9800998ecf8427e,"['translations', 'tips', ""Hold down any button to run. You'll get places faster\nbut won't turn very well, so watch out for cliffs.""]",,"Hold down any button to run. You'll get places faster
but won't turn very well, so watch out for cliffs.","Pidä mitä tahansa painiketta painettuna käynnistääksesi. Saat paikkoja nopeammin
mutta ei käänny kovin hyvin, joten varo kallioita."
1642,d41d8cd98f00b204e9800998ecf8427e,"['translations', 'tips', 'Ice bombs are not very powerful, but they freeze\nwhoever they hit, leaving them vulnerable to shattering.']",,"Ice bombs are not very powerful, but they freeze
whoever they hit, leaving them vulnerable to shattering.","Jääpommit eivät ole kovin tehokkaita, mutta ne jäätyvät
ketä he iskevät, jättäen heidät alttiiksi särkymiselle."
1643,d41d8cd98f00b204e9800998ecf8427e,"['translations', 'tips', ""If someone picks you up, punch them and they'll let go.\nThis works in real life too.""]",,"If someone picks you up, punch them and they'll let go.
This works in real life too.","Jos joku poimii sinut, lyö häntä ja he päästävät irti.
Tämä toimii myös tosielämässä."
1644,d41d8cd98f00b204e9800998ecf8427e,"['translations', 'tips', ""If you are short on controllers, install the '${REMOTE_APP_NAME}' app\non your mobile devices to use them as controllers.""]",,"If you are short on controllers, install the '${REMOTE_APP_NAME}' app
on your mobile devices to use them as controllers.","Jos sinulla on pulaa ohjaimista, asenna sovellus ${REMOTE_APP_NAME}
mobiililaitteillasi käyttääksesi niitä ohjaimina."
1645,d41d8cd98f00b204e9800998ecf8427e,"['translations', 'tips', 'If you get a sticky-bomb stuck to you, jump around and spin in circles. You might\nshake the bomb off, or if nothing else your last moments will be entertaining.']",,"If you get a sticky-bomb stuck to you, jump around and spin in circles. You might
shake the bomb off, or if nothing else your last moments will be entertaining.","Jos saat tarttuvan pommin kiinni sinuun, hyppää ympäriinsä ja pyöri ympyröitä. Saatat
ravista pommi pois, tai jos ei muuta, viimeiset hetkesi ovat viihdyttäviä."
1646,d41d8cd98f00b204e9800998ecf8427e,"['translations', 'tips', 'If you kill an enemy in one hit you get double points for it.']",,If you kill an enemy in one hit you get double points for it.,"Jos tapat vihollisen yhdellä osumalla, saat siitä kaksinkertaisen pisteen."
1647,d41d8cd98f00b204e9800998ecf8427e,"['translations', 'tips', 'If you pick up a curse, your only hope for survival is to\nfind a health powerup in the next few seconds.']",,"If you pick up a curse, your only hope for survival is to
find a health powerup in the next few seconds.","Jos otat kirouksen, ainoa toivosi selviytyä on
löydä terveystehoa muutaman sekunnin sisällä."
1648,d41d8cd98f00b204e9800998ecf8427e,"['translations', 'tips', ""If you stay in one place, you're toast. Run and dodge to survive..""]",,"If you stay in one place, you're toast. Run and dodge to survive..","Jos pysyt yhdessä paikassa, olet paahtoleipä. Juokse ja väistä selvitäksesi.."
1649,d41d8cd98f00b204e9800998ecf8427e,"['translations', 'tips', ""If you've got lots of players coming and going, turn on 'auto-kick-idle-players'\nunder settings in case anyone forgets to leave the game.""]",,"If you've got lots of players coming and going, turn on 'auto-kick-idle-players'
under settings in case anyone forgets to leave the game.","Jos sinulla on paljon pelaajia tulossa ja menossa, ota käyttöön ""auto-kick-idle-players""
asetuksista siltä varalta, että joku unohtaa poistua pelistä."
1650,d41d8cd98f00b204e9800998ecf8427e,"['translations', 'tips', 'If your device gets too warm or you\'d like to conserve battery power,\nturn down ""Visuals"" or ""Resolution"" in Settings->Graphics']",,"If your device gets too warm or you'd like to conserve battery power,
turn down ""Visuals"" or ""Resolution"" in Settings->Graphics","Jos laitteesi lämpenee liikaa tai haluat säästää akkuvirtaa,
laita ""Visuals"" tai ""Resolution"" pois päältä kohdassa Asetukset->Grafiikka"
1651,d41d8cd98f00b204e9800998ecf8427e,"['translations', 'tips', ""If your framerate is choppy, try turning down resolution\nor visuals in the game's graphics settings.""]",,"If your framerate is choppy, try turning down resolution
or visuals in the game's graphics settings.","Jos kuvataajuus on epätasainen, yritä pienentää resoluutiota
tai visuaalisesti pelin grafiikka-asetuksissa."
1652,d41d8cd98f00b204e9800998ecf8427e,"['translations', 'tips', 'In Capture-the-Flag, your own flag must be at your base to score, If the other\nteam is about to score, stealing their flag can be a good way to stop them.']",,"In Capture-the-Flag, your own flag must be at your base to score, If the other
team is about to score, stealing their flag can be a good way to stop them.","Capture-the-Flagissa oman lippusi on oltava tukikohdassasi tehdäksesi maalin, jos toinen
joukkue on tekemässä maalin, heidän lipun varastaminen voi olla hyvä tapa pysäyttää heidät."
1653,d41d8cd98f00b204e9800998ecf8427e,"['translations', 'tips', ""In hockey, you'll maintain more speed if you turn gradually.""]",,"In hockey, you'll maintain more speed if you turn gradually.","Jääkiekossa nopeus pysyy suurempana, jos käännät vähitellen."
1654,d41d8cd98f00b204e9800998ecf8427e,"['translations', 'tips', ""It's easier to win with a friend or two helping.""]",,It's easier to win with a friend or two helping.,"On helpompi voittaa, kun ystävä tai kaksi auttaa."
1655,d41d8cd98f00b204e9800998ecf8427e,"['translations', 'tips', ""Jump just as you're throwing to get bombs up to the highest levels.""]",,Jump just as you're throwing to get bombs up to the highest levels.,Hyppää samalla tavalla kuin heität saadaksesi pommeja korkeimmalle tasolle.
1656,d41d8cd98f00b204e9800998ecf8427e,"['translations', 'tips', 'Land-mines are a good way to stop speedy enemies.']",,Land-mines are a good way to stop speedy enemies.,Maamiinat ovat hyvä tapa pysäyttää nopeat viholliset.
1657,d41d8cd98f00b204e9800998ecf8427e,"['translations', 'tips', 'Many things can be picked up and thrown, including other players.  Tossing\nyour enemies off cliffs can be an effective and emotionally fulfilling strategy.']",,"Many things can be picked up and thrown, including other players.  Tossing
your enemies off cliffs can be an effective and emotionally fulfilling strategy.","Monia asioita voidaan poimia ja heittää, mukaan lukien muut pelaajat.  Heittää
vihollisesi kallioilla voivat olla tehokas ja emotionaalisesti tyydyttävä strategia."
1658,d41d8cd98f00b204e9800998ecf8427e,"['translations', 'tips', ""No, you can't get up on the ledge. You have to throw bombs.""]",,"No, you can't get up on the ledge. You have to throw bombs.","Ei, et voi nousta reunalle. Sinun täytyy heittää pommeja."
1659,d41d8cd98f00b204e9800998ecf8427e,"['translations', 'tips', 'Players can join and leave in the middle of most games,\nand you can also plug and unplug controllers on the fly.']",,"Players can join and leave in the middle of most games,
and you can also plug and unplug controllers on the fly.","Pelaajat voivat liittyä ja lähteä useimpien pelien keskellä,
ja voit myös kytkeä ja irrottaa ohjaimia lennossa."
1660,d41d8cd98f00b204e9800998ecf8427e,"['translations', 'tips', 'Practice using your momentum to throw bombs more accurately.']",,Practice using your momentum to throw bombs more accurately.,Harjoittele käyttämään vauhtiasi heittämään pommeja tarkemmin.
1661,d41d8cd98f00b204e9800998ecf8427e,"['translations', 'tips', 'Punches do more damage the faster your fists are moving,\nso try running, jumping, and spinning like crazy.']",,"Punches do more damage the faster your fists are moving,
so try running, jumping, and spinning like crazy.","Iskut tekevät enemmän vahinkoa mitä nopeammin nyrkkisi liikkuvat,
joten yritä juosta, hypätä ja pyöriä hulluna."
1662,d41d8cd98f00b204e9800998ecf8427e,"['translations', 'tips', ""Run back and forth before throwing a bomb\nto 'whiplash' it and throw it farther.""]",,"Run back and forth before throwing a bomb
to 'whiplash' it and throw it farther.","Juokse edestakaisin ennen pommin heittämistä
""piiskaamaan"" sitä ja heittämään sitä kauemmas."
1663,d41d8cd98f00b204e9800998ecf8427e,"['translations', 'tips', 'Take out a group of enemies by\nsetting off a bomb near a TNT box.']",,"Take out a group of enemies by
setting off a bomb near a TNT box.","Poista joukko vihollisia ohi
pommin laukaiseminen lähellä TNT-laatikkoa."
1664,d41d8cd98f00b204e9800998ecf8427e,"['translations', 'tips', 'The head is the most vulnerable area, so a sticky-bomb\nto the noggin usually means game-over.']",,"The head is the most vulnerable area, so a sticky-bomb
to the noggin usually means game-over.","Pää on haavoittuvin alue, joten tahmea pommi
to the noggin tarkoittaa yleensä pelin loppua."
1665,d41d8cd98f00b204e9800998ecf8427e,"['translations', 'tips', 'This level never ends, but a high score here\nwill earn you eternal respect throughout the world.']",,"This level never ends, but a high score here
will earn you eternal respect throughout the world.","Tämä taso ei lopu koskaan, mutta korkea pistemäärä täällä
ansaitsee sinulle ikuisen kunnioituksen kaikkialla maailmassa."
1666,d41d8cd98f00b204e9800998ecf8427e,"['translations', 'tips', ""Throw strength is based on the direction you are holding.\nTo toss something gently in front of you, don't hold any direction.""]",,"Throw strength is based on the direction you are holding.
To toss something gently in front of you, don't hold any direction.","Heittovoima perustuu siihen suuntaan, jossa pidät.
Jos haluat heittää jotain varovasti edessäsi, älä pidä mitään suuntaa."
1667,d41d8cd98f00b204e9800998ecf8427e,"['translations', 'tips', 'Tired of the soundtrack?  Replace it with your own!\nSee Settings->Audio->Soundtrack']",,"Tired of the soundtrack?  Replace it with your own!
See Settings->Audio->Soundtrack","Oletko kyllästynyt soundtrackiin?  Korvaa se omallasi!
Katso Asetukset->Ääni->Ääniraita"
1668,d41d8cd98f00b204e9800998ecf8427e,"['translations', 'tips', ""Try 'Cooking off' bombs for a second or two before throwing them.""]",,Try 'Cooking off' bombs for a second or two before throwing them.,"Kokeile ""keittää pois"" pommeja sekunti tai kaksi ennen kuin heität ne."
1669,d41d8cd98f00b204e9800998ecf8427e,"['translations', 'tips', 'Try tricking enemies into killing eachother or running off cliffs.']",,Try tricking enemies into killing eachother or running off cliffs.,Yritä huijata viholliset tappamaan toisiaan tai juoksemaan kallioilta.
1670,d41d8cd98f00b204e9800998ecf8427e,"['translations', 'tips', 'Use the pick-up button to grab the flag < ${PICKUP} >']",,Use the pick-up button to grab the flag < ${PICKUP} >,Tartu lippuun < ${PICKUP} > noutopainikkeella
1671,d41d8cd98f00b204e9800998ecf8427e,"['translations', 'tips', 'Whip back and forth to get more distance on your throws..']",,Whip back and forth to get more distance on your throws..,Piiskaa edestakaisin saadaksesi enemmän etäisyyttä heitoissasi.
1672,d41d8cd98f00b204e9800998ecf8427e,"['translations', 'tips', ""You can 'aim' your punches by spinning left or right.\nThis is useful for knocking bad guys off edges or scoring in hockey.""]",,"You can 'aim' your punches by spinning left or right.
This is useful for knocking bad guys off edges or scoring in hockey.","Voit ""kohdistaa"" lyöntejäsi pyörittämällä vasemmalle tai oikealle.
Tämä on hyödyllistä pudottaessa pahiksia reunoista tai tehtäessä maaleja jääkiekossa."
1673,d41d8cd98f00b204e9800998ecf8427e,"['translations', 'tips', 'You can judge when a bomb is going to explode based on the\ncolor of sparks from its fuse:  yellow..orange..red..BOOM.']",,"You can judge when a bomb is going to explode based on the
color of sparks from its fuse:  yellow..orange..red..BOOM.","Voit arvioida, milloin pommi räjähtää sen perusteella
sen sulakkeen kipinöiden väri: keltainen..oranssi..punainen..BOOM."
1674,d41d8cd98f00b204e9800998ecf8427e,"['translations', 'tips', 'You can throw bombs higher if you jump just before throwing.']",,You can throw bombs higher if you jump just before throwing.,"Voit heittää pommeja korkeammalle, jos hyppäät juuri ennen heittämistä."
1675,d41d8cd98f00b204e9800998ecf8427e,"['translations', 'tips', 'You take damage when you whack your head on things,\nso try to not whack your head on things.']",,"You take damage when you whack your head on things,
so try to not whack your head on things.","Teet vahinkoa, kun lyöt päätäsi asioihin,
joten yritä olla lyömättä päätäsi asioihin."
1676,d41d8cd98f00b204e9800998ecf8427e,"['translations', 'tips', 'Your punches do much more damage if you are running or spinning.']",,Your punches do much more damage if you are running or spinning.,"Lyöksesi aiheuttavat paljon enemmän vahinkoa, jos juokset tai pyörit."
1677,d41d8cd98f00b204e9800998ecf8427e,['trophiesRequiredText'],Message when something (such as a party) requires some number of trophies to enter/etc.,This requires at least ${NUMBER} trophies.,Tämä vaatii vähintään ${NUMBER} palkintoa.
1678,d41d8cd98f00b204e9800998ecf8427e,['trophiesText'],"name for trophies won during tournaments
Context Image: http://files.froemling.net/translateGuideImages/powerRanking.png",Trophies,Palkinnot
1679,d41d8cd98f00b204e9800998ecf8427e,['trophiesThisSeasonText'],label for a section showing all trophies earned so far in the current season,Trophies This Season,Tämän kauden palkinnot
1680,d41d8cd98f00b204e9800998ecf8427e,"['tutorial', 'cpuBenchmarkText']",info printed when running CPU benchmark,Running tutorial at ludicrous-speed (primarily tests CPU speed),Opetusohjelman suorittaminen naurettavalla nopeudella (testaa ensisijaisesti suorittimen nopeutta)
1681,d41d8cd98f00b204e9800998ecf8427e,"['tutorial', 'phrase01Text']",,Hi there!,Hei!
1682,d41d8cd98f00b204e9800998ecf8427e,"['tutorial', 'phrase02Text']",,Welcome to ${APP_NAME}!,Tervetuloa ${APP_NAME}:een!
1683,d41d8cd98f00b204e9800998ecf8427e,"['tutorial', 'phrase03Text']",,Here's a few tips for controlling your character:,Tässä on muutamia vinkkejä hahmosi hallitsemiseen:
1684,d41d8cd98f00b204e9800998ecf8427e,"['tutorial', 'phrase04Text']",,Many things in ${APP_NAME} are PHYSICS based.,Monet ${APP_NAME}:n asiat perustuvat FYSIIKSIIN.
1685,d41d8cd98f00b204e9800998ecf8427e,"['tutorial', 'phrase05Text']",,"For example, when you punch,..",Esimerkiksi kun lyö...
1686,d41d8cd98f00b204e9800998ecf8427e,"['tutorial', 'phrase06Text']",,..damage is based on the speed of your fists.,..vauriot perustuvat nyrkkisi nopeuteen.
1687,d41d8cd98f00b204e9800998ecf8427e,"['tutorial', 'phrase07Text']",,"See? We weren't moving, so that barely hurt ${NAME}.","Näetkö? Emme liikkuneet, joten se tuskin sattui ${NAME}."
1688,d41d8cd98f00b204e9800998ecf8427e,"['tutorial', 'phrase08Text']",,Now let's jump and spin to get more speed.,Nyt hypätään ja pyöritetään saadaksesi lisää nopeutta.
1689,d41d8cd98f00b204e9800998ecf8427e,"['tutorial', 'phrase09Text']",,"Ah, that's better.","Ah, se on parempi."
1690,d41d8cd98f00b204e9800998ecf8427e,"['tutorial', 'phrase10Text']",,Running helps too.,Juokseminenkin auttaa.
1691,d41d8cd98f00b204e9800998ecf8427e,"['tutorial', 'phrase11Text']",,Hold down ANY button to run.,Pidä mitä tahansa painiketta painettuna käynnistääksesi.
1692,d41d8cd98f00b204e9800998ecf8427e,"['tutorial', 'phrase12Text']",,"For extra-awesome punches, try running AND spinning.",Kokeile juoksua JA pyörimistä saadaksesi erittäin mahtavia lyöntejä.
1693,d41d8cd98f00b204e9800998ecf8427e,"['tutorial', 'phrase13Text']",,Whoops; sorry 'bout that ${NAME}.,Oho; pahoittelut siitä ${NAME}.
1694,d41d8cd98f00b204e9800998ecf8427e,"['tutorial', 'phrase14Text']",,You can pick up and throw things such as flags.. or ${NAME}.,"Voit poimia ja heittää asioita, kuten lippuja... tai ${NAME}."
1695,d41d8cd98f00b204e9800998ecf8427e,"['tutorial', 'phrase15Text']",,"Lastly, there's bombs.",Lopuksi pommeja.
1696,d41d8cd98f00b204e9800998ecf8427e,"['tutorial', 'phrase16Text']",,Throwing bombs takes practice.,Pommien heittäminen vaatii harjoittelua.
1697,d41d8cd98f00b204e9800998ecf8427e,"['tutorial', 'phrase17Text']",,Ouch! Not a very good throw.,Auts! Ei kovin hyvä heitto.
1698,d41d8cd98f00b204e9800998ecf8427e,"['tutorial', 'phrase18Text']",,Moving helps you throw farther.,Liikkuminen auttaa sinua heittämään kauemmaksi.
1699,d41d8cd98f00b204e9800998ecf8427e,"['tutorial', 'phrase19Text']",,Jumping helps you throw higher.,Hyppääminen auttaa sinua heittämään korkeammalle.
1700,d41d8cd98f00b204e9800998ecf8427e,"['tutorial', 'phrase20Text']",,"""Whiplash"" your bombs for even longer throws.","""piiskaa"" pommejasi vielä pidempiä heittoja varten."
1701,d41d8cd98f00b204e9800998ecf8427e,"['tutorial', 'phrase21Text']",,Timing your bombs can be tricky.,Pommien ajoitus voi olla hankalaa.
1702,d41d8cd98f00b204e9800998ecf8427e,"['tutorial', 'phrase22Text']",Said in the tutorial after a bomb throw misses.,Dang.,Voi harmi.
1703,d41d8cd98f00b204e9800998ecf8427e,"['tutorial', 'phrase23Text']",,"Try ""cooking off"" the fuse for a second or two.","Kokeile ""kypsentää"" sulaketta sekunti tai kaksi."
1704,d41d8cd98f00b204e9800998ecf8427e,"['tutorial', 'phrase24Text']",,Hooray! Nicely cooked.,Hurraa! Hienosti kypsennetty.
1705,d41d8cd98f00b204e9800998ecf8427e,"['tutorial', 'phrase25Text']",,"Well, that's just about it.","No, se on vain siitä."
1706,d41d8cd98f00b204e9800998ecf8427e,"['tutorial', 'phrase26Text']",,"Now go get 'em, tiger!","Mene nyt hakemaan ne, tiikeri!"
1707,d41d8cd98f00b204e9800998ecf8427e,"['tutorial', 'phrase27Text']","this is just meant as a generic ""go-get-'em!"" statement (its actually a quote from the movie ""Starship Troopers"") - feel free to substitute any similar sort of statement.","Remember your training, and you WILL come back alive!","Muista harjoittelusi, niin tulet takaisin elossa!"
1708,d41d8cd98f00b204e9800998ecf8427e,"['tutorial', 'phrase28Text']",,"...well, maybe...",...no ehkä...
1709,d41d8cd98f00b204e9800998ecf8427e,"['tutorial', 'phrase29Text']",,Good luck!,Onnea!
1710,d41d8cd98f00b204e9800998ecf8427e,"['tutorial', 'randomName1Text']",This is just a random name used for one of the guys in the tutorial. Feel free to substitute any common name in your language.,Fred,Fred
1711,d41d8cd98f00b204e9800998ecf8427e,"['tutorial', 'randomName2Text']",This is just a random name used for one of the guys in the tutorial. Feel free to substitute any common name in your language.,Harry,Harry
1712,d41d8cd98f00b204e9800998ecf8427e,"['tutorial', 'randomName3Text']",This is just a random name used for one of the guys in the tutorial. Feel free to substitute any common name in your language.,Bill,Laskuttaa
1713,d41d8cd98f00b204e9800998ecf8427e,"['tutorial', 'randomName4Text']",This is just a random name used for one of the guys in the tutorial. Feel free to substitute any common name in your language.,Chuck,Heittää
1714,d41d8cd98f00b204e9800998ecf8427e,"['tutorial', 'randomName5Text']",This is just a random name used for one of the guys in the tutorial. Feel free to substitute any common name in your language.,Phil,Phil
1715,d41d8cd98f00b204e9800998ecf8427e,"['tutorial', 'skipConfirmText']",a confirmation message that prints when you press a button in the tutorial to skip it,Really skip the tutorial? Tap or press to confirm.,Haluatko todellakin ohittaa opetusohjelman? Vahvista napauttamalla tai painamalla.
1716,d41d8cd98f00b204e9800998ecf8427e,"['tutorial', 'skippingText']",shown when enough votes have been cast to skip the tutorial,skipping tutorial...,ohitetaan opetusohjelma...
1717,d41d8cd98f00b204e9800998ecf8427e,"['tutorial', 'skipVoteCountText']","a tally of how many votes have been cast to skip the tutorial (ie: ""4/5 skip votes"")",${COUNT}/${TOTAL} skip votes,${COUNT}/${TOTAL} ohita äänet
1718,d41d8cd98f00b204e9800998ecf8427e,"['tutorial', 'toSkipPressAnythingText']",a message telling the user that they can press anything on the touchscreen/keyboard/gamepad to skip the tutorial,(tap or press anything to skip tutorial),(napauta tai paina mitä tahansa ohittaaksesi opetusohjelman)
1719,d41d8cd98f00b204e9800998ecf8427e,['twoKillText'],shown after getting 2 kills in a row,DOUBLE KILL!,KAKSOINTAPA!
1720,d41d8cd98f00b204e9800998ecf8427e,['uiScaleText'],,UI Scale,Käyttöliittymän asteikko
1721,d41d8cd98f00b204e9800998ecf8427e,['unavailableText'],,unavailable,ei ole saatavilla
1722,d41d8cd98f00b204e9800998ecf8427e,['unclaimedPrizesText'],Shown by the inbox when there are prizes to claim in it that may expire/etc.,You have unclaimed prizes!,Sinulla on lunastamattomia palkintoja!
1723,d41d8cd98f00b204e9800998ecf8427e,['unconfiguredControllerDetectedText'],,Unconfigured controller detected:,Määrittämätön ohjain havaittu:
1724,d41d8cd98f00b204e9800998ecf8427e,['unlockThisInTheStoreText'],an error message for maps/mini-games/etc that need to be unlocked in the store before being used,This must be unlocked in the store.,Tämä on avattava kaupassa.
1725,d41d8cd98f00b204e9800998ecf8427e,['unlockThisProfilesText'],Message that pops up when trying to create too many player profiles telling that you need BombSquad Pro for that,"To create more than ${NUM} profiles, you need:","Jos haluat luoda enemmän kuin ${NUM} profiilia, tarvitset:"
1726,d41d8cd98f00b204e9800998ecf8427e,['unlockThisText'],label for a window showing what needs to be unlocked to play a certain mini-game or playlist,"To unlock this, you need:",Tämän lukituksen avaamiseksi tarvitset:
1727,d41d8cd98f00b204e9800998ecf8427e,['unsupportedControllerText'],,"Sorry, controller ""${NAME}"" is not supported.","Valitettavasti ohjainta ""${NAME}"" ei tueta."
1728,d41d8cd98f00b204e9800998ecf8427e,['unsupportedHardwareText'],"Shown on the OUYA version of the game if running on non-ouya hardware, etc.","Sorry, this hardware is not supported by this build of the game.",Valitettavasti tämä pelin versio ei tue tätä laitteistoa.
1729,d41d8cd98f00b204e9800998ecf8427e,['updatingAccountText'],"A message shown onscreen while making changes to your account (adding tickets, buying things, etc.)",Updating your account...,Päivitetään tiliäsi...
1730,d41d8cd98f00b204e9800998ecf8427e,['upFirstText'],label when showing the first game to start a series,Up first:,Ensin ylös:
1731,d41d8cd98f00b204e9800998ecf8427e,['upgradeText'],label for a button to upgrade some item to something better,Upgrade,Päivitä
1732,d41d8cd98f00b204e9800998ecf8427e,['upgradeToPlayText'],,"Unlock ""${PRO}"" in the in-game store to play this.","Avaa ""${PRO}"" pelin sisäisessä kaupassa pelataksesi tätä."
1733,d41d8cd98f00b204e9800998ecf8427e,['upNextText'],label when showing the next game in a series,Up next in game ${COUNT}:,Seuraavaksi pelissä ${COUNT}:
1734,d41d8cd98f00b204e9800998ecf8427e,['useDefaultText'],text for a button that sets some setting back to the default value,Use Default,Käytä oletusarvoa
1735,d41d8cd98f00b204e9800998ecf8427e,['userSystemScriptsCreateText'],,Create User System Scripts,Luo käyttäjän järjestelmäkomentosarjat
1736,d41d8cd98f00b204e9800998ecf8427e,['userSystemScriptsDeleteText'],,Delete User System Scripts,Poista käyttäjän järjestelmäkomentosarjat
1737,d41d8cd98f00b204e9800998ecf8427e,['usesExternalControllerText'],,This game uses an external controller for input.,Tämä peli käyttää ulkoista ohjainta syöttämiseen.
1738,d41d8cd98f00b204e9800998ecf8427e,['usingItunesText'],Shown when launching the Music app (used to be iTunes),Using Music App for soundtrack...,Musiikkisovelluksen käyttäminen ääniraitaan...
1739,d41d8cd98f00b204e9800998ecf8427e,['v2AccountLinkingInfoText'],,"To link V2 accounts, use the 'Manage Account' button.",Voit linkittää V2-tilejä käyttämällä Hallinnoi tiliä -painiketta.
1740,d41d8cd98f00b204e9800998ecf8427e,['v2AccountRequiredText'],,This requires a V2 account. Upgrade your account and try again.,Tämä vaatii V2-tilin. Päivitä tilisi ja yritä uudelleen.
1741,d41d8cd98f00b204e9800998ecf8427e,['validatingTestBuildText'],prints while a test-build is being validated via the internet,Validating Test Build...,Vahvistetaan testiversiota...
1742,d41d8cd98f00b204e9800998ecf8427e,['viaText'],"Used when signed in to a V2 account using Google Play Games, Game Center, Steam, etc. Shows the name of the account being used to sign in, which might not match the V2 account's name.
Context Image: http://files.froemling.net/translateGuideImages/via.png",via,kautta
1743,d41d8cd98f00b204e9800998ecf8427e,['victoryText'],when a team wins,Victory!,Voitto!
1744,d41d8cd98f00b204e9800998ecf8427e,['votedAlreadyText'],Error message shown if a user tries to vote more than once,You already voted,Olet jo äänestänyt
1745,d41d8cd98f00b204e9800998ecf8427e,['voteDelayText'],"Message when you try to start another vote (kick vote, etc) too soon after the last one.",You can't start another vote for ${NUMBER} seconds,Et voi aloittaa uutta äänestystä ${NUMBER} sekuntiin
1746,d41d8cd98f00b204e9800998ecf8427e,['voteInProgressText'],"Error message when trying to start a vote (for kicking a player, etc) when one is already in progress.",A vote is already in progress.,Äänestys on jo käynnissä.
1747,d41d8cd98f00b204e9800998ecf8427e,['votesNeededText'],"Label showing how many votes are needed for some action (kicking a player, etc)",${NUMBER} votes needed,${NUMBER} ääntä tarvitaan
1748,d41d8cd98f00b204e9800998ecf8427e,['vsText'],"used in games for stuff like ""Name1 vs. Name2""",vs.,vs.
1749,d41d8cd98f00b204e9800998ecf8427e,['waitingForHostText'],a message shown between rounds to clients who are waiting for the party-host to poke a restart/next-level/menu button,(waiting for ${HOST} to continue),"(odotetaan, että ${HOST} jatkaa)"
1750,d41d8cd98f00b204e9800998ecf8427e,['waitingForPlayersText'],shown in game joining-screen while waiting for players to join,waiting for players to join...,odottaa pelaajien liittymistä...
1751,d41d8cd98f00b204e9800998ecf8427e,['waitingInLineText'],Message shown when waiting in line to join a party (parties will be gaining the option to let people wait in line to join instead of just being rejected immediately),Waiting in line (party is full)...,Jonossa odotus (juhlat täynnä)...
1752,d41d8cd98f00b204e9800998ecf8427e,['watchAnAdText'],,Watch an Ad,Katso mainos
1753,d41d8cd98f00b204e9800998ecf8427e,['watchAVideoText'],Label for a button to watch a video (generally with some reward such as tournament entry),Watch a Video,Katso video
1754,d41d8cd98f00b204e9800998ecf8427e,"['watchWindow', 'deleteConfirmText']","confirmation message when deleting a replay
Context Image: http://files.froemling.net/translateGuideImages/watch.png","Delete ""${REPLAY}""?","Poistetaanko ""${REPLAY}""?"
1755,d41d8cd98f00b204e9800998ecf8427e,"['watchWindow', 'deleteReplayButtonText']","label for the button to delete a replay
Context Image: http://files.froemling.net/translateGuideImages/watch.png","Delete
Replay","Poista
Toista"
1756,d41d8cd98f00b204e9800998ecf8427e,"['watchWindow', 'myReplaysText']","name of the tab in the ""Watch"" window showing your replays
Context Image: http://files.froemling.net/translateGuideImages/watch.png",My Replays,Omat toistoni
1757,d41d8cd98f00b204e9800998ecf8427e,"['watchWindow', 'noReplaySelectedErrorText']","error shown in the ""Watch"" window if you press any button with no replay selected
Context Image: http://files.froemling.net/translateGuideImages/watch.png",No Replay Selected,Toistoa ei ole valittu
1758,d41d8cd98f00b204e9800998ecf8427e,"['watchWindow', 'playbackSpeedText']","During replays, shows how fast playback is progressing",Playback Speed: ${SPEED},Toistonopeus: ${SPEED}
1759,d41d8cd98f00b204e9800998ecf8427e,"['watchWindow', 'renameReplayButtonText']","label for the button to rename a replay
Context Image: http://files.froemling.net/translateGuideImages/watch.png","Rename
Replay","Nimeä uudelleen
Toista"
1760,d41d8cd98f00b204e9800998ecf8427e,"['watchWindow', 'renameReplayText']","description shown in the ""rename replay"" dialog
Context Image: http://files.froemling.net/translateGuideImages/replayRename.png","Rename ""${REPLAY}"" to:","Nimeä ""${REPLAY}"" uudelleen muotoon:"
1761,d41d8cd98f00b204e9800998ecf8427e,"['watchWindow', 'renameText']","label for the button to rename a replay
Context Image: http://files.froemling.net/translateGuideImages/replayRename.png",Rename,Nimeä uudelleen
1762,d41d8cd98f00b204e9800998ecf8427e,"['watchWindow', 'replayDeleteErrorText']","generic error message shown when a replay cannot be deleted
Context Image: http://files.froemling.net/translateGuideImages/watch.png",Error deleting replay.,Virhe toiston poistamisessa.
1763,d41d8cd98f00b204e9800998ecf8427e,"['watchWindow', 'replayNameText']","description shown for the replay-rename text box when using an on-screen keyboard.
Context Image: http://files.froemling.net/translateGuideImages/replayRename.png",Replay Name,Toiston nimi
1764,d41d8cd98f00b204e9800998ecf8427e,"['watchWindow', 'replayRenameErrorAlreadyExistsText']","error shown if attempting to rename a replay to a file that already exists
Context Image: http://files.froemling.net/translateGuideImages/replayRename.png",A replay with that name already exists.,Toisto tällä nimellä on jo olemassa.
1765,d41d8cd98f00b204e9800998ecf8427e,"['watchWindow', 'replayRenameErrorInvalidName']","error shown if attempting to rename a replay to a name with invalid characters in it
Context Image: http://files.froemling.net/translateGuideImages/replayRename.png",Can't rename replay; invalid name.,Toistoa ei voi nimetä uudelleen; virheellinen nimi.
1766,d41d8cd98f00b204e9800998ecf8427e,"['watchWindow', 'replayRenameErrorText']","generic error message shown when a replay cannot be renamed
Context Image: http://files.froemling.net/translateGuideImages/replayRename.png",Error renaming replay.,Virhe uudelleennimeämisessä.
1767,d41d8cd98f00b204e9800998ecf8427e,"['watchWindow', 'sharedReplaysText']","name of a tab for replays shared with friends/etc (not implemented yet)
Context Image: http://files.froemling.net/translateGuideImages/watch.png",Shared Replays,Jaetut toistot
1768,d41d8cd98f00b204e9800998ecf8427e,"['watchWindow', 'titleText']","title for the UI for watching replays, live online games, etc
Context Image: http://files.froemling.net/translateGuideImages/mainMenu.png",Watch,Katsella
1769,d41d8cd98f00b204e9800998ecf8427e,"['watchWindow', 'watchReplayButtonText']","label for the button to watch a replay
Context Image: http://files.froemling.net/translateGuideImages/watch.png","Watch
Replay","Katso
Toista"
1770,d41d8cd98f00b204e9800998ecf8427e,['waveText'],"as in ""a wave of enemies"" - generally used in co-op games",Wave,Aalto
1771,d41d8cd98f00b204e9800998ecf8427e,['wellSureText'],"alternative for ""ok"" on a button",Well Sure!,No tottakai!
1772,d41d8cd98f00b204e9800998ecf8427e,['whatIsThisText'],Label on a button that describes something in the UI.,What is this?,Mikä tämä on?
1773,d41d8cd98f00b204e9800998ecf8427e,['winsPlayerText'],"when a player wins a round - ""Bob Wins!""",${NAME} Wins!,${NAME} voittoa!
1774,d41d8cd98f00b204e9800998ecf8427e,['winsTeamText'],"when a team wins a round - ""Red Wins!""",${NAME} Wins!,${NAME} voittoa!
1775,d41d8cd98f00b204e9800998ecf8427e,['winsText'],deprecated - fill out winsSingularText and winsPluralText instead,${NAME} Wins!,${NAME} voittoa!
1776,d41d8cd98f00b204e9800998ecf8427e,['workspaceSyncErrorText'],,Error syncing ${WORKSPACE}. See log for details.,Virhe synkronoitaessa ${WORKSPACE}. Katso lisätietoja lokista.
1777,d41d8cd98f00b204e9800998ecf8427e,['workspaceSyncReuseText'],,Can't sync ${WORKSPACE}. Reusing previous synced version.,Ei voida synkronoida ${WORKSPACE}. Edellisen synkronoidun version uudelleenkäyttö.
1778,d41d8cd98f00b204e9800998ecf8427e,['worldsBestScoresText'],,World's Best Scores,Maailman parhaat pisteet
1779,d41d8cd98f00b204e9800998ecf8427e,['worldsBestTimesText'],,World's Best Times,Maailman parhaat ajat
1780,d41d8cd98f00b204e9800998ecf8427e,['worldScoresUnavailableText'],,World scores unavailable.,Maailmantuloksia ei ole saatavilla.
1781,1d78e3bf0aff97045c1cdb5fbfdd1150,['yesAllowText'],,"Yes, Allow!","Kyllä, hyväksy!"
1782,2ebb817fa70d49283485830828f66d3a,['yourBestScoresText'],,Your Best Scores,Parhaat pisteesi
1783,6f9423ed4f8a80839e59a7bbb5251b12,['yourBestTimesText'],,Your Best Times,Parhaat aikasi
1784,d41d8cd98f00b204e9800998ecf8427e,['yourPrizeText'],"Heading above a prize you got for something.
Context Image: http://files.froemling.net/translateGuideImages/tourneynote.png",Your prize:,Sinun palkintosi:
